name,tier,crystal_addr,⊢,⊣,>,<,⋈,⊤,∈,∋,⊙,⊥,⊞,⊡
psychedelic_baseline,O_1,97920,-2.00,-2.00,-2.00,0.00,-1.00,2.00,-1.00,-2.00,-2.00,-2.00,-1.00,-2.00
ordinary_metal,O_1,98164,-2.00,-2.00,-2.00,0.00,-1.00,2.00,-1.00,-1.00,-2.00,-2.00,0.00,-2.00
dark_matter,O_1,8762884,1.00,-2.00,-2.00,0.00,1.00,0.00,1.00,-2.00,-2.00,-2.00,0.00,-2.00
dark_sector_meet,O_1,8762884,1.00,-2.00,-2.00,0.00,1.00,0.00,1.00,-2.00,-2.00,-2.00,0.00,-2.00
hadron_gauge_meet,O_1,126724,-2.00,-2.00,-2.00,0.00,1.00,2.00,-1.00,-2.00,-2.00,-2.00,0.00,-2.00
universal_particle_meet,O_1,126724,-2.00,-2.00,-2.00,0.00,1.00,2.00,-1.00,-2.00,-2.00,-2.00,0.00,-2.00
one_way_speed_measurement,O_1,11111532,1.00,0.00,2.00,0.00,-1.00,1.00,-1.00,1.00,-2.00,-1.00,-1.00,-2.00
structural_baseline,O_0,12480,-2.00,-2.00,-2.00,-2.00,-1.00,2.00,0.00,-2.00,-2.00,-2.00,-1.00,-2.00
structural_baseline_wave,O_1,97920,-2.00,-2.00,-2.00,0.00,-1.00,2.00,-1.00,-2.00,-2.00,-2.00,-1.00,-2.00
calculus_baseline,O_1,97920,-2.00,-2.00,-2.00,0.00,-1.00,2.00,-1.00,-2.00,-2.00,-2.00,-1.00,-2.00
pre_transition_state,O_0,2817664,-2.00,1.00,-1.00,-2.00,-1.00,1.00,0.00,-2.00,-1.00,-1.00,0.00,-2.00
post_transition_state,O_0,17012961,2.00,2.00,1.00,1.00,1.00,0.00,-1.00,2.00,-1.00,1.00,1.00,-1.00
hormone_replacement_therapy,O_0,4863908,-1.00,-2.00,1.00,0.00,0.00,1.00,1.00,1.00,-1.00,-1.00,1.00,-2.00
optimal_biochemical_approach,O_0,17012961,2.00,2.00,1.00,1.00,1.00,0.00,-1.00,2.00,-1.00,1.00,1.00,-1.00
teratoma,O_0,228920,-2.00,-2.00,-1.00,-2.00,-1.00,2.00,0.00,-1.00,2.00,-2.00,1.00,-2.00
extended_human_life,O_0,17012238,2.00,2.00,1.00,1.00,1.00,0.00,-1.00,-2.00,-1.00,1.00,0.00,1.00
quark,O_0,2849280,-2.00,1.00,-1.00,-2.00,1.00,2.00,0.00,-2.00,-2.00,-2.00,-1.00,-2.00
lepton,O_0,2849280,-2.00,1.00,-1.00,-2.00,1.00,2.00,0.00,-2.00,-2.00,-2.00,-1.00,-2.00
photon,O_0,9372058,1.00,-2.00,2.00,-1.00,1.00,2.00,-1.00,1.00,-1.00,-2.00,1.00,1.00
w_boson,O_0,9201168,1.00,-2.00,1.00,0.00,1.00,2.00,1.00,1.00,-1.00,-2.00,-1.00,-2.00
z_boson,O_0,9244368,1.00,-2.00,1.00,1.00,1.00,2.00,1.00,1.00,-1.00,-2.00,-1.00,-2.00
higgs_boson,O_0,6647829,-1.00,0.00,1.00,1.00,1.00,1.00,-1.00,2.00,-1.00,-1.00,1.00,-1.00
inflaton,O_0,17012965,2.00,2.00,1.00,1.00,1.00,0.00,-1.00,2.00,-1.00,2.00,-1.00,-1.00
magnetic_monopole,O_0,11761970,1.00,1.00,1.00,0.00,-1.00,2.00,-1.00,-2.00,-1.00,-2.00,-1.00,1.00
sterile_neutrino,O_0,2844480,-2.00,1.00,-1.00,-2.00,1.00,0.00,1.00,-2.00,-2.00,-2.00,-1.00,-2.00
gluon,O_0,9242448,1.00,-2.00,1.00,1.00,1.00,2.00,-1.00,1.00,-1.00,-2.00,-1.00,-2.00
graviton,O_0,17012930,2.00,2.00,1.00,1.00,1.00,0.00,-1.00,2.00,-1.00,-2.00,-1.00,1.00
dark_energy,O_0,17012965,2.00,2.00,1.00,1.00,1.00,0.00,-1.00,2.00,-1.00,2.00,-1.00,-1.00
wimp,O_0,2844480,-2.00,1.00,-1.00,-2.00,1.00,0.00,1.00,-2.00,-2.00,-2.00,-1.00,-2.00
neutrino,O_0,2849280,-2.00,1.00,-1.00,-2.00,1.00,2.00,0.00,-2.00,-2.00,-2.00,-1.00,-2.00
biological_senescence,O_0,223228,-2.00,-2.00,-1.00,-2.00,-1.00,0.00,0.00,1.00,-2.00,1.00,0.00,-2.00
anti_senescence,O_0,17017970,2.00,2.00,1.00,1.00,1.00,2.00,-1.00,-2.00,-1.00,-2.00,-1.00,1.00
senolytic_therapy,O_0,228976,-2.00,-2.00,-1.00,-2.00,-1.00,2.00,0.00,1.00,-2.00,-1.00,0.00,-2.00
cryonic_preservation,O_0,2811877,-2.00,1.00,-1.00,-2.00,-1.00,-1.00,0.00,-2.00,-2.00,2.00,-1.00,-1.00
quantum_biological_immortality,O_0,17017970,2.00,2.00,1.00,1.00,1.00,2.00,-1.00,-2.00,-1.00,-2.00,-1.00,1.00
michael_levin_research,O_0,13501277,2.00,-2.00,1.00,0.00,0.00,0.00,1.00,2.00,-1.00,1.00,0.00,-1.00
ferromagnetism,O_0,745025,-2.00,-2.00,2.00,0.00,-1.00,1.00,1.00,-2.00,-1.00,-1.00,0.00,-1.00
antiferromagnetism,O_0,744065,-2.00,-2.00,2.00,0.00,-1.00,1.00,0.00,-2.00,-1.00,-1.00,0.00,-1.00
ferrimagnetism,O_0,745029,-2.00,-2.00,2.00,0.00,-1.00,1.00,1.00,-2.00,-1.00,-1.00,1.00,-1.00
paramagnetism,O_1,746884,-2.00,-2.00,2.00,0.00,-1.00,2.00,0.00,-2.00,-2.00,-2.00,0.00,-2.00
diamagnetism,O_1,746884,-2.00,-2.00,2.00,0.00,-1.00,2.00,0.00,-2.00,-2.00,-2.00,0.00,-2.00
spin_glass,O_0,654940,-2.00,-2.00,2.00,-2.00,-1.00,0.00,0.00,-2.00,2.00,1.00,0.00,-2.00
skyrmion,O_0,5076550,-1.00,-2.00,2.00,0.00,0.00,0.00,1.00,-2.00,-1.00,-1.00,1.00,1.00
standard_proof_system,O_1,7270080,-1.00,1.00,-1.00,1.00,-1.00,2.00,0.00,-2.00,-2.00,-2.00,-1.00,-2.00
hodge_conjecture,O_0,16638344,2.00,2.00,-1.00,-2.00,-1.00,0.00,-1.00,1.00,0.00,-2.00,1.00,-2.00
p_vs_np,O_0,2928,-2.00,-2.00,-2.00,-2.00,-1.00,-1.00,-1.00,-2.00,-1.00,-2.00,-1.00,-2.00
navier_stokes,O_0,9080708,1.00,-2.00,1.00,-2.00,-1.00,1.00,-1.00,-2.00,-1.00,-1.00,1.00,-2.00
penrose_black_hole,O_0,17015854,2.00,2.00,1.00,1.00,1.00,1.00,-1.00,2.00,-1.00,2.00,1.00,1.00
topological_critical_material,O_0,17015853,2.00,2.00,1.00,1.00,1.00,1.00,-1.00,2.00,-1.00,2.00,1.00,-1.00
quantum_hall_critical,O_0,17015854,2.00,2.00,1.00,1.00,1.00,1.00,-1.00,2.00,-1.00,2.00,1.00,1.00
penrose_material_imscription,O_0,17015854,2.00,2.00,1.00,1.00,1.00,1.00,-1.00,2.00,-1.00,2.00,1.00,1.00
relational_existence,O_0,9095824,1.00,-2.00,1.00,-2.00,0.00,1.00,-1.00,2.00,-1.00,-1.00,0.00,-2.00
extradimensional_entity,O_inf,16580398,2.00,2.00,-2.00,1.00,1.00,0.00,-1.00,-2.00,2.00,2.00,1.00,1.00
extrauniversal_entity,O_0,11452320,1.00,1.00,-1.00,-2.00,-1.00,-1.00,0.00,1.00,-2.00,-2.00,-1.00,-2.00
maximal_system,O_inf,17229118,2.00,2.00,2.00,1.00,1.00,0.00,-1.00,2.00,2.00,2.00,1.00,1.00
dark_energy_inflaton_meet,O_0,17012965,2.00,2.00,1.00,1.00,1.00,0.00,-1.00,2.00,-1.00,2.00,-1.00,-1.00
de_inf_join,O_0,17012973,2.00,2.00,1.00,1.00,1.00,0.00,-1.00,2.00,-1.00,2.00,1.00,-1.00
triple_join_de_inf_ax,O_0,17228974,2.00,2.00,2.00,1.00,1.00,0.00,-1.00,2.00,-1.00,2.00,1.00,1.00
quad_join_de_inf_ax_higgs,O_0,17228974,2.00,2.00,2.00,1.00,1.00,0.00,-1.00,2.00,-1.00,2.00,1.00,1.00
all_five_join,O_0,17228974,2.00,2.00,2.00,1.00,1.00,0.00,-1.00,2.00,-1.00,2.00,1.00,1.00
omg_particle,O_0,9112992,1.00,-2.00,1.00,-2.00,1.00,2.00,-1.00,1.00,2.00,-2.00,-1.00,-2.00
wow_signal,O_0,9300288,1.00,-2.00,2.00,-2.00,-1.00,2.00,-1.00,2.00,-1.00,-2.00,-1.00,-2.00
dark_matter_generic,O_0,2844484,-2.00,1.00,-1.00,-2.00,1.00,0.00,1.00,-2.00,-2.00,-2.00,0.00,-2.00
six_meet_de_inf_ax_higgs_grav_dm,O_0,1983360,-2.00,0.00,-1.00,-2.00,1.00,1.00,1.00,-2.00,-2.00,-2.00,-1.00,-2.00
seven_meet_de_inf_ax_higgs_grav_dm_omg,O_0,258240,-2.00,-2.00,-1.00,-2.00,1.00,2.00,1.00,-2.00,-2.00,-2.00,-1.00,-2.00
eight_meet_de_inf_ax_higgs_grav_dm_omg_wow,O_0,229440,-2.00,-2.00,-1.00,-2.00,-1.00,2.00,1.00,-2.00,-2.00,-2.00,-1.00,-2.00
nine_system_meet,O_0,229440,-2.00,-2.00,-1.00,-2.00,-1.00,2.00,1.00,-2.00,-2.00,-2.00,-1.00,-2.00
six_join_de_inf_ax_higgs_grav_dm,O_0,17228974,2.00,2.00,2.00,1.00,1.00,0.00,-1.00,2.00,-1.00,2.00,1.00,1.00
seven_join_de_inf_ax_higgs_grav_dm_omg,O_inf,17229118,2.00,2.00,2.00,1.00,1.00,0.00,-1.00,2.00,2.00,2.00,1.00,1.00
eight_join_de_inf_ax_higgs_grav_dm_omg_wow,O_inf,17229118,2.00,2.00,2.00,1.00,1.00,0.00,-1.00,2.00,2.00,2.00,1.00,1.00
nine_system_join,O_inf,17229118,2.00,2.00,2.00,1.00,1.00,0.00,-1.00,2.00,2.00,2.00,1.00,1.00
seti_signal_generic,O_0,9300240,1.00,-2.00,2.00,-2.00,-1.00,2.00,-1.00,2.00,-2.00,-2.00,-1.00,-2.00
pulsar_radio,O_1,6578640,-1.00,0.00,1.00,0.00,-1.00,2.00,-1.00,2.00,-2.00,-2.00,-1.00,-2.00
generic_astrophysical_source,O_0,445976,-2.00,-2.00,1.00,-2.00,-1.00,2.00,1.00,1.00,-1.00,-2.00,1.00,-2.00
omg_peeled_D,O_0,472992,-2.00,-2.00,1.00,-2.00,1.00,2.00,-1.00,1.00,2.00,-2.00,-1.00,-2.00
systemic_feminization,O_0,12678561,1.00,2.00,1.00,1.00,0.00,0.00,-1.00,2.00,-1.00,1.00,1.00,-1.00
local_testicular_function,O_0,2849280,-2.00,1.00,-1.00,-2.00,1.00,2.00,0.00,-2.00,-2.00,-2.00,-1.00,-2.00
feminization_with_testicular_preservation,O_0,12692961,1.00,2.00,1.00,1.00,1.00,0.00,-1.00,2.00,-1.00,1.00,1.00,-1.00
partial_feminization_preserved_testicular,O_0,12548961,1.00,2.00,1.00,-2.00,0.00,0.00,-1.00,2.00,-1.00,1.00,1.00,-1.00
aromatase_thioesterase_ii,O_0,3065760,-2.00,1.00,1.00,-2.00,1.00,2.00,0.00,1.00,-2.00,-2.00,-1.00,-2.00
androgen_binding_sequestration,O_0,2849288,-2.00,1.00,-1.00,-2.00,1.00,2.00,0.00,-2.00,-2.00,-2.00,1.00,-2.00
combined_biochemical_approach,O_0,3065768,-2.00,1.00,1.00,-2.00,1.00,2.00,0.00,1.00,-2.00,-2.00,1.00,-2.00
mystery_material,O_0,4539845,-1.00,-2.00,-1.00,-2.00,-1.00,-1.00,0.00,-2.00,-2.00,-2.00,0.00,-1.00
graphene,O_1,385925,-2.00,-2.00,-1.00,1.00,1.00,2.00,-1.00,-2.00,-2.00,-2.00,0.00,-1.00
iron,O_0,5741829,-1.00,-1.00,1.00,0.00,1.00,1.00,1.00,-2.00,-1.00,-1.00,1.00,-1.00
graphite,O_1,4678084,-1.00,-2.00,-1.00,1.00,-1.00,2.00,0.00,-2.00,-2.00,-2.00,0.00,-2.00
reduced_graphene_oxide,O_0,4545604,-1.00,-2.00,-1.00,-2.00,-1.00,1.00,0.00,-2.00,-2.00,-2.00,0.00,-2.00
quantum_spin_liquid,O_0,5002637,-1.00,-2.00,2.00,-2.00,1.00,0.00,-1.00,-2.00,-1.00,1.00,0.00,-1.00
topological_carbon_allotrope,O_0,4539845,-1.00,-2.00,-1.00,-2.00,-1.00,-1.00,0.00,-2.00,-2.00,-2.00,0.00,-1.00
radical_chemistry_current,O_0,445400,-2.00,-2.00,1.00,-2.00,-1.00,2.00,0.00,2.00,2.00,-2.00,1.00,-2.00
hydroxyl_radical,O_0,445392,-2.00,-2.00,1.00,-2.00,-1.00,2.00,0.00,2.00,2.00,-2.00,-1.00,-2.00
superoxide_radical,O_0,445392,-2.00,-2.00,1.00,-2.00,-1.00,2.00,0.00,2.00,2.00,-2.00,-1.00,-2.00
metamaterial_generic,O_0,4647425,-1.00,-2.00,-1.00,0.00,0.00,1.00,1.00,-2.00,-1.00,-1.00,0.00,-1.00
paper,O_0,228484,-2.00,-2.00,-1.00,-2.00,-1.00,2.00,0.00,-2.00,-2.00,-2.00,0.00,-2.00
plastic,O_0,228484,-2.00,-2.00,-1.00,-2.00,-1.00,2.00,0.00,-2.00,-2.00,-2.00,0.00,-2.00
copper,O_1,358084,-2.00,-2.00,-1.00,1.00,-1.00,2.00,0.00,-2.00,-2.00,-2.00,0.00,-2.00
paper_origami_metamaterial,O_0,4633025,-1.00,-2.00,-1.00,0.00,-1.00,1.00,1.00,-2.00,-1.00,-1.00,0.00,-1.00
plastic_photonic_crystal,O_0,4647425,-1.00,-2.00,-1.00,0.00,0.00,1.00,1.00,-2.00,-1.00,-1.00,0.00,-1.00
copper_split_ring_resonator,O_0,4647425,-1.00,-2.00,-1.00,0.00,0.00,1.00,1.00,-2.00,-1.00,-1.00,0.00,-1.00
sand_architected_foam,O_0,4633025,-1.00,-2.00,-1.00,0.00,-1.00,1.00,1.00,-2.00,-1.00,-1.00,0.00,-1.00
water_droplet_lens_array,O_0,4633025,-1.00,-2.00,-1.00,0.00,-1.00,1.00,1.00,-2.00,-1.00,-1.00,0.00,-1.00
salt_crystal_phononic,O_0,4633025,-1.00,-2.00,-1.00,0.00,-1.00,1.00,1.00,-2.00,-1.00,-1.00,0.00,-1.00
common_materials_topo_insulator,O_0,8317518,-1.00,2.00,1.00,0.00,0.00,1.00,-1.00,-2.00,-1.00,1.00,0.00,1.00
ten_sefirot,O_0,6816573,-1.00,0.00,2.00,0.00,1.00,-1.00,1.00,1.00,-1.00,2.00,1.00,-1.00
nine_sefirot,O_1,16580669,2.00,2.00,-2.00,1.00,1.00,0.00,-1.00,1.00,-2.00,1.00,0.00,-1.00
eleven_sefirot,O_inf,16580874,2.00,2.00,-2.00,1.00,1.00,0.00,-1.00,1.00,2.00,2.00,0.00,1.00
chokhmah,O_0,5095501,-1.00,-2.00,2.00,0.00,1.00,2.00,-1.00,2.00,-1.00,-1.00,-1.00,-1.00
word_logos,O_0,17099134,2.00,2.00,2.00,-2.00,1.00,0.00,-1.00,1.00,-1.00,2.00,1.00,1.00
creator_ein_sof,O_0,12260970,1.00,2.00,-2.00,1.00,1.00,0.00,-1.00,2.00,-1.00,2.00,0.00,1.00
word_creator_tensor,O_0,17099374,2.00,2.00,2.00,-2.00,1.00,0.00,-1.00,2.00,-1.00,2.00,1.00,1.00
i_ching_hexagrams,O_0,7239905,-1.00,1.00,-1.00,0.00,0.00,1.00,1.00,1.00,-1.00,-1.00,0.00,-1.00
tarot_archetypes,O_0,228728,-2.00,-2.00,-1.00,-2.00,-1.00,2.00,0.00,-1.00,-2.00,-2.00,1.00,-2.00
vedic_mandalas,O_0,16580970,2.00,2.00,-2.00,1.00,1.00,0.00,-1.00,2.00,-1.00,2.00,0.00,1.00
meet_sefirot_iching,O_0,7023905,-1.00,1.00,-2.00,0.00,0.00,1.00,1.00,1.00,-1.00,-1.00,0.00,-1.00
three_way_meet,O_0,12724,-2.00,-2.00,-2.00,-2.00,-1.00,2.00,0.00,-1.00,-2.00,-2.00,0.00,-2.00
join_sefirot_iching,O_0,16796730,2.00,2.00,-1.00,1.00,1.00,0.00,-1.00,1.00,-1.00,2.00,0.00,1.00
three_way_join,O_0,16796734,2.00,2.00,-1.00,1.00,1.00,0.00,-1.00,1.00,-1.00,2.00,1.00,1.00
aleph,O_0,2756246,-2.00,1.00,-2.00,1.00,1.00,0.00,-1.00,-2.00,-1.00,2.00,-1.00,1.00
bet,O_1,7239377,-1.00,1.00,-1.00,0.00,0.00,1.00,1.00,-2.00,-2.00,-1.00,0.00,-1.00
gimel,O_0,2388960,-2.00,0.00,2.00,-2.00,-1.00,2.00,0.00,1.00,-2.00,-2.00,-1.00,-2.00
dalet,O_0,3252960,-2.00,1.00,2.00,-2.00,-1.00,2.00,0.00,1.00,-2.00,-2.00,-1.00,-2.00
hei,O_0,2919421,-2.00,1.00,-1.00,0.00,0.00,1.00,1.00,-2.00,-1.00,-1.00,-1.00,-1.00
zayin,O_0,660972,-2.00,-2.00,2.00,-2.00,-1.00,2.00,0.00,1.00,-2.00,-1.00,-1.00,-2.00
chet,O_1,7023377,-1.00,1.00,-2.00,0.00,0.00,1.00,1.00,-2.00,-2.00,-1.00,0.00,-1.00
tet,O_0,2429304,-2.00,0.00,2.00,-1.00,-1.00,1.00,0.00,1.00,-2.00,1.00,-1.00,-2.00
yod,O_0,2756246,-2.00,1.00,-2.00,1.00,1.00,0.00,-1.00,-2.00,-1.00,2.00,-1.00,1.00
aleph_bet_meet,O_1,2703373,-2.00,1.00,-2.00,0.00,0.00,1.00,1.00,-2.00,-2.00,-1.00,-1.00,-1.00
kaf,O_1,7239377,-1.00,1.00,-1.00,0.00,0.00,1.00,1.00,-2.00,-2.00,-1.00,0.00,-1.00
lamed,O_0,759900,-2.00,-2.00,2.00,0.00,0.00,1.00,1.00,1.00,-1.00,-1.00,-1.00,-2.00
mem,O_inf,5824158,-1.00,-1.00,1.00,2.00,1.00,0.00,-1.00,2.00,-1.00,1.00,0.00,1.00
nun,O_1,8737920,1.00,-2.00,-2.00,0.00,-1.00,2.00,-1.00,-2.00,-2.00,-2.00,-1.00,-2.00
samech,O_0,2756221,-2.00,1.00,-2.00,1.00,1.00,0.00,-1.00,-2.00,-1.00,-1.00,-1.00,-1.00
ayin,O_0,2756246,-2.00,1.00,-2.00,1.00,1.00,0.00,-1.00,-2.00,-1.00,2.00,-1.00,1.00
pei,O_0,7686545,-1.00,1.00,2.00,0.00,1.00,1.00,1.00,2.00,-1.00,-1.00,0.00,-1.00
tzadi,O_0,2386092,-2.00,0.00,2.00,-2.00,-1.00,1.00,0.00,1.00,-2.00,-1.00,-1.00,-2.00
kuf,O_0,7292226,-1.00,1.00,-1.00,1.00,1.00,0.00,-1.00,-2.00,-1.00,-1.00,0.00,1.00
resh,O_0,228960,-2.00,-2.00,-1.00,-2.00,-1.00,2.00,0.00,1.00,-2.00,-2.00,-1.00,-2.00
shin,O_inf,6688170,-1.00,0.00,1.00,2.00,1.00,0.00,-1.00,2.00,-1.00,2.00,0.00,1.00
tav,O_0,7292250,-1.00,1.00,-1.00,1.00,1.00,0.00,-1.00,-2.00,-1.00,2.00,0.00,1.00
aleph_bet_meet_result,O_1,2703373,-2.00,1.00,-2.00,0.00,0.00,1.00,1.00,-2.00,-2.00,-1.00,-1.00,-1.00
hebrew_core_structure,O_0,1740480,-2.00,0.00,-2.00,-2.00,-1.00,2.00,0.00,-2.00,-2.00,-2.00,-1.00,-2.00
shavian_peep,O_0,2388960,-2.00,0.00,2.00,-2.00,-1.00,2.00,0.00,1.00,-2.00,-2.00,-1.00,-2.00
shavian_ash,O_1,2734080,-2.00,1.00,-2.00,1.00,-1.00,2.00,0.00,-2.00,-2.00,-2.00,-1.00,-2.00
shavian_ef,O_0,2388960,-2.00,0.00,2.00,-2.00,-1.00,2.00,0.00,1.00,-2.00,-2.00,-1.00,-2.00
shavian_em,O_1,2734080,-2.00,1.00,-2.00,1.00,-1.00,2.00,0.00,-2.00,-2.00,-2.00,-1.00,-2.00
shavian_bee,O_0,2388960,-2.00,0.00,2.00,-2.00,-1.00,2.00,0.00,1.00,-2.00,-2.00,-1.00,-2.00
shavian_ee,O_1,2734080,-2.00,1.00,-2.00,1.00,-1.00,2.00,0.00,-2.00,-2.00,-2.00,-1.00,-2.00
shavian_tall_tee,O_0,2388960,-2.00,0.00,2.00,-2.00,-1.00,2.00,0.00,1.00,-2.00,-2.00,-1.00,-2.00
shavian_deep_dee,O_0,2388960,-2.00,0.00,2.00,-2.00,-1.00,2.00,0.00,1.00,-2.00,-2.00,-1.00,-2.00
shavian_consonant_approximant_meet,O_0,228720,-2.00,-2.00,-1.00,-2.00,-1.00,2.00,0.00,-1.00,-2.00,-2.00,-1.00,-2.00
shavian_quintessence,O_0,12480,-2.00,-2.00,-2.00,-2.00,-1.00,2.00,0.00,-2.00,-2.00,-2.00,-1.00,-2.00
hekhalot_rabbati,O_0,9524721,1.00,-1.00,-2.00,-2.00,0.00,0.00,-1.00,1.00,-1.00,1.00,1.00,-1.00
hekhalot_zutarti,O_0,9524721,1.00,-1.00,-2.00,-2.00,0.00,0.00,-1.00,1.00,-1.00,1.00,1.00,-1.00
sefer_hekhalot,O_0,9524733,1.00,-1.00,-2.00,-2.00,0.00,0.00,-1.00,1.00,-1.00,2.00,1.00,-1.00
maaseh_merkavah,O_0,9524713,1.00,-1.00,-2.00,-2.00,0.00,0.00,-1.00,1.00,-1.00,1.00,-1.00,-1.00
merkavah_rabba,O_0,9524721,1.00,-1.00,-2.00,-2.00,0.00,0.00,-1.00,1.00,-1.00,1.00,1.00,-1.00
shiur_qomah,O_0,9740241,1.00,-1.00,-1.00,-2.00,0.00,0.00,-1.00,-2.00,-1.00,1.00,1.00,-1.00
sar_torah,O_0,9524953,1.00,-1.00,-2.00,-2.00,0.00,0.00,-1.00,2.00,-1.00,1.00,-1.00,-1.00
sefer_harazim,O_0,9740241,1.00,-1.00,-1.00,-2.00,0.00,0.00,-1.00,-2.00,-1.00,1.00,1.00,-1.00
harba_de_moshe,O_0,9740241,1.00,-1.00,-1.00,-2.00,0.00,0.00,-1.00,-2.00,-1.00,1.00,1.00,-1.00
nehuniah_chapter,O_0,9524713,1.00,-1.00,-2.00,-2.00,0.00,0.00,-1.00,1.00,-1.00,1.00,-1.00,-1.00
great_seal_fearsome_crown,O_0,9740241,1.00,-1.00,-1.00,-2.00,0.00,0.00,-1.00,-2.00,-1.00,1.00,1.00,-1.00
sar_panim,O_0,9524953,1.00,-1.00,-2.00,-2.00,0.00,0.00,-1.00,2.00,-1.00,1.00,-1.00,-1.00
tokamak_fusion,O_0,2972226,-2.00,1.00,-1.00,1.00,1.00,0.00,-1.00,-2.00,-1.00,-1.00,0.00,1.00
inertial_confinement_fusion,O_0,3195412,-2.00,1.00,1.00,1.00,1.00,2.00,0.00,1.00,-1.00,-2.00,0.00,-2.00
consumer_drone,O_0,660972,-2.00,-2.00,2.00,-2.00,-1.00,2.00,0.00,1.00,-2.00,-1.00,-1.00,-2.00
fiber_laser_cutting,O_1,3411360,-2.00,1.00,2.00,1.00,1.00,2.00,0.00,1.00,-2.00,-2.00,-1.00,-2.00
ultrafast_laser,O_0,3195410,-2.00,1.00,1.00,1.00,1.00,2.00,0.00,1.00,-1.00,-2.00,-1.00,1.00
stellarator_fusion,O_0,8156238,-1.00,2.00,-1.00,1.00,1.00,0.00,-1.00,-2.00,-1.00,1.00,0.00,1.00
directed_energy_weapon,O_0,2416850,-2.00,0.00,2.00,-2.00,1.00,2.00,-1.00,1.00,-1.00,-2.00,-1.00,1.00
maximal_fusion_growth,O_0,17012254,2.00,2.00,1.00,1.00,1.00,0.00,-1.00,-2.00,-1.00,2.00,1.00,1.00
maximal_drone_growth,O_0,17012974,2.00,2.00,1.00,1.00,1.00,0.00,-1.00,2.00,-1.00,2.00,1.00,1.00
maximal_laser_growth,O_0,17012974,2.00,2.00,1.00,1.00,1.00,0.00,-1.00,2.00,-1.00,2.00,1.00,1.00
tae_technologies_fusion,O_0,8375122,-1.00,2.00,1.00,1.00,1.00,1.00,-1.00,-2.00,-1.00,1.00,1.00,1.00
commonwealth_fusion,O_0,2972226,-2.00,1.00,-1.00,1.00,1.00,0.00,-1.00,-2.00,-1.00,-1.00,0.00,1.00
zephyr_solar_drone,O_0,9294504,1.00,-2.00,2.00,-2.00,-1.00,0.00,-1.00,2.00,-2.00,1.00,-1.00,-2.00
skydio_autonomous_drone,O_0,8236381,-1.00,2.00,1.00,-2.00,0.00,2.00,1.00,1.00,-1.00,-1.00,-1.00,-1.00
wing_delivery_drone,O_0,660968,-2.00,-2.00,2.00,-2.00,-1.00,2.00,0.00,1.00,-2.00,-2.00,1.00,-2.00
ipg_photonics_fiber_laser,O_1,2978880,-2.00,1.00,-1.00,1.00,1.00,2.00,0.00,-2.00,-2.00,-2.00,-1.00,-2.00
coherent_vcsels,O_1,2964484,-2.00,1.00,-1.00,1.00,0.00,2.00,0.00,-2.00,-2.00,-2.00,0.00,-2.00
quantum_dot_lasers,O_0,7297025,-1.00,1.00,-1.00,1.00,1.00,1.00,1.00,-2.00,-1.00,-1.00,0.00,-1.00
general_fusion,O_0,2979424,-2.00,1.00,-1.00,1.00,1.00,2.00,0.00,1.00,-1.00,-1.00,0.00,-2.00
aluminum,O_1,358084,-2.00,-2.00,-1.00,1.00,-1.00,2.00,0.00,-2.00,-2.00,-2.00,0.00,-2.00
generic_environment,O_1,358084,-2.00,-2.00,-1.00,1.00,-1.00,2.00,0.00,-2.00,-2.00,-2.00,0.00,-2.00
chronovisor,O_0,12566254,1.00,2.00,1.00,-2.00,1.00,1.00,-1.00,2.00,-1.00,2.00,1.00,1.00
possible_temporal_device,O_0,17001442,2.00,2.00,1.00,1.00,0.00,1.00,-1.00,2.00,-1.00,1.00,1.00,1.00
dji_consumer_drone,O_0,660972,-2.00,-2.00,2.00,-2.00,-1.00,2.00,0.00,1.00,-2.00,-1.00,-1.00,-2.00
parrot_consumer_drone,O_0,660960,-2.00,-2.00,2.00,-2.00,-1.00,2.00,0.00,1.00,-2.00,-2.00,-1.00,-2.00
nlight_fiber_laser,O_1,2978880,-2.00,1.00,-1.00,1.00,1.00,2.00,0.00,-2.00,-2.00,-2.00,-1.00,-2.00
mks_instruments_laser,O_1,2964480,-2.00,1.00,-1.00,1.00,0.00,2.00,0.00,-2.00,-2.00,-2.00,-1.00,-2.00
quantum_cascade_laser_rd,O_0,7297025,-1.00,1.00,-1.00,1.00,1.00,1.00,1.00,-2.00,-1.00,-1.00,0.00,-1.00
holographic_laser_rd,O_0,17015842,2.00,2.00,1.00,1.00,1.00,1.00,-1.00,2.00,-1.00,1.00,1.00,1.00
superconducting_qubits,O_0,257280,-2.00,-2.00,-1.00,-2.00,1.00,2.00,0.00,-2.00,-2.00,-2.00,-1.00,-2.00
trapped_ion_qubits,O_1,2976000,-2.00,1.00,-1.00,1.00,1.00,1.00,0.00,-2.00,-2.00,-2.00,-1.00,-2.00
photonics_quantum,O_1,775200,-2.00,-2.00,2.00,0.00,1.00,2.00,-1.00,1.00,-2.00,-2.00,-1.00,-2.00
topological_qubits,O_0,8375842,-1.00,2.00,1.00,1.00,1.00,1.00,-1.00,2.00,-1.00,1.00,1.00,1.00
quantum_annealing,O_0,21184,-2.00,-2.00,-2.00,-2.00,0.00,0.00,0.00,-2.00,-1.00,-1.00,0.00,-2.00
maximal_quantum_growth,O_0,17012974,2.00,2.00,1.00,1.00,1.00,0.00,-1.00,2.00,-1.00,2.00,1.00,1.00
topological_qubits_rd,O_0,17012974,2.00,2.00,1.00,1.00,1.00,0.00,-1.00,2.00,-1.00,2.00,1.00,1.00
trapped_ion_rd,O_0,7297025,-1.00,1.00,-1.00,1.00,1.00,1.00,1.00,-2.00,-1.00,-1.00,0.00,-1.00
photonics_quantum_rd,O_0,5092385,-1.00,-2.00,2.00,0.00,1.00,1.00,-1.00,1.00,-1.00,-1.00,0.00,-1.00
neutral_atom_qubits,O_0,254404,-2.00,-2.00,-1.00,-2.00,1.00,1.00,0.00,-2.00,-2.00,-2.00,0.00,-2.00
bcs_superconductivity,O_1,2964480,-2.00,1.00,-1.00,1.00,0.00,2.00,0.00,-2.00,-2.00,-2.00,-1.00,-2.00
carbon_ferromagnetism,O_0,4539845,-1.00,-2.00,-1.00,-2.00,-1.00,-1.00,0.00,-2.00,-2.00,-2.00,0.00,-1.00
c_h_activation_current,O_0,445160,-2.00,-2.00,1.00,-2.00,-1.00,2.00,0.00,1.00,2.00,-2.00,1.00,-2.00
asymmetric_catalysis_current,O_0,445160,-2.00,-2.00,1.00,-2.00,-1.00,2.00,0.00,1.00,2.00,-2.00,1.00,-2.00
natural_product_synthesis_current,O_0,439232,-2.00,-2.00,1.00,-2.00,-1.00,0.00,0.00,1.00,-2.00,1.00,1.00,-2.00
topological_skyrmion_liquid,O_0,8458638,-1.00,2.00,2.00,-2.00,1.00,0.00,-1.00,-2.00,-1.00,1.00,0.00,1.00
chiral_many_body_magnet,O_0,6700073,-1.00,0.00,2.00,-2.00,-1.00,-1.00,0.00,-2.00,2.00,2.00,0.00,-1.00
carbon_spin_glass,O_0,5003741,-1.00,-2.00,2.00,-2.00,1.00,0.00,0.00,-2.00,2.00,1.00,0.00,-1.00
carbon_nanoribbon_spin_glass,O_0,8457341,-1.00,2.00,2.00,-2.00,1.00,-1.00,0.00,1.00,2.00,1.00,0.00,-1.00
boron_elemental,O_0,242884,-2.00,-2.00,-1.00,-2.00,0.00,2.00,0.00,-2.00,-2.00,-2.00,0.00,-2.00
boron_metamaterial_generic,O_0,4647425,-1.00,-2.00,-1.00,0.00,0.00,1.00,1.00,-2.00,-1.00,-1.00,0.00,-1.00
boron_nitride,O_1,4649284,-1.00,-2.00,-1.00,0.00,0.00,2.00,0.00,-2.00,-2.00,-2.00,0.00,-2.00
boron_nitride_nanomesh,O_0,4647425,-1.00,-2.00,-1.00,0.00,0.00,1.00,1.00,-2.00,-1.00,-1.00,0.00,-1.00
boron_carbide,O_0,228484,-2.00,-2.00,-1.00,-2.00,-1.00,2.00,0.00,-2.00,-2.00,-2.00,0.00,-2.00
boron_carbide_lattice,O_0,4633025,-1.00,-2.00,-1.00,0.00,-1.00,1.00,1.00,-2.00,-1.00,-1.00,0.00,-1.00
boron_topological_insulator,O_0,17185518,2.00,2.00,2.00,0.00,1.00,0.00,-1.00,1.00,-1.00,1.00,0.00,1.00
hydrogen,O_0,2849280,-2.00,1.00,-1.00,-2.00,1.00,2.00,0.00,-2.00,-2.00,-2.00,-1.00,-2.00
helium,O_1,2978880,-2.00,1.00,-1.00,1.00,1.00,2.00,0.00,-2.00,-2.00,-2.00,-1.00,-2.00
lithium,O_0,3065808,-2.00,1.00,1.00,-2.00,1.00,2.00,0.00,1.00,-1.00,-2.00,-1.00,-2.00
gold,O_1,7298880,-1.00,1.00,-1.00,1.00,1.00,2.00,0.00,-2.00,-2.00,-2.00,-1.00,-2.00
uranium,O_0,10835278,1.00,0.00,1.00,-2.00,1.00,0.00,-1.00,1.00,2.00,2.00,1.00,1.00
oxygen,O_0,4881172,-1.00,-2.00,1.00,0.00,1.00,2.00,1.00,1.00,-1.00,-2.00,0.00,-2.00
elemental_mercury,O_0,2834884,-2.00,1.00,-1.00,-2.00,0.00,2.00,0.00,-2.00,-2.00,-2.00,0.00,-2.00
helium_superfluid,O_0,11612730,1.00,1.00,-1.00,1.00,1.00,0.00,-1.00,1.00,-1.00,2.00,0.00,1.00
bismuth_unusual,O_0,6721025,-1.00,0.00,2.00,-2.00,0.00,1.00,1.00,-2.00,-1.00,-1.00,0.00,-1.00
diamond_unusual,O_0,4922466,-1.00,-2.00,1.00,1.00,1.00,2.00,-1.00,1.00,-1.00,-1.00,0.00,1.00
helium_normal,O_1,358084,-2.00,-2.00,-1.00,1.00,-1.00,2.00,0.00,-2.00,-2.00,-2.00,0.00,-2.00
bismuth_normal,O_0,228484,-2.00,-2.00,-1.00,-2.00,-1.00,2.00,0.00,-2.00,-2.00,-2.00,0.00,-2.00
gallium_normal,O_0,228484,-2.00,-2.00,-1.00,-2.00,-1.00,2.00,0.00,-2.00,-2.00,-2.00,0.00,-2.00
plutonium_normal,O_0,9108712,1.00,-2.00,1.00,-2.00,1.00,0.00,1.00,-2.00,2.00,2.00,0.00,-2.00
meet_he_bi,O_0,6289025,-1.00,0.00,-1.00,-2.00,0.00,1.00,1.00,-2.00,-1.00,-1.00,0.00,-1.00
meet_he_bi_ga,O_0,1970884,-2.00,0.00,-1.00,-2.00,0.00,2.00,0.00,-2.00,-2.00,-2.00,0.00,-2.00
meet_he_bi_ga_di,O_0,242884,-2.00,-2.00,-1.00,-2.00,0.00,2.00,0.00,-2.00,-2.00,-2.00,0.00,-2.00
sodium_explosive,O_0,6506612,-1.00,0.00,1.00,-2.00,0.00,2.00,-1.00,1.00,2.00,-1.00,1.00,-2.00
molecular_orbital_theory,O_0,16799094,2.00,2.00,-1.00,1.00,1.00,1.00,-1.00,-2.00,-1.00,-2.00,0.00,1.00
valence_bond_theory,O_0,228480,-2.00,-2.00,-1.00,-2.00,-1.00,2.00,0.00,-2.00,-2.00,-2.00,-1.00,-2.00
homo_lumo,O_0,17231586,2.00,2.00,2.00,1.00,1.00,1.00,-1.00,1.00,-1.00,-1.00,0.00,1.00
photosynthesis,O_0,5640548,-1.00,-1.00,1.00,-2.00,0.00,1.00,0.00,1.00,-1.00,-1.00,1.00,-2.00
electron_transport_chain,O_0,459408,-2.00,-2.00,1.00,-2.00,0.00,2.00,0.00,1.00,-1.00,-2.00,-1.00,-2.00
thylakoid_membrane,O_0,5433188,-1.00,-1.00,-1.00,-2.00,1.00,-1.00,0.00,1.00,-1.00,-1.00,1.00,-2.00
photosystem_II,O_0,5433180,-1.00,-1.00,-1.00,-2.00,1.00,-1.00,0.00,1.00,-1.00,-1.00,-1.00,-2.00
artificial_leaf,O_0,240240,-2.00,-2.00,-1.00,-2.00,0.00,1.00,0.00,-1.00,-2.00,-2.00,-1.00,-2.00
yhwh,O_0,17012974,2.00,2.00,1.00,1.00,1.00,0.00,-1.00,2.00,-1.00,2.00,1.00,1.00
aleph_tav_join,O_0,7292250,-1.00,1.00,-1.00,1.00,1.00,0.00,-1.00,-2.00,-1.00,2.00,0.00,1.00
plasma_generic,O_1,9170644,1.00,-2.00,1.00,0.00,-1.00,2.00,-1.00,2.00,-2.00,-2.00,0.00,-2.00
palomar_transient_factory,O_0,8868260,1.00,-2.00,-1.00,-2.00,-1.00,2.00,-1.00,2.00,-2.00,-1.00,1.00,-2.00
fermi_paradox,O_0,10592708,1.00,0.00,-1.00,-2.00,-1.00,1.00,-1.00,-2.00,-1.00,-1.00,1.00,-2.00
drake_equation,O_1,8997124,1.00,-2.00,-1.00,1.00,-1.00,2.00,-1.00,-2.00,-2.00,-2.00,0.00,-2.00
great_filter,O_0,11021845,1.00,0.00,2.00,-2.00,-1.00,0.00,-1.00,-2.00,-1.00,2.00,-1.00,-1.00
humanity_current,O_0,225620,-2.00,-2.00,-1.00,-2.00,-1.00,1.00,0.00,-2.00,-2.00,-1.00,1.00,-2.00
interstellar_civilization,O_0,17018730,2.00,2.00,1.00,1.00,1.00,2.00,-1.00,2.00,-1.00,2.00,0.00,1.00
paradox_resolution,O_inf,17018874,2.00,2.00,1.00,1.00,1.00,2.00,-1.00,2.00,2.00,2.00,0.00,1.00
detection_generic,O_0,9300000,1.00,-2.00,2.00,-2.00,-1.00,2.00,-1.00,1.00,-2.00,-2.00,-1.00,-2.00
extragalactic_entity,O_0,17012970,2.00,2.00,1.00,1.00,1.00,0.00,-1.00,2.00,-1.00,2.00,0.00,1.00
classical_cantor_diagonal,O_0,8652000,1.00,-2.00,-2.00,-2.00,-1.00,2.00,-1.00,1.00,-2.00,-2.00,-1.00,-2.00
constructive_mathematics,O_0,2814732,-2.00,1.00,-1.00,-2.00,-1.00,0.00,0.00,-2.00,-2.00,-1.00,-1.00,-2.00
ford_circles,O_0,5540226,-1.00,-1.00,-1.00,1.00,-1.00,1.00,1.00,-2.00,-1.00,-1.00,0.00,1.00
stern_brocot_tree,O_0,5540718,-1.00,-1.00,-1.00,1.00,-1.00,1.00,1.00,1.00,-1.00,1.00,0.00,1.00
countability_concept,O_0,8652000,1.00,-2.00,-2.00,-2.00,-1.00,2.00,-1.00,1.00,-2.00,-2.00,-1.00,-2.00
infinite_set_mappings,O_0,8652000,1.00,-2.00,-2.00,-2.00,-1.00,2.00,-1.00,1.00,-2.00,-2.00,-1.00,-2.00
massaged_definitions,O_0,10630704,1.00,0.00,-1.00,-1.00,-1.00,-1.00,-1.00,1.00,1.00,-2.00,-1.00,-2.00
fractal_structure,O_0,13962798,2.00,-1.00,-2.00,1.00,-1.00,1.00,-1.00,1.00,-1.00,1.00,0.00,1.00
constructive_countability,O_0,2814744,-2.00,1.00,-1.00,-2.00,-1.00,0.00,0.00,-2.00,-2.00,1.00,-1.00,-2.00
tao,O_0,17012970,2.00,2.00,1.00,1.00,1.00,0.00,-1.00,2.00,-1.00,2.00,0.00,1.00
ads_cft_duality,O_0,17012974,2.00,2.00,1.00,1.00,1.00,0.00,-1.00,2.00,-1.00,2.00,1.00,1.00
quantum_simulator_generic,O_0,4835056,-1.00,-2.00,1.00,-1.00,1.00,1.00,1.00,1.00,-2.00,-1.00,0.00,-2.00
superconducting_qubits_simulator,O_0,473764,-2.00,-2.00,1.00,-2.00,1.00,2.00,0.00,1.00,-2.00,-2.00,0.00,-2.00
trapped_ion_simulator,O_0,5699296,-1.00,-1.00,1.00,-1.00,1.00,1.00,1.00,2.00,-2.00,-1.00,0.00,-2.00
majorana_qubit_simulator,O_0,17012974,2.00,2.00,1.00,1.00,1.00,0.00,-1.00,2.00,-1.00,2.00,1.00,1.00
fractional_quantum_hall_simulator,O_0,17012974,2.00,2.00,1.00,1.00,1.00,0.00,-1.00,2.00,-1.00,2.00,1.00,1.00
controlled_differentiation,O_0,669189,-2.00,-2.00,2.00,-2.00,0.00,0.00,0.00,-2.00,-1.00,-1.00,1.00,-1.00
enhanced_perception,O_0,17012250,2.00,2.00,1.00,1.00,1.00,0.00,-1.00,-2.00,-1.00,2.00,0.00,1.00
human_cognition_baseline,O_0,4546096,-1.00,-2.00,-1.00,-2.00,-1.00,1.00,0.00,1.00,-2.00,-1.00,0.00,-2.00
enhanced_cognition,O_0,17012970,2.00,2.00,1.00,1.00,1.00,0.00,-1.00,2.00,-1.00,2.00,0.00,1.00
bioelectricity_levin,O_0,4864148,-1.00,-2.00,1.00,0.00,0.00,1.00,1.00,2.00,-1.00,-1.00,1.00,-2.00
biomagnetism,O_0,4979288,-1.00,-2.00,2.00,-2.00,-1.00,1.00,1.00,2.00,-2.00,-2.00,1.00,-2.00
magnetoreception,O_0,5857500,-1.00,-1.00,2.00,-2.00,0.00,1.00,1.00,1.00,-1.00,-1.00,-1.00,-2.00
heart_electromagnetic,O_1,7443604,-1.00,1.00,1.00,0.00,-1.00,2.00,0.00,2.00,-2.00,-2.00,0.00,-2.00
quantum_bioelectromagnetism,O_2†,16969822,2.00,2.00,1.00,0.00,1.00,0.00,-1.00,2.00,0.00,2.00,1.00,1.00
bioelectromagnetic_floor,O_0,4763288,-1.00,-2.00,1.00,-2.00,-1.00,1.00,1.00,2.00,-2.00,-2.00,1.00,-2.00
lee_yang_edge,O_2,1509237,-2.00,-1.00,1.00,2.00,1.00,2.00,-1.00,-2.00,0.00,-1.00,1.00,-1.00
vav,O_inf,828540,-2.00,-2.00,2.00,2.00,-1.00,0.00,1.00,-2.00,-1.00,-1.00,-1.00,-2.00
kozyrev_mirror,O_inf,1057042,-2.00,-1.00,-2.00,2.00,0.00,0.00,-1.00,-2.00,-1.00,1.00,1.00,1.00
exotic_mathematics,O_inf,12507442,1.00,2.00,-1.00,2.00,0.00,0.00,1.00,1.00,-1.00,1.00,1.00,1.00
ising_3d,O_inf,213169,-2.00,-2.00,-2.00,2.00,1.00,2.00,-1.00,-2.00,-1.00,-2.00,-1.00,-1.00
exceptional_point_nh,O_2,2364646,-2.00,0.00,1.00,2.00,1.00,-1.00,-1.00,-2.00,1.00,-1.00,1.00,1.00
complex_rg_fixed_point,O_2,1503958,-2.00,-1.00,1.00,2.00,1.00,0.00,-1.00,1.00,0.00,-1.00,1.00,1.00
spiral_aluminum_structure,O_inf,1042634,-2.00,-1.00,-2.00,2.00,-1.00,0.00,-1.00,-2.00,-1.00,1.00,-1.00,1.00
environment_affected_by_kozyrev,O_inf,194710,-2.00,-2.00,-2.00,2.00,0.00,0.00,0.00,2.00,-1.00,-1.00,1.00,1.00
bloop,O_0,9084288,1.00,-2.00,1.00,-2.00,-1.00,2.00,-1.00,2.00,-1.00,-2.00,-1.00,-2.00
icequake,O_0,445248,-2.00,-2.00,1.00,-2.00,-1.00,2.00,0.00,2.00,-1.00,-2.00,-1.00,-2.00
blue_whale_vocalization,O_0,9084252,1.00,-2.00,1.00,-2.00,-1.00,2.00,-1.00,2.00,-2.00,-1.00,-1.00,-2.00
unknown_marine_creature,O_0,9084312,1.00,-2.00,1.00,-2.00,-1.00,2.00,-1.00,2.00,-1.00,1.00,-1.00,-2.00
continuous_function,O_1,8997600,1.00,-2.00,-1.00,1.00,-1.00,2.00,-1.00,1.00,-2.00,-2.00,-1.00,-2.00
lagrangian,O_0,9210780,1.00,-2.00,1.00,1.00,-1.00,1.00,-1.00,1.00,-1.00,-1.00,-1.00,-2.00
hamiltonian,O_0,9210784,1.00,-2.00,1.00,1.00,-1.00,1.00,-1.00,1.00,-1.00,-1.00,0.00,-2.00
mathematics,O_0,12908722,1.00,2.00,2.00,1.00,1.00,0.00,-1.00,1.00,-1.00,1.00,1.00,1.00
physical_reality,O_0,12609213,1.00,2.00,1.00,-1.00,1.00,1.00,-1.00,1.00,-1.00,2.00,1.00,-1.00
mathematical_physics,O_0,12692710,1.00,2.00,1.00,1.00,1.00,0.00,-1.00,1.00,-1.00,-1.00,1.00,1.00
thermodynamic_entropy,O_inf,358312,-2.00,-2.00,-1.00,1.00,-1.00,2.00,0.00,-2.00,2.00,2.00,0.00,-2.00
shannon_information,O_1,358084,-2.00,-2.00,-1.00,1.00,-1.00,2.00,0.00,-2.00,-2.00,-2.00,0.00,-2.00
negentropy,O_1,358120,-2.00,-2.00,-1.00,1.00,-1.00,2.00,0.00,-2.00,-2.00,2.00,0.00,-2.00
mutual_information,O_0,4679108,-1.00,-2.00,-1.00,1.00,-1.00,2.00,1.00,-2.00,-1.00,-1.00,1.00,-2.00
shannon_entropy,O_0,358144,-2.00,-2.00,-1.00,1.00,-1.00,2.00,0.00,-2.00,-1.00,-1.00,0.00,-2.00
kolmogorov_complexity,O_0,9726314,1.00,-1.00,-1.00,-2.00,-1.00,0.00,-1.00,1.00,-1.00,1.00,-1.00,1.00
order_structure,O_1,5324189,-1.00,-1.00,-2.00,1.00,-1.00,1.00,1.00,-2.00,-2.00,1.00,0.00,-1.00
max_sym_min_chirality,O_1,142080,-2.00,-2.00,-2.00,1.00,-1.00,2.00,0.00,-2.00,-2.00,-2.00,-1.00,-2.00
min_sym_max_chirality,O_0,12516,-2.00,-2.00,-2.00,-2.00,-1.00,2.00,0.00,-2.00,-2.00,2.00,-1.00,-2.00
critical_symmetric_timesymmetric,O_0,142128,-2.00,-2.00,-2.00,1.00,-1.00,2.00,0.00,-2.00,-1.00,-2.00,-1.00,-2.00
critical_asymmetric_timedirected,O_0,12564,-2.00,-2.00,-2.00,-2.00,-1.00,2.00,0.00,-2.00,-1.00,2.00,-1.00,-2.00
standard_type_theory,O_1,387360,-2.00,-2.00,-1.00,1.00,1.00,2.00,0.00,1.00,-2.00,-2.00,-1.00,-2.00
photon_graviton_join,O_0,17012930,2.00,2.00,1.00,1.00,1.00,0.00,-1.00,2.00,-1.00,-2.00,-1.00,1.00
holographic_type_theory,O_inf,16407922,2.00,1.00,2.00,2.00,1.00,0.00,-1.00,1.00,-1.00,1.00,1.00,1.00
holographic_type_theory_frobenius,O_inf,17044625,2.00,2.00,1.00,2.00,0.00,1.00,-1.00,2.00,-1.00,-1.00,0.00,-1.00
IUG,O_inf,17271934,2.00,2.00,2.00,2.00,1.00,0.00,-1.00,1.00,-1.00,2.00,1.00,1.00
enstrophy,O_0,358168,-2.00,-2.00,-1.00,1.00,-1.00,2.00,0.00,-2.00,-1.00,2.00,0.00,-2.00
enthalpy,O_1,358120,-2.00,-2.00,-1.00,1.00,-1.00,2.00,0.00,-2.00,-2.00,2.00,0.00,-2.00
chaos,O_0,229192,-2.00,-2.00,-1.00,-2.00,-1.00,2.00,0.00,1.00,2.00,2.00,0.00,-2.00
cosmological_constant,O_0,17012965,2.00,2.00,1.00,1.00,1.00,0.00,-1.00,2.00,-1.00,2.00,-1.00,-1.00
axion,O_1,2930880,-2.00,1.00,-1.00,0.00,1.00,0.00,1.00,-2.00,-2.00,-2.00,-1.00,-2.00
time_concept,O_0,9300036,1.00,-2.00,2.00,-2.00,-1.00,2.00,-1.00,1.00,-2.00,2.00,-1.00,-2.00
turbulent_flow,O_0,9084236,1.00,-2.00,1.00,-2.00,-1.00,2.00,-1.00,1.00,2.00,2.00,1.00,-2.00
entropy_concept,O_inf,358312,-2.00,-2.00,-1.00,1.00,-1.00,2.00,0.00,-2.00,2.00,2.00,0.00,-2.00
information_concept,O_1,358084,-2.00,-2.00,-1.00,1.00,-1.00,2.00,0.00,-2.00,-2.00,-2.00,0.00,-2.00
order_concept,O_1,5324189,-1.00,-1.00,-2.00,1.00,-1.00,1.00,1.00,-2.00,-2.00,1.00,0.00,-1.00
psychedelic_bioelectric_tensor,O_0,13484957,2.00,-2.00,1.00,0.00,-1.00,0.00,-1.00,2.00,-1.00,1.00,0.00,-1.00
psychedelic_topological_tensor,O_0,16943854,2.00,2.00,1.00,0.00,-1.00,1.00,-1.00,2.00,-1.00,2.00,1.00,1.00
binaural_beats,O_0,2919909,-2.00,1.00,-1.00,0.00,0.00,1.00,1.00,1.00,-1.00,-1.00,1.00,-1.00
transcranial_magnetic_stimulation,O_0,7458781,-1.00,1.00,1.00,0.00,0.00,2.00,1.00,1.00,-1.00,-1.00,-1.00,-1.00
tms_bioelectric_tensor,O_0,16093277,2.00,1.00,1.00,0.00,0.00,0.00,1.00,2.00,-1.00,1.00,0.00,-1.00
sensory_deprivation,O_0,2598792,-2.00,1.00,-2.00,-2.00,-1.00,0.00,0.00,-2.00,-1.00,1.00,-1.00,-2.00
flicker_stimulation,O_0,747420,-2.00,-2.00,2.00,0.00,-1.00,2.00,0.00,1.00,-1.00,-1.00,-1.00,-2.00
multimodal_resonance,O_0,4864157,-1.00,-2.00,1.00,0.00,0.00,1.00,1.00,2.00,-1.00,1.00,0.00,-1.00
topologically_protected_quantum_bioelectromagnetism,O_0,17012973,2.00,2.00,1.00,1.00,1.00,0.00,-1.00,2.00,-1.00,2.00,1.00,-1.00
quantum_bioelectromagnetism_vav_tensor,O_0,17200173,2.00,2.00,2.00,1.00,-1.00,0.00,-1.00,2.00,-1.00,2.00,1.00,-1.00
cmb_cold_spot,O_0,11454572,1.00,1.00,-1.00,-2.00,-1.00,0.00,-1.00,2.00,-1.00,2.00,1.00,-2.00
cosmic_supervoid,O_0,11238524,1.00,1.00,-2.00,-2.00,-1.00,0.00,-1.00,2.00,-2.00,2.00,1.00,-2.00
cosmic_texture,O_0,17012966,2.00,2.00,1.00,1.00,1.00,0.00,-1.00,2.00,-1.00,2.00,-1.00,1.00
cmb_cold_spot_dark_energy_tensor,O_0,16854573,2.00,2.00,1.00,-2.00,-1.00,0.00,-1.00,2.00,-1.00,2.00,1.00,-1.00
universe_collision,O_0,17099374,2.00,2.00,2.00,-2.00,1.00,0.00,-1.00,2.00,-1.00,2.00,1.00,1.00
riemann_hypothesis,O_inf,17271922,2.00,2.00,2.00,2.00,1.00,0.00,-1.00,1.00,-1.00,1.00,1.00,1.00
birch_swinnerton_dyer,O_0,15399482,2.00,0.00,2.00,-1.00,0.00,0.00,-1.00,-2.00,0.00,1.00,-1.00,1.00
AtHv1_primed,O_1,1838412,-2.00,0.00,-2.00,0.00,0.00,1.00,0.00,-2.00,-2.00,-1.00,-1.00,-2.00
PsHv1_constitutive,O_1,1838412,-2.00,0.00,-2.00,0.00,0.00,1.00,0.00,-2.00,-2.00,-1.00,-1.00,-2.00
yang_mills_mass_gap,O_0,1759880,-2.00,0.00,-2.00,-2.00,1.00,-1.00,-1.00,-2.00,2.00,-2.00,1.00,-2.00
poincare_conjecture,O_0,12476210,1.00,2.00,-1.00,1.00,1.00,0.00,-1.00,-2.00,-1.00,-2.00,-1.00,1.00
meet_rh_hc,O_0,16799094,2.00,2.00,-1.00,1.00,1.00,1.00,-1.00,-2.00,-1.00,-2.00,0.00,1.00
meet_rh_hc_pnp,O_0,8648692,1.00,-2.00,-2.00,-2.00,-1.00,1.00,-1.00,-2.00,-1.00,-2.00,0.00,-2.00
meet_four_problems,O_0,8648692,1.00,-2.00,-2.00,-2.00,-1.00,1.00,-1.00,-2.00,-1.00,-2.00,0.00,-2.00
five_problems_meet,O_0,8648692,1.00,-2.00,-2.00,-2.00,-1.00,1.00,-1.00,-2.00,-1.00,-2.00,0.00,-2.00
minimal_resolution_system,O_0,11586292,1.00,1.00,-1.00,1.00,-1.00,1.00,-1.00,-2.00,-1.00,-2.00,0.00,-2.00
criticality_aware_proof_assistant,O_0,7224048,-1.00,1.00,-1.00,0.00,-1.00,1.00,0.00,-2.00,-1.00,-2.00,-1.00,-2.00
implementable_critical_proof_assistant,O_0,5497020,-1.00,-1.00,-1.00,0.00,-1.00,1.00,1.00,-2.00,-1.00,-1.00,-1.00,-2.00
computational_criticality_experiment,O_0,4849504,-1.00,-2.00,1.00,0.00,-1.00,1.00,1.00,1.00,-1.00,-1.00,0.00,-2.00
temporal_mathematics,O_0,12692722,1.00,2.00,1.00,1.00,1.00,0.00,-1.00,1.00,-1.00,1.00,1.00,1.00
imscribing_grammar,O_inf,17271922,2.00,2.00,2.00,2.00,1.00,0.00,-1.00,1.00,-1.00,1.00,1.00,1.00
tannaka_krein_dual_candidate,O_0,16781825,2.00,2.00,-1.00,1.00,0.00,0.00,-1.00,-2.00,-1.00,-1.00,0.00,-1.00
grammar_pnp_tensor,O_0,16851669,2.00,2.00,1.00,-2.00,-1.00,-1.00,-1.00,2.00,-1.00,-1.00,1.00,-1.00
standard_computation,O_0,12960,-2.00,-2.00,-2.00,-2.00,-1.00,2.00,0.00,1.00,-2.00,-2.00,-1.00,-2.00
holographic_computation,O_0,16972629,2.00,2.00,1.00,0.00,1.00,1.00,-1.00,2.00,-1.00,-1.00,1.00,-1.00
pnp_holographic_mirror,O_0,16851669,2.00,2.00,1.00,-2.00,-1.00,-1.00,-1.00,2.00,-1.00,-1.00,1.00,-1.00
holographic_embedding_pnp,O_0,16966869,2.00,2.00,1.00,0.00,1.00,-1.00,-1.00,2.00,-1.00,-1.00,1.00,-1.00
polynomial_time_P,O_0,12480,-2.00,-2.00,-2.00,-2.00,-1.00,2.00,0.00,-2.00,-2.00,-2.00,-1.00,-2.00
nondeterministic_polynomial_NP,O_0,12314936,1.00,2.00,-1.00,-2.00,-1.00,-1.00,-1.00,-2.00,-1.00,-2.00,1.00,-2.00
holographic_duality_pnp,O_inf,17053269,2.00,2.00,1.00,2.00,1.00,-1.00,-1.00,2.00,-1.00,-1.00,1.00,-1.00
<_NP_duality_transformation,O_inf,17044629,2.00,2.00,1.00,2.00,0.00,1.00,-1.00,2.00,-1.00,-1.00,1.00,-1.00
<_NP_duality_relative,O_inf,17038869,2.00,2.00,1.00,2.00,0.00,-1.00,-1.00,2.00,-1.00,-1.00,1.00,-1.00
p_vs_np_tensor_grammar,O_0,16851669,2.00,2.00,1.00,-2.00,-1.00,-1.00,-1.00,2.00,-1.00,-1.00,1.00,-1.00
<_join_NP,O_0,12314936,1.00,2.00,-1.00,-2.00,-1.00,-1.00,-1.00,-2.00,-1.00,-2.00,1.00,-2.00
ising_ep_tensor,O_2,2364646,-2.00,0.00,1.00,2.00,1.00,-1.00,-1.00,-2.00,1.00,-1.00,1.00,1.00
ising_lee_yang_tensor,O_2,1509237,-2.00,-1.00,1.00,2.00,1.00,2.00,-1.00,-2.00,0.00,-1.00,1.00,-1.00
lee_yang_ep_tensor,O_2,2364646,-2.00,0.00,1.00,2.00,1.00,-1.00,-1.00,-2.00,1.00,-1.00,1.00,1.00
consciousness_complex_critical,O_2†,17056221,2.00,2.00,1.00,2.00,1.00,0.00,-1.00,2.00,0.00,2.00,1.00,-1.00
agi_complex_critical,O_2†,17056221,2.00,2.00,1.00,2.00,1.00,0.00,-1.00,2.00,0.00,2.00,1.00,-1.00
tensor_lee_computation,O_0,1308117,-2.00,-1.00,1.00,-2.00,-1.00,2.00,-1.00,1.00,0.00,-1.00,1.00,-1.00
rh_ep_join,O_2†,17052646,2.00,2.00,1.00,2.00,1.00,-1.00,-1.00,-2.00,1.00,-1.00,1.00,1.00
rh_hc_join,O_2†,16842586,2.00,2.00,-1.00,2.00,1.00,1.00,-1.00,-1.00,0.00,-2.00,1.00,1.00
new_physics_complex_critical,O_2†,17056221,2.00,2.00,1.00,2.00,1.00,0.00,-1.00,2.00,0.00,2.00,1.00,-1.00
new_physics_exceptional_point,O_2†,17053389,2.00,2.00,1.00,2.00,1.00,-1.00,-1.00,2.00,1.00,2.00,1.00,-1.00
black_hole_generic,O_0,17012730,2.00,2.00,1.00,1.00,1.00,0.00,-1.00,1.00,-1.00,2.00,0.00,1.00
axis_of_evil,O_0,11886572,1.00,1.00,2.00,-2.00,-1.00,0.00,-1.00,2.00,-1.00,2.00,1.00,-2.00
axis_of_evil_peeled_phi,O_0,11886524,1.00,1.00,2.00,-2.00,-1.00,0.00,-1.00,2.00,-2.00,2.00,1.00,-2.00
shell_collapsar_hypothetical,O_0,10187134,1.00,-1.00,2.00,-2.00,1.00,0.00,-1.00,1.00,-1.00,2.00,1.00,1.00
black_hole_astrophysical,O_0,14852729,2.00,0.00,-2.00,1.00,1.00,0.00,-1.00,1.00,-1.00,2.00,0.00,-1.00
white_hole,O_0,14852693,2.00,0.00,-2.00,1.00,1.00,0.00,-1.00,1.00,-1.00,-2.00,0.00,-1.00
neutron_star,O_1,7081468,-1.00,1.00,-2.00,1.00,1.00,1.00,1.00,1.00,-2.00,1.00,0.00,-2.00
magnetar,O_0,10921762,1.00,0.00,1.00,0.00,1.00,0.00,-1.00,2.00,-1.00,1.00,1.00,1.00
white_dwarf,O_1,2748976,-2.00,1.00,-2.00,1.00,0.00,2.00,0.00,1.00,-2.00,-1.00,0.00,-2.00
shell_collapsar,O_0,5350649,-1.00,-1.00,-2.00,1.00,1.00,0.00,1.00,1.00,-1.00,2.00,0.00,-1.00
cosmic_origin,O_0,14852969,2.00,0.00,-2.00,1.00,1.00,0.00,-1.00,2.00,-1.00,2.00,0.00,-1.00
cosmic_death,O_inf,12232072,1.00,2.00,-2.00,1.00,-1.00,0.00,-1.00,1.00,2.00,2.00,0.00,-2.00
godel_incompleteness_theorem,O_1,7270080,-1.00,1.00,-1.00,1.00,-1.00,2.00,0.00,-2.00,-2.00,-2.00,-1.00,-2.00
amaterasu_particle,O_0,9112992,1.00,-2.00,1.00,-2.00,1.00,2.00,-1.00,1.00,2.00,-2.00,-1.00,-2.00
holographic_boundary,O_0,17012974,2.00,2.00,1.00,1.00,1.00,0.00,-1.00,2.00,-1.00,2.00,1.00,1.00
photoreceptor_spot,O_0,2820480,-2.00,1.00,-1.00,-2.00,-1.00,2.00,0.00,-2.00,-2.00,-2.00,-1.00,-2.00
pit_eye,O_0,5455696,-1.00,-1.00,-1.00,-1.00,-1.00,2.00,0.00,-2.00,-2.00,-1.00,0.00,-2.00
pinhole_eye,O_0,5670260,-1.00,-1.00,1.00,-1.00,-1.00,1.00,1.00,1.00,-2.00,-1.00,1.00,-2.00
lens_eye,O_0,17012962,2.00,2.00,1.00,1.00,1.00,0.00,-1.00,2.00,-1.00,1.00,1.00,1.00
grammar_pnp_join,O_inf,17038869,2.00,2.00,1.00,2.00,0.00,-1.00,-1.00,2.00,-1.00,-1.00,1.00,-1.00
deterministic_turing_machine,O_0,660960,-2.00,-2.00,2.00,-2.00,-1.00,2.00,0.00,1.00,-2.00,-2.00,-1.00,-2.00
nondeterministic_turing_machine,O_0,4549684,-1.00,-2.00,-1.00,-2.00,-1.00,2.00,1.00,-1.00,-2.00,-2.00,0.00,-2.00
polynomial_time_verifier,O_0,228488,-2.00,-2.00,-1.00,-2.00,-1.00,2.00,0.00,-2.00,-2.00,-2.00,1.00,-2.00
np_certificate_witness,O_0,228480,-2.00,-2.00,-1.00,-2.00,-1.00,2.00,0.00,-2.00,-2.00,-2.00,-1.00,-2.00
boolean_sat,O_0,225652,-2.00,-2.00,-1.00,-2.00,-1.00,1.00,0.00,-2.00,-1.00,-2.00,0.00,-2.00
three_sat,O_0,225652,-2.00,-2.00,-1.00,-2.00,-1.00,1.00,0.00,-2.00,-1.00,-2.00,0.00,-2.00
travelling_salesman_problem,O_0,225652,-2.00,-2.00,-1.00,-2.00,-1.00,1.00,0.00,-2.00,-1.00,-2.00,0.00,-2.00
zx_calculus_x_spider,O_inf,17059025,2.00,2.00,1.00,2.00,1.00,1.00,-1.00,2.00,-1.00,-1.00,0.00,-1.00
reversible_turing_machine,O_0,444960,-2.00,-2.00,1.00,-2.00,-1.00,2.00,0.00,1.00,-2.00,-2.00,-1.00,-2.00
boltzmann_machine_equilibrium,O_0,4543732,-1.00,-2.00,-1.00,-2.00,-1.00,0.00,1.00,-2.00,-1.00,-2.00,0.00,-2.00
topological_quantum_computer,O_0,16969745,2.00,2.00,1.00,0.00,1.00,0.00,-1.00,2.00,-1.00,-1.00,0.00,-1.00
bioelectric_network,O_0,4777744,-1.00,-2.00,1.00,-2.00,0.00,1.00,1.00,2.00,-1.00,-1.00,0.00,-2.00
pnp_boundary_imscription,O_0,16851669,2.00,2.00,1.00,-2.00,-1.00,-1.00,-1.00,2.00,-1.00,-1.00,1.00,-1.00
zx_calculus_z_spider,O_inf,17059025,2.00,2.00,1.00,2.00,1.00,1.00,-1.00,2.00,-1.00,-1.00,0.00,-1.00
atomic_orbital,O_1,2978880,-2.00,1.00,-1.00,1.00,1.00,2.00,0.00,-2.00,-2.00,-2.00,-1.00,-2.00
periodic_table,O_0,5569026,-1.00,-1.00,-1.00,1.00,1.00,1.00,1.00,-2.00,-1.00,-1.00,0.00,1.00
hydrogen_atom,O_1,2978880,-2.00,1.00,-1.00,1.00,1.00,2.00,0.00,-2.00,-2.00,-2.00,-1.00,-2.00
uranium_atom,O_0,5566158,-1.00,-1.00,-1.00,1.00,1.00,0.00,1.00,-2.00,-1.00,1.00,0.00,1.00
s_orbital,O_1,2978880,-2.00,1.00,-1.00,1.00,1.00,2.00,0.00,-2.00,-2.00,-2.00,-1.00,-2.00
p_orbital,O_2,2935682,-2.00,1.00,-1.00,0.00,1.00,2.00,0.00,-2.00,-2.00,-2.00,-1.00,1.00
d_orbital,O_2,7253774,-1.00,1.00,-1.00,0.00,1.00,1.00,1.00,-2.00,-2.00,-1.00,-1.00,1.00
f_orbital,O_0,5522954,-1.00,-1.00,-1.00,0.00,1.00,0.00,1.00,-2.00,-1.00,1.00,-1.00,1.00
zx_calculus_complexity_typing,O_0,16880469,2.00,2.00,1.00,-2.00,1.00,-1.00,-1.00,2.00,-1.00,-1.00,1.00,-1.00
space,O_1,8809924,1.00,-2.00,-2.00,1.00,1.00,2.00,-1.00,-2.00,-2.00,-2.00,0.00,-2.00
spacetime,O_0,12609213,1.00,2.00,1.00,-1.00,1.00,1.00,-1.00,1.00,-1.00,2.00,1.00,-1.00
time,O_0,12548734,1.00,2.00,1.00,-2.00,0.00,0.00,-1.00,1.00,-1.00,2.00,1.00,1.00
space_time_join,O_0,12692734,1.00,2.00,1.00,1.00,1.00,0.00,-1.00,1.00,-1.00,2.00,1.00,1.00
continuum_hypothesis,O_0,8674608,1.00,-2.00,-2.00,-2.00,1.00,0.00,-1.00,-2.00,-1.00,-2.00,-1.00,-2.00
CH_true,O_0,11396209,1.00,1.00,-2.00,1.00,1.00,0.00,-1.00,-2.00,-1.00,-2.00,-1.00,-1.00
CH_false,O_0,8674616,1.00,-2.00,-2.00,-2.00,1.00,0.00,-1.00,-2.00,-1.00,-2.00,1.00,-2.00
ZFC_set_theory,O_0,8674616,1.00,-2.00,-2.00,-2.00,1.00,0.00,-1.00,-2.00,-1.00,-2.00,1.00,-2.00
CH_independent,O_0,10489013,1.00,0.00,-2.00,0.00,1.00,0.00,-1.00,-2.00,-1.00,-2.00,0.00,-1.00
connes_embedding_problem,O_0,12217018,1.00,2.00,-2.00,0.00,1.00,0.00,-1.00,-2.00,-1.00,-2.00,1.00,1.00
hilbert_sixteenth_problem,O_0,12479590,1.00,2.00,-1.00,1.00,1.00,1.00,-1.00,1.00,-1.00,-1.00,1.00,1.00
zilber_pink_conjecture,O_0,16799098,2.00,2.00,-1.00,1.00,1.00,1.00,-1.00,-2.00,-1.00,-2.00,1.00,1.00
kaplansky_conjectures,O_0,8761018,1.00,-2.00,-2.00,0.00,1.00,0.00,-1.00,-2.00,-1.00,-2.00,1.00,1.00
perfect_cuboids,O_1,2944320,-2.00,1.00,-1.00,1.00,-1.00,0.00,0.00,-2.00,-2.00,-2.00,-1.00,-2.00
grammar_connes_tensor,O_0,16955350,2.00,2.00,1.00,0.00,0.00,0.00,-1.00,2.00,-1.00,-1.00,1.00,1.00
casas_alvero_conjecture,O_0,12219898,1.00,2.00,-2.00,0.00,1.00,1.00,-1.00,-2.00,-1.00,-2.00,1.00,1.00
grammar_casas_tensor,O_0,16958230,2.00,2.00,1.00,0.00,0.00,1.00,-1.00,2.00,-1.00,-1.00,1.00,1.00
grammar_casas_join,O_inf,17059030,2.00,2.00,1.00,2.00,1.00,1.00,-1.00,2.00,-1.00,-1.00,1.00,1.00
casas_alvero_counterexample,O_0,8681288,1.00,-2.00,-2.00,-2.00,1.00,2.00,0.00,-2.00,-2.00,-2.00,1.00,-2.00
eilenberg_ganea_conjecture,O_inf,17055910,2.00,2.00,1.00,2.00,1.00,0.00,-1.00,1.00,-1.00,-1.00,1.00,1.00
group_cohomological_dimension_2,O_0,5525825,-1.00,-1.00,-1.00,0.00,1.00,1.00,1.00,-2.00,-1.00,-1.00,0.00,-1.00
aspherical_2d_cw_complex,O_0,4472242,-1.00,-2.00,-2.00,1.00,0.00,0.00,1.00,1.00,-1.00,1.00,1.00,1.00
fundamental_group_isomorphism,O_inf,17055902,2.00,2.00,1.00,2.00,1.00,0.00,-1.00,1.00,-1.00,-1.00,-1.00,1.00
complexity,O_0,9829510,1.00,-1.00,-1.00,0.00,0.00,1.00,-1.00,-2.00,-1.00,-1.00,1.00,1.00
meet_pnp_kolmogorov,O_0,8645808,1.00,-2.00,-2.00,-2.00,-1.00,0.00,-1.00,-2.00,-1.00,-2.00,-1.00,-2.00
meet_consciousness_kolmogorov,O_0,9726313,1.00,-1.00,-1.00,-2.00,-1.00,0.00,-1.00,1.00,-1.00,1.00,-1.00,-1.00
complexity_core,O_0,8645808,1.00,-2.00,-2.00,-2.00,-1.00,0.00,-1.00,-2.00,-1.00,-2.00,-1.00,-2.00
halting_analyzer_holistic,O_0,8945349,1.00,-2.00,-1.00,0.00,-1.00,-1.00,-1.00,-2.00,-1.00,-1.00,1.00,-1.00
halting_analyzer_compositional,O_0,12480,-2.00,-2.00,-2.00,-2.00,-1.00,2.00,0.00,-2.00,-2.00,-2.00,-1.00,-2.00
homotopy_type_theory,O_0,5564214,-1.00,-1.00,-1.00,1.00,1.00,0.00,-1.00,-2.00,-1.00,-2.00,0.00,1.00
grammar_hott_tensor,O_0,16998546,2.00,2.00,1.00,1.00,0.00,0.00,-1.00,2.00,-1.00,-1.00,0.00,1.00
supercritical_proof_system,O_inf,7270272,-1.00,1.00,-1.00,1.00,-1.00,2.00,0.00,-2.00,2.00,-2.00,-1.00,-2.00
berry_tabor_conjecture,O_0,16756390,2.00,2.00,-1.00,0.00,1.00,1.00,-1.00,1.00,-1.00,-1.00,1.00,1.00
berry_tabor_proven,O_inf,17056173,2.00,2.00,1.00,2.00,1.00,0.00,-1.00,2.00,-1.00,2.00,1.00,-1.00
holographic_berry_tensor,O_0,16958230,2.00,2.00,1.00,0.00,0.00,1.00,-1.00,2.00,-1.00,-1.00,1.00,1.00
holographic_berry_join,O_inf,17059030,2.00,2.00,1.00,2.00,1.00,1.00,-1.00,2.00,-1.00,-1.00,1.00,1.00
fujita_conjecture,O_0,16755898,2.00,2.00,-1.00,0.00,1.00,1.00,-1.00,-2.00,-1.00,-2.00,1.00,1.00
fujita_theorem,O_inf,17056173,2.00,2.00,1.00,2.00,1.00,0.00,-1.00,2.00,-1.00,2.00,1.00,-1.00
fujita_counterexample,O_0,12480,-2.00,-2.00,-2.00,-2.00,-1.00,2.00,0.00,-2.00,-2.00,-2.00,-1.00,-2.00
caratheodory_conjecture,O_0,4601296,-1.00,-2.00,-1.00,-1.00,0.00,0.00,1.00,-2.00,-2.00,-1.00,0.00,-2.00
caratheodory_theorem,O_inf,17056173,2.00,2.00,1.00,2.00,1.00,0.00,-1.00,2.00,-1.00,2.00,1.00,-1.00
poincare_hopf_theorem,O_0,17012973,2.00,2.00,1.00,1.00,1.00,0.00,-1.00,2.00,-1.00,2.00,1.00,-1.00
convexity_constraint,O_0,2701510,-2.00,1.00,-2.00,0.00,0.00,1.00,-1.00,-2.00,-1.00,-1.00,1.00,1.00
smoothness_consideration,O_0,12435442,1.00,2.00,-1.00,0.00,1.00,0.00,1.00,1.00,-1.00,1.00,1.00,1.00
poincare_hopf_convexity,O_0,16955374,2.00,2.00,1.00,0.00,0.00,0.00,-1.00,2.00,-1.00,2.00,1.00,1.00
umbilic_index_bound,O_inf,17056173,2.00,2.00,1.00,2.00,1.00,0.00,-1.00,2.00,-1.00,2.00,1.00,-1.00
triple_tensor,O_0,16955374,2.00,2.00,1.00,0.00,0.00,0.00,-1.00,2.00,-1.00,2.00,1.00,1.00
curvature_line_global_structure,O_inf,17056173,2.00,2.00,1.00,2.00,1.00,0.00,-1.00,2.00,-1.00,2.00,1.00,-1.00
convexity_real_analytic,O_0,2715910,-2.00,1.00,-2.00,0.00,1.00,1.00,-1.00,-2.00,-1.00,-1.00,1.00,1.00
hopf_convex_analytic,O_0,16969774,2.00,2.00,1.00,0.00,1.00,0.00,-1.00,2.00,-1.00,2.00,1.00,1.00
caratheodory_theorem_pm,O_0,16969773,2.00,2.00,1.00,0.00,1.00,0.00,-1.00,2.00,-1.00,2.00,1.00,-1.00
kissing_number_problem,O_1,8995204,1.00,-2.00,-1.00,1.00,-1.00,1.00,0.00,-2.00,-2.00,-2.00,0.00,-2.00
kissing_dim_1,O_1,3339360,-2.00,1.00,2.00,0.00,-1.00,2.00,0.00,1.00,-2.00,-2.00,-1.00,-2.00
kissing_dim_2,O_1,4678084,-1.00,-2.00,-1.00,1.00,-1.00,2.00,0.00,-2.00,-2.00,-2.00,0.00,-2.00
kissing_dim_3,O_1,5540164,-1.00,-1.00,-1.00,1.00,-1.00,1.00,1.00,-2.00,-2.00,-2.00,0.00,-2.00
kissing_dim_4,O_0,5540213,-1.00,-1.00,-1.00,1.00,-1.00,1.00,1.00,-2.00,-1.00,-2.00,0.00,-1.00
kissing_dim_8,O_inf,17041750,2.00,2.00,1.00,2.00,0.00,0.00,-1.00,2.00,-1.00,-1.00,1.00,1.00
kissing_dim_24,O_inf,17056162,2.00,2.00,1.00,2.00,1.00,0.00,-1.00,2.00,-1.00,1.00,1.00,1.00
kissing_unknown_dim,O_0,8860996,1.00,-2.00,-1.00,-2.00,-1.00,-1.00,1.00,-2.00,2.00,-2.00,0.00,-2.00
kusner_conjecture,O_0,16753030,2.00,2.00,-1.00,0.00,1.00,0.00,-1.00,-2.00,-1.00,-1.00,1.00,1.00
kusner_theorem,O_inf,17056173,2.00,2.00,1.00,2.00,1.00,0.00,-1.00,2.00,-1.00,2.00,1.00,-1.00
kusner_counterexample,O_0,12480,-2.00,-2.00,-2.00,-2.00,-1.00,2.00,0.00,-2.00,-2.00,-2.00,-1.00,-2.00
polyhedron_generic,O_1,2950084,-2.00,1.00,-1.00,1.00,-1.00,2.00,0.00,-2.00,-2.00,-2.00,0.00,-2.00
cube,O_1,2950080,-2.00,1.00,-1.00,1.00,-1.00,2.00,0.00,-2.00,-2.00,-2.00,-1.00,-2.00
regular_tetrahedron,O_1,2950080,-2.00,1.00,-1.00,1.00,-1.00,2.00,0.00,-2.00,-2.00,-2.00,-1.00,-2.00
equal_volume,O_1,358080,-2.00,-2.00,-1.00,1.00,-1.00,2.00,0.00,-2.00,-2.00,-2.00,-1.00,-2.00
decomposition_congruent,O_1,5324180,-1.00,-1.00,-2.00,1.00,-1.00,1.00,1.00,-2.00,-2.00,-1.00,1.00,-2.00
hilbert_third_problem,O_0,4633029,-1.00,-2.00,-1.00,0.00,-1.00,1.00,1.00,-2.00,-1.00,-1.00,1.00,-1.00
dehn_counterexample,O_0,4543857,-1.00,-2.00,-1.00,-2.00,-1.00,0.00,1.00,-2.00,1.00,1.00,1.00,-1.00
erdos_faber_lovasz_conjecture,O_0,9423922,1.00,-2.00,2.00,1.00,-1.00,0.00,-1.00,1.00,-1.00,1.00,1.00,1.00
erdos_faber_lovasz_theorem,O_0,8994293,1.00,-2.00,-1.00,1.00,-1.00,1.00,-1.00,-2.00,-1.00,-2.00,0.00,-1.00
erdos_faber_lovasz_peeled_P,O_0,8864693,1.00,-2.00,-1.00,-2.00,-1.00,1.00,-1.00,-2.00,-1.00,-2.00,0.00,-1.00
gilbert_pollak_conjecture,O_0,4675248,-1.00,-2.00,-1.00,1.00,-1.00,1.00,0.00,-2.00,-1.00,-2.00,-1.00,-2.00
steiner_tree_problem,O_1,4675204,-1.00,-2.00,-1.00,1.00,-1.00,1.00,0.00,-2.00,-2.00,-2.00,0.00,-2.00
minimal_spanning_tree,O_1,4678084,-1.00,-2.00,-1.00,1.00,-1.00,2.00,0.00,-2.00,-2.00,-2.00,0.00,-2.00
equilateral_triangle_config,O_0,7267248,-1.00,1.00,-1.00,1.00,-1.00,1.00,0.00,-2.00,-1.00,-2.00,-1.00,-2.00
generic_graph,O_0,228484,-2.00,-2.00,-1.00,-2.00,-1.00,2.00,0.00,-2.00,-2.00,-2.00,0.00,-2.00
sumner_conjecture_conditions,O_0,4589825,-1.00,-2.00,-1.00,-1.00,-1.00,1.00,1.00,-2.00,-1.00,-1.00,0.00,-1.00
hamiltonian_cycle,O_0,12015914,1.00,1.00,2.00,1.00,-1.00,0.00,-1.00,1.00,-1.00,1.00,-1.00,1.00
sumner_conjecture_statement,O_0,16958001,2.00,2.00,1.00,0.00,0.00,1.00,-1.00,1.00,-1.00,1.00,1.00,-1.00
sidorenko_conjecture,O_0,8994292,1.00,-2.00,-1.00,1.00,-1.00,1.00,-1.00,-2.00,-1.00,-2.00,0.00,-2.00
bipartite_graph,O_1,8954884,1.00,-2.00,-1.00,0.00,-1.00,2.00,0.00,-2.00,-2.00,-2.00,0.00,-2.00
sidorenko_theorem,O_0,8994293,1.00,-2.00,-1.00,1.00,-1.00,1.00,-1.00,-2.00,-1.00,-2.00,0.00,-1.00
topological_protection_component,O_0,12481,-2.00,-2.00,-2.00,-2.00,-1.00,2.00,0.00,-2.00,-2.00,-2.00,-1.00,-1.00
sidorenko_counterexample,O_0,8868484,1.00,-2.00,-1.00,-2.00,-1.00,2.00,0.00,-2.00,-2.00,-2.00,0.00,-2.00
vaught_conjecture,O_1,11540168,1.00,1.00,-1.00,0.00,-1.00,0.00,-1.00,-2.00,-2.00,-2.00,1.00,-2.00
vaught_theorem,O_inf,12736173,1.00,2.00,1.00,2.00,1.00,0.00,-1.00,2.00,-1.00,2.00,1.00,-1.00
vaught_counterexample,O_0,12480,-2.00,-2.00,-2.00,-2.00,-1.00,2.00,0.00,-2.00,-2.00,-2.00,-1.00,-2.00
countable_first_order_theory,O_0,8907848,1.00,-2.00,-1.00,-1.00,-1.00,1.00,-1.00,-2.00,-2.00,-2.00,1.00,-2.00
grothendieck_A_lefschetz,O_0,16972390,2.00,2.00,1.00,0.00,1.00,1.00,-1.00,1.00,-1.00,-1.00,1.00,1.00
grothendieck_B_hodge,O_0,16799098,2.00,2.00,-1.00,1.00,1.00,1.00,-1.00,-2.00,-1.00,-2.00,1.00,1.00
grothendieck_C_kunneth,O_0,15891898,2.00,1.00,-1.00,0.00,1.00,1.00,-1.00,-2.00,-1.00,-2.00,1.00,1.00
grothendieck_D_numerical_homological,O_inf,16839418,2.00,2.00,-1.00,2.00,1.00,0.00,-1.00,-2.00,-1.00,-2.00,1.00,1.00
grothendieck_AB_meet,O_0,16755898,2.00,2.00,-1.00,0.00,1.00,1.00,-1.00,-2.00,-1.00,-2.00,1.00,1.00
grothendieck_AD_join,O_inf,17055910,2.00,2.00,1.00,2.00,1.00,0.00,-1.00,1.00,-1.00,-1.00,1.00,1.00
grothendieck_ABC_meet,O_0,15891898,2.00,1.00,-1.00,0.00,1.00,1.00,-1.00,-2.00,-1.00,-2.00,1.00,1.00
grothendieck_ABCD_meet,O_0,15891898,2.00,1.00,-1.00,0.00,1.00,1.00,-1.00,-2.00,-1.00,-2.00,1.00,1.00
grothendieck_AB_join,O_0,17015590,2.00,2.00,1.00,1.00,1.00,1.00,-1.00,1.00,-1.00,-1.00,1.00,1.00
grothendieck_ABCD_join,O_inf,17055910,2.00,2.00,1.00,2.00,1.00,0.00,-1.00,1.00,-1.00,-1.00,1.00,1.00
goldbach_conjecture,O_inf,12951914,1.00,2.00,2.00,2.00,1.00,0.00,-1.00,1.00,-1.00,1.00,-1.00,1.00
twin_prime_conjecture,O_0,15428237,2.00,0.00,2.00,0.00,-1.00,0.00,-1.00,-2.00,-1.00,1.00,0.00,-1.00
legendre_conjecture,O_2,9495982,1.00,-2.00,2.00,2.00,1.00,0.00,-1.00,1.00,0.00,2.00,1.00,1.00
n_squared_plus_one_primes,O_0,9311588,1.00,-2.00,2.00,-2.00,0.00,1.00,-1.00,1.00,-1.00,-1.00,1.00,-2.00
goldbach_twin_meet,O_0,8965504,1.00,-2.00,-1.00,0.00,0.00,1.00,-1.00,-2.00,-1.00,-1.00,0.00,-2.00
legendre_nsq_meet,O_0,8879108,1.00,-2.00,-1.00,-2.00,0.00,1.00,-1.00,-2.00,-1.00,-1.00,1.00,-2.00
landau_four_meet,O_0,8879104,1.00,-2.00,-1.00,-2.00,0.00,1.00,-1.00,-2.00,-1.00,-1.00,0.00,-2.00
goldbach_peeled_P,O_0,8879109,1.00,-2.00,-1.00,-2.00,0.00,1.00,-1.00,-2.00,-1.00,-1.00,1.00,-1.00
goldbach_twin_join,O_inf,9484389,1.00,-2.00,2.00,2.00,0.00,1.00,-1.00,1.00,-1.00,-1.00,1.00,-1.00
legendre_nsq_join,O_0,11903588,1.00,1.00,2.00,-2.00,0.00,1.00,-1.00,1.00,-1.00,-1.00,1.00,-2.00
landau_four_join,O_inf,12076389,1.00,1.00,2.00,2.00,0.00,1.00,-1.00,1.00,-1.00,-1.00,1.00,-1.00
gaussian_primes,O_1,311044,-2.00,-2.00,-1.00,0.00,-1.00,1.00,-1.00,-2.00,-2.00,-2.00,0.00,-2.00
gaussian_moat_problem,O_2†,13265696,2.00,-2.00,-1.00,0.00,-1.00,-1.00,-1.00,-1.00,1.00,1.00,1.00,-2.00
monster_group,O_inf,7332537,-1.00,1.00,-1.00,2.00,1.00,-1.00,-1.00,-2.00,-1.00,-2.00,1.00,-1.00
j_function,O_inf,16840166,2.00,2.00,-1.00,2.00,1.00,0.00,-1.00,2.00,-1.00,2.00,-1.00,1.00
moonshine_module,O_inf,16840162,2.00,2.00,-1.00,2.00,1.00,0.00,-1.00,2.00,-1.00,1.00,1.00,1.00
cat0_cube_complex,O_1,2950084,-2.00,1.00,-1.00,1.00,-1.00,2.00,0.00,-2.00,-2.00,-2.00,0.00,-2.00
bestvina_brady_morse,O_0,3120544,-2.00,1.00,1.00,0.00,-1.00,1.00,0.00,1.00,-1.00,-1.00,0.00,-2.00
motivic_morse_theory,O_inf,17058789,2.00,2.00,1.00,2.00,1.00,1.00,-1.00,1.00,-1.00,-1.00,1.00,-1.00
motivic_critical_level,O_inf,17058789,2.00,2.00,1.00,2.00,1.00,1.00,-1.00,1.00,-1.00,-1.00,1.00,-1.00
hilbert_smith_conjecture,O_1,4671360,-1.00,-2.00,-1.00,1.00,-1.00,0.00,-1.00,-2.00,-2.00,-2.00,-1.00,-2.00
p_adic_integers,O_0,11668464,1.00,1.00,1.00,-2.00,-1.00,-1.00,0.00,1.00,1.00,-2.00,-1.00,-2.00
lie_group_generic,O_0,4907094,-1.00,-2.00,1.00,1.00,0.00,1.00,1.00,1.00,-1.00,-2.00,0.00,1.00
connected_manifold,O_0,4690614,-1.00,-2.00,-1.00,1.00,0.00,1.00,1.00,-2.00,-1.00,-2.00,0.00,1.00
effective_group_action,O_0,4907098,-1.00,-2.00,1.00,1.00,0.00,1.00,1.00,1.00,-1.00,-2.00,1.00,1.00
hilbert_first_continuum,O_0,11543088,1.00,1.00,-1.00,0.00,-1.00,1.00,-1.00,-2.00,-1.00,-2.00,-1.00,-2.00
hilbert_second_consistency,O_1,5537280,-1.00,-1.00,-1.00,1.00,-1.00,0.00,1.00,-2.00,-2.00,-2.00,-1.00,-2.00
hilbert_fifth_lie_groups,O_0,4890302,-1.00,-2.00,1.00,1.00,-1.00,1.00,-1.00,-2.00,-1.00,-1.00,-1.00,1.00
hilbert_eighth_riemann,O_2,12522830,1.00,2.00,-1.00,2.00,1.00,1.00,-1.00,1.00,0.00,-1.00,-1.00,1.00
hilbert_tenth_diophantine,O_0,4540800,-1.00,-2.00,-1.00,-2.00,-1.00,-1.00,1.00,-2.00,-2.00,-2.00,-1.00,-2.00
yang_mills_baseline,O_0,12479105,1.00,2.00,-1.00,1.00,1.00,1.00,-1.00,-2.00,-1.00,-1.00,0.00,-1.00
simon_problem_classical,O_0,8862240,1.00,-2.00,-1.00,-2.00,-1.00,0.00,-1.00,1.00,-2.00,-2.00,-1.00,-2.00
simon_problem_quantum,O_0,16975510,2.00,2.00,1.00,0.00,1.00,2.00,-1.00,2.00,-1.00,-1.00,1.00,1.00
rotas_basis_conjecture,O_0,355252,-2.00,-2.00,-1.00,1.00,-1.00,1.00,0.00,-2.00,-1.00,-2.00,0.00,-2.00
bounded_burnside_problem,O_0,5511424,-1.00,-1.00,-1.00,0.00,0.00,1.00,1.00,-2.00,-1.00,-1.00,0.00,-2.00
bounded_burnside_proven_n2,O_inf,10144173,1.00,-1.00,1.00,2.00,1.00,0.00,-1.00,2.00,-1.00,2.00,1.00,-1.00
bounded_burnside_counterexample,O_0,8652672,1.00,-2.00,-2.00,-2.00,-1.00,2.00,0.00,-2.00,2.00,-2.00,-1.00,-2.00
burnside_infinite_group,O_0,8959996,1.00,-2.00,-1.00,0.00,0.00,-1.00,-1.00,-1.00,-1.00,1.00,0.00,-2.00
invariant_subspace_problem,O_0,8891112,1.00,-2.00,-1.00,-2.00,1.00,0.00,-1.00,1.00,-1.00,1.00,-1.00,-2.00
invariant_subspace_proven,O_inf,9280153,1.00,-2.00,1.00,2.00,1.00,0.00,-1.00,2.00,-1.00,1.00,-1.00,-1.00
banach_space_generic,O_0,8891112,1.00,-2.00,-1.00,-2.00,1.00,0.00,-1.00,1.00,-1.00,1.00,-1.00,-2.00
hilbert_space_generic,O_0,8977513,1.00,-2.00,-1.00,0.00,1.00,0.00,-1.00,1.00,-1.00,1.00,-1.00,-1.00
collatz_conjecture,O_2,141696,-2.00,-2.00,-2.00,1.00,-1.00,2.00,-1.00,1.00,0.00,-2.00,-1.00,-2.00
collatz_theorem_proven,O_inf,17056173,2.00,2.00,1.00,2.00,1.00,0.00,-1.00,2.00,-1.00,2.00,1.00,-1.00
collatz_counterexample,O_0,8652516,1.00,-2.00,-2.00,-2.00,-1.00,2.00,0.00,-2.00,-2.00,2.00,-1.00,-2.00
eden_growth_model,O_0,8995508,1.00,-2.00,-1.00,1.00,-1.00,1.00,0.00,-1.00,-1.00,-1.00,1.00,-2.00
eden_conjecture_proven,O_inf,17056174,2.00,2.00,1.00,2.00,1.00,0.00,-1.00,2.00,-1.00,2.00,1.00,1.00
eden_conjecture_unproven,O_0,17012974,2.00,2.00,1.00,1.00,1.00,0.00,-1.00,2.00,-1.00,2.00,1.00,1.00
boundary_given,O_0,16742210,2.00,2.00,-1.00,0.00,0.00,1.00,-1.00,2.00,-1.00,-2.00,-1.00,1.00
proven_manifold,O_inf,17056173,2.00,2.00,1.00,2.00,1.00,0.00,-1.00,2.00,-1.00,2.00,1.00,-1.00
first_passage_percolation_conjecture,O_0,8881508,1.00,-2.00,-1.00,-2.00,0.00,1.00,1.00,1.00,-1.00,-1.00,1.00,-2.00
first_passage_percolation_proven,O_inf,17056162,2.00,2.00,1.00,2.00,1.00,0.00,-1.00,2.00,-1.00,1.00,1.00,1.00
richardson_model_conjecture,O_0,8879588,1.00,-2.00,-1.00,-2.00,0.00,1.00,-1.00,1.00,-1.00,-1.00,1.00,-2.00
richardson_model_proven,O_inf,17056174,2.00,2.00,1.00,2.00,1.00,0.00,-1.00,2.00,-1.00,2.00,1.00,1.00
proven_manifold_connes,O_inf,17056173,2.00,2.00,1.00,2.00,1.00,0.00,-1.00,2.00,-1.00,2.00,1.00,-1.00
crouzeix_conjecture,O_0,7239424,-1.00,1.00,-1.00,0.00,0.00,1.00,1.00,-2.00,-1.00,-1.00,0.00,-2.00
proven_manifold_crouzeix,O_inf,17056173,2.00,2.00,1.00,2.00,1.00,0.00,-1.00,2.00,-1.00,2.00,1.00,-1.00
monomial_conjecture,O_0,5509508,-1.00,-1.00,-1.00,0.00,0.00,1.00,-1.00,-2.00,-1.00,-1.00,1.00,-2.00
monomial_theorem,O_inf,17056173,2.00,2.00,1.00,2.00,1.00,0.00,-1.00,2.00,-1.00,2.00,1.00,-1.00
bass_embedding_conjecture,O_0,7251908,-1.00,1.00,-1.00,0.00,1.00,1.00,-1.00,-2.00,-1.00,-1.00,1.00,-2.00
bass_embedding_theorem,O_inf,17056173,2.00,2.00,1.00,2.00,1.00,0.00,-1.00,2.00,-1.00,2.00,1.00,-1.00
froberg_conjecture,O_0,7223096,-1.00,1.00,-1.00,0.00,-1.00,1.00,-1.00,-2.00,-1.00,-2.00,1.00,-2.00
froberg_theorem,O_inf,17056173,2.00,2.00,1.00,2.00,1.00,0.00,-1.00,2.00,-1.00,2.00,1.00,-1.00
nagata_conjecture,O_0,7224056,-1.00,1.00,-1.00,0.00,-1.00,1.00,0.00,-2.00,-1.00,-2.00,1.00,-2.00
nagata_theorem,O_inf,17056173,2.00,2.00,1.00,2.00,1.00,0.00,-1.00,2.00,-1.00,2.00,1.00,-1.00
virasoro_conjecture,O_0,7224056,-1.00,1.00,-1.00,0.00,-1.00,1.00,0.00,-2.00,-1.00,-2.00,1.00,-2.00
virasoro_theorem,O_inf,17056173,2.00,2.00,1.00,2.00,1.00,0.00,-1.00,2.00,-1.00,2.00,1.00,-1.00
tate_conjecture,O_0,7237508,-1.00,1.00,-1.00,0.00,0.00,1.00,-1.00,-2.00,-1.00,-1.00,1.00,-2.00
tate_theorem,O_inf,17056173,2.00,2.00,1.00,2.00,1.00,0.00,-1.00,2.00,-1.00,2.00,1.00,-1.00
fontaine_mazur_conjecture,O_0,8876720,1.00,-2.00,-1.00,-2.00,0.00,0.00,-1.00,1.00,-1.00,1.00,1.00,-2.00
gan_gross_prasad_conjecture,O_0,8879600,1.00,-2.00,-1.00,-2.00,0.00,1.00,-1.00,1.00,-1.00,1.00,1.00,-2.00
greenberg_iwasawa_conjecture,O_0,8922788,1.00,-2.00,-1.00,-1.00,0.00,1.00,-1.00,1.00,-1.00,-1.00,1.00,-2.00
greenberg_padic_lfunction_conjecture,O_0,8922788,1.00,-2.00,-1.00,-1.00,0.00,1.00,-1.00,1.00,-1.00,-1.00,1.00,-2.00
hermite_conjecture,O_0,223248,-2.00,-2.00,-1.00,-2.00,-1.00,0.00,0.00,1.00,-1.00,-2.00,-1.00,-2.00
hermite_theorem,O_inf,17056173,2.00,2.00,1.00,2.00,1.00,0.00,-1.00,2.00,-1.00,2.00,1.00,-1.00
kummer_vandiver_conjecture,O_0,4544696,-1.00,-2.00,-1.00,-2.00,-1.00,1.00,-1.00,-2.00,-1.00,-2.00,1.00,-2.00
lang_trotter_conjecture,O_0,8881520,1.00,-2.00,-1.00,-2.00,0.00,1.00,1.00,1.00,-1.00,1.00,1.00,-2.00
leopoldt_conjecture,O_0,224696,-2.00,-2.00,-1.00,-2.00,-1.00,1.00,-1.00,-2.00,-1.00,-2.00,1.00,-2.00
stark_conjectures,O_0,8878640,1.00,-2.00,-1.00,-2.00,0.00,0.00,1.00,1.00,-1.00,1.00,1.00,-2.00
inverse_galois_problem,O_0,4560980,-1.00,-2.00,-1.00,-2.00,0.00,1.00,1.00,-2.00,-2.00,-1.00,1.00,-2.00
burnside_problem_bounded,O_2,8959852,1.00,-2.00,-1.00,0.00,0.00,-1.00,-1.00,-2.00,1.00,1.00,0.00,-2.00
jacobian_conjecture,O_0,9140672,1.00,-2.00,1.00,-1.00,0.00,1.00,1.00,1.00,-2.00,1.00,1.00,-2.00
langlands_program,O_0,13199540,2.00,-2.00,-1.00,-2.00,0.00,1.00,-1.00,1.00,-2.00,-1.00,1.00,-2.00
broue_conjecture,O_0,4561460,-1.00,-2.00,-1.00,-2.00,0.00,1.00,1.00,1.00,-2.00,-1.00,1.00,-2.00
alperin_weight_conjecture,O_0,4556180,-1.00,-2.00,-1.00,-2.00,0.00,0.00,-1.00,-2.00,-2.00,-1.00,1.00,-2.00
ramsey_numbers_general,O_0,4554244,-1.00,-2.00,-1.00,-2.00,0.00,-1.00,0.00,-2.00,-2.00,-2.00,0.00,-2.00
van_der_waerden_extended,O_0,8965036,1.00,-2.00,-1.00,0.00,0.00,0.00,1.00,1.00,-1.00,1.00,0.00,-2.00
combinatorial_design_existence,O_1,7267204,-1.00,1.00,-1.00,1.00,-1.00,1.00,0.00,-2.00,-2.00,-2.00,0.00,-2.00
three_body_problem,O_0,4759732,-1.00,-2.00,1.00,-2.00,-1.00,0.00,1.00,-2.00,-1.00,-2.00,0.00,-2.00
turbulence_onset,O_0,4556000,-1.00,-2.00,-1.00,-2.00,0.00,-1.00,1.00,2.00,-1.00,1.00,1.00,-2.00
lorenz_attractor,O_0,4563596,-1.00,-2.00,-1.00,-2.00,0.00,2.00,0.00,1.00,2.00,2.00,1.00,-2.00
navier_stokes_smoothness,O_0,4555712,-1.00,-2.00,-1.00,-2.00,0.00,-1.00,1.00,1.00,-2.00,1.00,1.00,-2.00
ergodic_mixing_problem,O_0,8873792,1.00,-2.00,-1.00,-2.00,0.00,-1.00,-1.00,1.00,-2.00,1.00,1.00,-2.00
zariski_cancellation,O_0,4555232,-1.00,-2.00,-1.00,-2.00,0.00,-1.00,1.00,-2.00,-2.00,1.00,1.00,-2.00
abundance_conjecture,O_0,5422592,-1.00,-1.00,-1.00,-2.00,0.00,0.00,1.00,1.00,-2.00,1.00,1.00,-2.00
sphere_covering_problem,O_0,8860804,1.00,-2.00,-1.00,-2.00,-1.00,-1.00,1.00,-2.00,-2.00,-2.00,0.00,-2.00
hadwiger_nelson_problem,O_inf,17271922,2.00,2.00,2.00,2.00,1.00,0.00,-1.00,1.00,-1.00,1.00,1.00,1.00
sphere_packing_density_open,O_0,8860996,1.00,-2.00,-1.00,-2.00,-1.00,-1.00,1.00,-2.00,2.00,-2.00,0.00,-2.00
penrose_inequality,O_0,13196188,2.00,-2.00,-1.00,-2.00,0.00,0.00,-1.00,-2.00,-2.00,1.00,0.00,-2.00
hopf_conjecture_positive_curvature,O_0,4560976,-1.00,-2.00,-1.00,-2.00,0.00,1.00,1.00,-2.00,-2.00,-1.00,0.00,-2.00
kakeya_conjecture,O_0,8923692,1.00,-2.00,-1.00,-1.00,0.00,1.00,0.00,1.00,-2.00,-1.00,-1.00,-2.00
borsuk_conjecture,O_0,4603200,-1.00,-2.00,-1.00,-1.00,0.00,1.00,0.00,-2.00,-2.00,-2.00,-1.00,-2.00
hadwiger_conjecture,O_0,4597924,-1.00,-2.00,-1.00,-1.00,0.00,-1.00,0.00,1.00,-2.00,-2.00,0.00,-2.00
racemic_chemistry_baseline,O_1,355680,-2.00,-2.00,-1.00,1.00,-1.00,1.00,0.00,1.00,-2.00,-2.00,-1.00,-2.00
biological_homochirality,O_0,5857521,-1.00,-1.00,2.00,-2.00,0.00,1.00,1.00,1.00,-1.00,1.00,1.00,-1.00
on_water_interface,O_0,4563908,-1.00,-2.00,-1.00,-2.00,0.00,2.00,1.00,-2.00,-1.00,-1.00,1.00,-2.00
bulk_organic_reaction,O_1,370080,-2.00,-2.00,-1.00,1.00,0.00,1.00,0.00,1.00,-2.00,-2.00,-1.00,-2.00
bulk_aqueous_reaction,O_1,370088,-2.00,-2.00,-1.00,1.00,0.00,1.00,0.00,1.00,-2.00,-2.00,1.00,-2.00
aryl_diazonium_salt,O_0,1092960,-2.00,-1.00,-1.00,-2.00,-1.00,2.00,0.00,1.00,-2.00,-2.00,-1.00,-2.00
sn1_dediazotization,O_0,1090080,-2.00,-1.00,-1.00,-2.00,-1.00,1.00,0.00,1.00,-2.00,-2.00,-1.00,-2.00
radical_dediazotization,O_0,1107408,-2.00,-1.00,-1.00,-2.00,0.00,2.00,0.00,1.00,-1.00,-2.00,-1.00,-2.00
dediazotization_observed,O_0,1107408,-2.00,-1.00,-1.00,-2.00,0.00,2.00,0.00,1.00,-1.00,-2.00,-1.00,-2.00
electrochemical_cell,O_1,4634888,-1.00,-2.00,-1.00,0.00,-1.00,2.00,0.00,-2.00,-2.00,-2.00,1.00,-2.00
organic_redox_reaction,O_1,4646408,-1.00,-2.00,-1.00,0.00,0.00,1.00,0.00,-2.00,-2.00,-2.00,1.00,-2.00
asymmetric_hydrogenation,O_0,674953,-2.00,-2.00,2.00,-2.00,0.00,2.00,0.00,-2.00,-1.00,1.00,-1.00,-1.00
sharpless_epoxidation,O_0,674953,-2.00,-2.00,2.00,-2.00,0.00,2.00,0.00,-2.00,-1.00,1.00,-1.00,-1.00
aldol_asymmetric,O_0,674953,-2.00,-2.00,2.00,-2.00,0.00,2.00,0.00,-2.00,-1.00,1.00,-1.00,-1.00
diels_alder_asymmetric,O_0,674953,-2.00,-2.00,2.00,-2.00,0.00,2.00,0.00,-2.00,-1.00,1.00,-1.00,-1.00
SN1_carbocation,O_0,1090080,-2.00,-1.00,-1.00,-2.00,-1.00,1.00,0.00,1.00,-2.00,-2.00,-1.00,-2.00
SN2_inversion,O_0,674940,-2.00,-2.00,2.00,-2.00,0.00,2.00,0.00,-2.00,-1.00,-1.00,-1.00,-2.00
radical_uncatalyzed,O_0,445400,-2.00,-2.00,1.00,-2.00,-1.00,2.00,0.00,2.00,2.00,-2.00,1.00,-2.00
enzymatic_asymmetric,O_0,5858953,-1.00,-1.00,2.00,-2.00,0.00,2.00,0.00,-2.00,-1.00,1.00,-1.00,-1.00
quaternary_carbon_stereocenter,O_0,672060,-2.00,-2.00,2.00,-2.00,0.00,1.00,0.00,-2.00,-1.00,-1.00,-1.00,-2.00
arbitrary_quaternary_synthesis,O_0,674953,-2.00,-2.00,2.00,-2.00,0.00,2.00,0.00,-2.00,-1.00,1.00,-1.00,-1.00
protecting_group_chemistry,O_0,1090100,-2.00,-1.00,-1.00,-2.00,-1.00,1.00,0.00,1.00,-2.00,-1.00,1.00,-2.00
natural_enzyme,O_0,5859921,-1.00,-1.00,2.00,-2.00,0.00,2.00,1.00,-2.00,-1.00,1.00,1.00,-1.00
artificial_enzyme,O_0,5857028,-1.00,-1.00,2.00,-2.00,0.00,1.00,1.00,-2.00,-1.00,-1.00,1.00,-2.00
sensitive_compound_modification,O_0,1090100,-2.00,-1.00,-1.00,-2.00,-1.00,1.00,0.00,1.00,-2.00,-1.00,1.00,-2.00
qft_vacuum_baseline,O_1,343680,-2.00,-2.00,-1.00,0.00,1.00,2.00,0.00,-2.00,-2.00,-2.00,-1.00,-2.00
qft_vacuum_energy_holistic,O_1,343680,-2.00,-2.00,-1.00,0.00,1.00,2.00,0.00,-2.00,-2.00,-2.00,-1.00,-2.00
qft_vacuum_energy_compositional,O_1,343680,-2.00,-2.00,-1.00,0.00,1.00,2.00,0.00,-2.00,-2.00,-2.00,-1.00,-2.00
holographic_qft_vacuum,O_0,17012965,2.00,2.00,1.00,1.00,1.00,0.00,-1.00,2.00,-1.00,2.00,-1.00,-1.00
qcd_theta_vacuum,O_0,9112848,1.00,-2.00,1.00,-2.00,1.00,2.00,-1.00,1.00,-1.00,-2.00,-1.00,-2.00
qcd_cp_conserving,O_0,9199248,1.00,-2.00,1.00,0.00,1.00,2.00,-1.00,1.00,-1.00,-2.00,-1.00,-2.00
axion_qcd_coupled,O_0,9193488,1.00,-2.00,1.00,0.00,1.00,0.00,-1.00,1.00,-1.00,-2.00,-1.00,-2.00
topological_cp_solution,O_0,9193489,1.00,-2.00,1.00,0.00,1.00,0.00,-1.00,1.00,-1.00,-2.00,-1.00,-1.00
unitary_quantum_evolution,O_0,17012694,2.00,2.00,1.00,1.00,1.00,0.00,-1.00,1.00,-1.00,-2.00,0.00,1.00
quantum_measurement_collapse,O_0,2835516,-2.00,1.00,-1.00,-2.00,0.00,2.00,0.00,1.00,1.00,-1.00,-1.00,-2.00
quantum_superposition,O_0,17012694,2.00,2.00,1.00,1.00,1.00,0.00,-1.00,1.00,-1.00,-2.00,0.00,1.00
decoherence_environment,O_0,13473428,2.00,-2.00,1.00,-1.00,1.00,1.00,-1.00,2.00,-1.00,-1.00,1.00,-2.00
BCS_superconductor,O_0,4700214,-1.00,-2.00,-1.00,1.00,1.00,0.00,-1.00,-2.00,-1.00,-2.00,0.00,1.00
cuprate_highTc,O_0,4617426,-1.00,-2.00,-1.00,-1.00,1.00,1.00,-1.00,2.00,-1.00,-1.00,0.00,1.00
cuprate_peeled_Phi,O_0,4617378,-1.00,-2.00,-1.00,-1.00,1.00,1.00,-1.00,2.00,-2.00,-1.00,0.00,1.00
matter_antimatter_symmetric,O_inf,17056133,2.00,2.00,1.00,2.00,1.00,0.00,-1.00,2.00,-1.00,-2.00,0.00,-1.00
our_universe_asymmetric,O_0,16883373,2.00,2.00,1.00,-2.00,1.00,0.00,-1.00,2.00,-1.00,2.00,1.00,-1.00
electroweak_phase_transition,O_0,13473429,2.00,-2.00,1.00,-1.00,1.00,1.00,-1.00,2.00,-1.00,-1.00,1.00,-1.00
sakharov_conditions,O_0,13430228,2.00,-2.00,1.00,-2.00,1.00,1.00,-1.00,2.00,-1.00,-1.00,1.00,-2.00
smooth_horizon_no_firewall,O_0,17012726,2.00,2.00,1.00,1.00,1.00,0.00,-1.00,1.00,-1.00,2.00,-1.00,1.00
firewall_horizon,O_0,16024406,2.00,1.00,1.00,-2.00,1.00,2.00,-1.00,-2.00,-1.00,2.00,-1.00,1.00
hawking_radiation_early,O_0,9239848,1.00,-2.00,1.00,1.00,1.00,1.00,-1.00,2.00,-1.00,2.00,0.00,-2.00
hawking_radiation_late,O_0,9239848,1.00,-2.00,1.00,1.00,1.00,1.00,-1.00,2.00,-1.00,2.00,0.00,-2.00
interior_mode_B,O_0,17012726,2.00,2.00,1.00,1.00,1.00,0.00,-1.00,1.00,-1.00,2.00,-1.00,1.00
sterile_neutrino_encoded,O_1,13274676,2.00,-2.00,-1.00,0.00,-1.00,2.00,-1.00,2.00,-2.00,2.00,-1.00,-2.00
cuspy_halo_cdm,O_0,228484,-2.00,-2.00,-1.00,-2.00,-1.00,2.00,0.00,-2.00,-2.00,-2.00,0.00,-2.00
cored_halo_observed,O_0,5497265,-1.00,-1.00,-1.00,0.00,-1.00,1.00,1.00,-1.00,-1.00,-1.00,0.00,-1.00
stellar_feedback_core,O_0,5713749,-1.00,-1.00,1.00,0.00,-1.00,1.00,1.00,2.00,-1.00,-1.00,1.00,-1.00
sonoluminescence,O_0,8337432,-1.00,2.00,1.00,0.00,1.00,2.00,1.00,2.00,-1.00,1.00,-1.00,-2.00
cavitation_bubble,O_1,3123612,-2.00,1.00,1.00,0.00,-1.00,2.00,0.00,2.00,-2.00,-1.00,-1.00,-2.00
water_ambient,O_0,226320,-2.00,-2.00,-1.00,-2.00,-1.00,1.00,0.00,2.00,-2.00,-2.00,-1.00,-2.00
acoustic_driving_field,O_0,9170688,1.00,-2.00,1.00,0.00,-1.00,2.00,-1.00,2.00,-1.00,-2.00,-1.00,-2.00
sonoluminescence_compositional,O_0,11762700,1.00,1.00,1.00,0.00,-1.00,2.00,-1.00,2.00,-1.00,-1.00,-1.00,-2.00
bubble_collapse_singularity,O_0,3151752,-2.00,1.00,1.00,0.00,1.00,2.00,0.00,-2.00,-1.00,1.00,-1.00,-2.00
gzk_cutoff_mechanism,O_0,9199248,1.00,-2.00,1.00,0.00,1.00,2.00,-1.00,1.00,-1.00,-2.00,-1.00,-2.00
uhecr_source_local,O_0,473952,-2.00,-2.00,1.00,-2.00,1.00,2.00,0.00,1.00,2.00,-2.00,-1.00,-2.00
uhecr_source_distant,O_0,9112992,1.00,-2.00,1.00,-2.00,1.00,2.00,-1.00,1.00,2.00,-2.00,-1.00,-2.00
gzk_paradox,O_0,9112992,1.00,-2.00,1.00,-2.00,1.00,2.00,-1.00,1.00,2.00,-2.00,-1.00,-2.00
gzk_resolution_local,O_0,473952,-2.00,-2.00,1.00,-2.00,1.00,2.00,0.00,1.00,2.00,-2.00,-1.00,-2.00
gzk_resolution_new_physics,O_inf,12736165,1.00,2.00,1.00,2.00,1.00,0.00,-1.00,2.00,-1.00,2.00,-1.00,-1.00
trans_planckian_baseline,O_0,248640,-2.00,-2.00,-1.00,-2.00,1.00,-1.00,0.00,-2.00,-2.00,-2.00,-1.00,-2.00
inflation_standard_calculation,O_0,13499364,2.00,-2.00,1.00,0.00,0.00,0.00,-1.00,2.00,-1.00,2.00,-1.00,-2.00
core_collapse_supernova_neutrino,O_0,5682320,-1.00,-1.00,1.00,-1.00,0.00,1.00,-1.00,-2.00,-1.00,1.00,1.00,-2.00
failed_supernova,O_0,5676512,-1.00,-1.00,1.00,-1.00,0.00,-1.00,-1.00,-2.00,-2.00,1.00,1.00,-2.00
magnetorotational_supernova,O_0,5644414,-1.00,-1.00,1.00,-2.00,0.00,2.00,1.00,1.00,-1.00,2.00,1.00,1.00
fundamental_constants_immutable,O_1,15932160,2.00,1.00,-1.00,1.00,1.00,0.00,-1.00,-2.00,-2.00,-2.00,-1.00,-2.00
fundamental_constants_varying,O_0,9110000,1.00,-2.00,1.00,-2.00,1.00,1.00,-1.00,1.00,-1.00,1.00,1.00,-2.00
dirac_large_numbers,O_0,13470252,2.00,-2.00,1.00,-1.00,1.00,0.00,-1.00,1.00,-2.00,-1.00,-1.00,-2.00
brane_cosmology_varying,O_0,14423602,2.00,-1.00,1.00,1.00,1.00,1.00,-1.00,1.00,-1.00,1.00,1.00,1.00
kerr_black_hole_stable,O_0,16972654,2.00,2.00,1.00,0.00,1.00,1.00,-1.00,2.00,-1.00,2.00,1.00,1.00
kerr_black_hole_unstable,O_2†,16966988,2.00,2.00,1.00,0.00,1.00,-1.00,-1.00,2.00,1.00,2.00,1.00,-2.00
kerr_stable_no_protection,O_0,16972652,2.00,2.00,1.00,0.00,1.00,1.00,-1.00,2.00,-1.00,2.00,1.00,-2.00
ligo_virgo_kagra_gw,O_0,13256710,2.00,-2.00,-1.00,-1.00,1.00,1.00,-1.00,-2.00,-1.00,-1.00,1.00,1.00
swift_bat_guano,O_0,244128,-2.00,-2.00,-1.00,-2.00,0.00,2.00,1.00,-1.00,-1.00,-2.00,-1.00,-2.00
einstein_probe_xrt,O_0,244388,-2.00,-2.00,-1.00,-2.00,0.00,2.00,1.00,1.00,-1.00,-1.00,1.00,-2.00
S241125n_triple_coincidence,O_0,13256709,2.00,-2.00,-1.00,-1.00,1.00,1.00,-1.00,-2.00,-1.00,-1.00,1.00,-1.00
hebrew_programming_language_O2,O_0,5780226,-1.00,-1.00,1.00,1.00,1.00,0.00,-1.00,-2.00,-1.00,-1.00,0.00,1.00
alpha,O_0,228960,-2.00,-2.00,-1.00,-2.00,-1.00,2.00,0.00,1.00,-2.00,-2.00,-1.00,-2.00
beta,O_0,2820960,-2.00,1.00,-1.00,-2.00,-1.00,2.00,0.00,1.00,-2.00,-2.00,-1.00,-2.00
gamma,O_0,228960,-2.00,-2.00,-1.00,-2.00,-1.00,2.00,0.00,1.00,-2.00,-2.00,-1.00,-2.00
epsilon,O_0,228960,-2.00,-2.00,-1.00,-2.00,-1.00,2.00,0.00,1.00,-2.00,-2.00,-1.00,-2.00
zeta,O_1,358560,-2.00,-2.00,-1.00,1.00,-1.00,2.00,0.00,1.00,-2.00,-2.00,-1.00,-2.00
eta,O_1,358560,-2.00,-2.00,-1.00,1.00,-1.00,2.00,0.00,1.00,-2.00,-2.00,-1.00,-2.00
theta,O_1,2950560,-2.00,1.00,-1.00,1.00,-1.00,2.00,0.00,1.00,-2.00,-2.00,-1.00,-2.00
iota,O_1,358560,-2.00,-2.00,-1.00,1.00,-1.00,2.00,0.00,1.00,-2.00,-2.00,-1.00,-2.00
kappa,O_0,228960,-2.00,-2.00,-1.00,-2.00,-1.00,2.00,0.00,1.00,-2.00,-2.00,-1.00,-2.00
lambda,O_1,358560,-2.00,-2.00,-1.00,1.00,-1.00,2.00,0.00,1.00,-2.00,-2.00,-1.00,-2.00
mu,O_1,358560,-2.00,-2.00,-1.00,1.00,-1.00,2.00,0.00,1.00,-2.00,-2.00,-1.00,-2.00
nu,O_0,228960,-2.00,-2.00,-1.00,-2.00,-1.00,2.00,0.00,1.00,-2.00,-2.00,-1.00,-2.00
xi,O_1,358560,-2.00,-2.00,-1.00,1.00,-1.00,2.00,0.00,1.00,-2.00,-2.00,-1.00,-2.00
omicron,O_1,2950560,-2.00,1.00,-1.00,1.00,-1.00,2.00,0.00,1.00,-2.00,-2.00,-1.00,-2.00
pi,O_0,12479810,1.00,2.00,-1.00,1.00,1.00,1.00,-1.00,2.00,-1.00,-2.00,-1.00,1.00
rho,O_0,2820960,-2.00,1.00,-1.00,-2.00,-1.00,2.00,0.00,1.00,-2.00,-2.00,-1.00,-2.00
sigma,O_1,358560,-2.00,-2.00,-1.00,1.00,-1.00,2.00,0.00,1.00,-2.00,-2.00,-1.00,-2.00
tau,O_1,358560,-2.00,-2.00,-1.00,1.00,-1.00,2.00,0.00,1.00,-2.00,-2.00,-1.00,-2.00
upsilon,O_1,358560,-2.00,-2.00,-1.00,1.00,-1.00,2.00,0.00,1.00,-2.00,-2.00,-1.00,-2.00
phi,O_1,358560,-2.00,-2.00,-1.00,1.00,-1.00,2.00,0.00,1.00,-2.00,-2.00,-1.00,-2.00
chi,O_1,358560,-2.00,-2.00,-1.00,1.00,-1.00,2.00,0.00,1.00,-2.00,-2.00,-1.00,-2.00
psi,O_1,358560,-2.00,-2.00,-1.00,1.00,-1.00,2.00,0.00,1.00,-2.00,-2.00,-1.00,-2.00
omega,O_1,358560,-2.00,-2.00,-1.00,1.00,-1.00,2.00,0.00,1.00,-2.00,-2.00,-1.00,-2.00
delta,O_1,358560,-2.00,-2.00,-1.00,1.00,-1.00,2.00,0.00,1.00,-2.00,-2.00,-1.00,-2.00
cherokee_a,O_0,2835372,-2.00,1.00,-1.00,-2.00,0.00,2.00,0.00,1.00,-2.00,-1.00,-1.00,-2.00
cherokee_e,O_0,2835372,-2.00,1.00,-1.00,-2.00,0.00,2.00,0.00,1.00,-2.00,-1.00,-1.00,-2.00
cherokee_i,O_0,2835372,-2.00,1.00,-1.00,-2.00,0.00,2.00,0.00,1.00,-2.00,-1.00,-1.00,-2.00
cherokee_o,O_0,2835372,-2.00,1.00,-1.00,-2.00,0.00,2.00,0.00,1.00,-2.00,-1.00,-1.00,-2.00
cherokee_u,O_0,2835372,-2.00,1.00,-1.00,-2.00,0.00,2.00,0.00,1.00,-2.00,-1.00,-1.00,-2.00
cherokee_v,O_0,2835372,-2.00,1.00,-1.00,-2.00,0.00,2.00,0.00,1.00,-2.00,-1.00,-1.00,-2.00
cherokee_ga,O_0,2835372,-2.00,1.00,-1.00,-2.00,0.00,2.00,0.00,1.00,-2.00,-1.00,-1.00,-2.00
cherokee_ka,O_0,2835372,-2.00,1.00,-1.00,-2.00,0.00,2.00,0.00,1.00,-2.00,-1.00,-1.00,-2.00
cherokee_ge,O_0,2835372,-2.00,1.00,-1.00,-2.00,0.00,2.00,0.00,1.00,-2.00,-1.00,-1.00,-2.00
cherokee_gi,O_0,2835372,-2.00,1.00,-1.00,-2.00,0.00,2.00,0.00,1.00,-2.00,-1.00,-1.00,-2.00
cherokee_go,O_0,2835372,-2.00,1.00,-1.00,-2.00,0.00,2.00,0.00,1.00,-2.00,-1.00,-1.00,-2.00
cherokee_gu,O_0,2835372,-2.00,1.00,-1.00,-2.00,0.00,2.00,0.00,1.00,-2.00,-1.00,-1.00,-2.00
cherokee_gv,O_0,2835372,-2.00,1.00,-1.00,-2.00,0.00,2.00,0.00,1.00,-2.00,-1.00,-1.00,-2.00
cherokee_ha,O_0,2835372,-2.00,1.00,-1.00,-2.00,0.00,2.00,0.00,1.00,-2.00,-1.00,-1.00,-2.00
cherokee_he,O_0,2835372,-2.00,1.00,-1.00,-2.00,0.00,2.00,0.00,1.00,-2.00,-1.00,-1.00,-2.00
cherokee_hi,O_0,2835372,-2.00,1.00,-1.00,-2.00,0.00,2.00,0.00,1.00,-2.00,-1.00,-1.00,-2.00
cherokee_ho,O_0,2835372,-2.00,1.00,-1.00,-2.00,0.00,2.00,0.00,1.00,-2.00,-1.00,-1.00,-2.00
cherokee_hu,O_0,2835372,-2.00,1.00,-1.00,-2.00,0.00,2.00,0.00,1.00,-2.00,-1.00,-1.00,-2.00
cherokee_hv,O_0,2835372,-2.00,1.00,-1.00,-2.00,0.00,2.00,0.00,1.00,-2.00,-1.00,-1.00,-2.00
cherokee_la,O_0,2835372,-2.00,1.00,-1.00,-2.00,0.00,2.00,0.00,1.00,-2.00,-1.00,-1.00,-2.00
cherokee_le,O_0,2835372,-2.00,1.00,-1.00,-2.00,0.00,2.00,0.00,1.00,-2.00,-1.00,-1.00,-2.00
cherokee_li,O_0,2835372,-2.00,1.00,-1.00,-2.00,0.00,2.00,0.00,1.00,-2.00,-1.00,-1.00,-2.00
cherokee_lo,O_0,2835372,-2.00,1.00,-1.00,-2.00,0.00,2.00,0.00,1.00,-2.00,-1.00,-1.00,-2.00
cherokee_lu,O_0,2835372,-2.00,1.00,-1.00,-2.00,0.00,2.00,0.00,1.00,-2.00,-1.00,-1.00,-2.00
cherokee_lv,O_0,2835372,-2.00,1.00,-1.00,-2.00,0.00,2.00,0.00,1.00,-2.00,-1.00,-1.00,-2.00
cherokee_ma,O_0,2835372,-2.00,1.00,-1.00,-2.00,0.00,2.00,0.00,1.00,-2.00,-1.00,-1.00,-2.00
cherokee_me,O_0,2835372,-2.00,1.00,-1.00,-2.00,0.00,2.00,0.00,1.00,-2.00,-1.00,-1.00,-2.00
cherokee_mi,O_0,2835372,-2.00,1.00,-1.00,-2.00,0.00,2.00,0.00,1.00,-2.00,-1.00,-1.00,-2.00
cherokee_mo,O_0,2835372,-2.00,1.00,-1.00,-2.00,0.00,2.00,0.00,1.00,-2.00,-1.00,-1.00,-2.00
cherokee_mu,O_0,2835372,-2.00,1.00,-1.00,-2.00,0.00,2.00,0.00,1.00,-2.00,-1.00,-1.00,-2.00
cherokee_hna,O_0,2835372,-2.00,1.00,-1.00,-2.00,0.00,2.00,0.00,1.00,-2.00,-1.00,-1.00,-2.00
cherokee_hna_archaic,O_0,2835372,-2.00,1.00,-1.00,-2.00,0.00,2.00,0.00,1.00,-2.00,-1.00,-1.00,-2.00
cherokee_na,O_0,2835372,-2.00,1.00,-1.00,-2.00,0.00,2.00,0.00,1.00,-2.00,-1.00,-1.00,-2.00
cherokee_ne,O_0,2835372,-2.00,1.00,-1.00,-2.00,0.00,2.00,0.00,1.00,-2.00,-1.00,-1.00,-2.00
cherokee_ni,O_0,2835372,-2.00,1.00,-1.00,-2.00,0.00,2.00,0.00,1.00,-2.00,-1.00,-1.00,-2.00
cherokee_no,O_0,2835372,-2.00,1.00,-1.00,-2.00,0.00,2.00,0.00,1.00,-2.00,-1.00,-1.00,-2.00
cherokee_nu,O_0,2835372,-2.00,1.00,-1.00,-2.00,0.00,2.00,0.00,1.00,-2.00,-1.00,-1.00,-2.00
cherokee_nv,O_0,2835372,-2.00,1.00,-1.00,-2.00,0.00,2.00,0.00,1.00,-2.00,-1.00,-1.00,-2.00
cherokee_qua,O_0,2835372,-2.00,1.00,-1.00,-2.00,0.00,2.00,0.00,1.00,-2.00,-1.00,-1.00,-2.00
cherokee_que,O_0,2835372,-2.00,1.00,-1.00,-2.00,0.00,2.00,0.00,1.00,-2.00,-1.00,-1.00,-2.00
cherokee_qui,O_0,2835372,-2.00,1.00,-1.00,-2.00,0.00,2.00,0.00,1.00,-2.00,-1.00,-1.00,-2.00
cherokee_quo,O_0,2835372,-2.00,1.00,-1.00,-2.00,0.00,2.00,0.00,1.00,-2.00,-1.00,-1.00,-2.00
cherokee_quu,O_0,2835372,-2.00,1.00,-1.00,-2.00,0.00,2.00,0.00,1.00,-2.00,-1.00,-1.00,-2.00
cherokee_quv,O_0,2835372,-2.00,1.00,-1.00,-2.00,0.00,2.00,0.00,1.00,-2.00,-1.00,-1.00,-2.00
cherokee_sa,O_0,2835372,-2.00,1.00,-1.00,-2.00,0.00,2.00,0.00,1.00,-2.00,-1.00,-1.00,-2.00
cherokee_s,O_0,2835372,-2.00,1.00,-1.00,-2.00,0.00,2.00,0.00,1.00,-2.00,-1.00,-1.00,-2.00
cherokee_se,O_0,2835372,-2.00,1.00,-1.00,-2.00,0.00,2.00,0.00,1.00,-2.00,-1.00,-1.00,-2.00
cherokee_si,O_0,2835372,-2.00,1.00,-1.00,-2.00,0.00,2.00,0.00,1.00,-2.00,-1.00,-1.00,-2.00
cherokee_so,O_0,2835372,-2.00,1.00,-1.00,-2.00,0.00,2.00,0.00,1.00,-2.00,-1.00,-1.00,-2.00
cherokee_su,O_0,2835372,-2.00,1.00,-1.00,-2.00,0.00,2.00,0.00,1.00,-2.00,-1.00,-1.00,-2.00
cherokee_sv,O_0,2835372,-2.00,1.00,-1.00,-2.00,0.00,2.00,0.00,1.00,-2.00,-1.00,-1.00,-2.00
cherokee_da,O_0,2835372,-2.00,1.00,-1.00,-2.00,0.00,2.00,0.00,1.00,-2.00,-1.00,-1.00,-2.00
cherokee_ta,O_0,2835372,-2.00,1.00,-1.00,-2.00,0.00,2.00,0.00,1.00,-2.00,-1.00,-1.00,-2.00
cherokee_de,O_0,2835372,-2.00,1.00,-1.00,-2.00,0.00,2.00,0.00,1.00,-2.00,-1.00,-1.00,-2.00
cherokee_te,O_0,2835372,-2.00,1.00,-1.00,-2.00,0.00,2.00,0.00,1.00,-2.00,-1.00,-1.00,-2.00
cherokee_di,O_0,2835372,-2.00,1.00,-1.00,-2.00,0.00,2.00,0.00,1.00,-2.00,-1.00,-1.00,-2.00
cherokee_ti,O_0,2835372,-2.00,1.00,-1.00,-2.00,0.00,2.00,0.00,1.00,-2.00,-1.00,-1.00,-2.00
cherokee_do,O_0,2835372,-2.00,1.00,-1.00,-2.00,0.00,2.00,0.00,1.00,-2.00,-1.00,-1.00,-2.00
cherokee_du,O_0,2835372,-2.00,1.00,-1.00,-2.00,0.00,2.00,0.00,1.00,-2.00,-1.00,-1.00,-2.00
cherokee_dv,O_0,2835372,-2.00,1.00,-1.00,-2.00,0.00,2.00,0.00,1.00,-2.00,-1.00,-1.00,-2.00
cherokee_dla,O_0,2835372,-2.00,1.00,-1.00,-2.00,0.00,2.00,0.00,1.00,-2.00,-1.00,-1.00,-2.00
cherokee_tla,O_0,2835372,-2.00,1.00,-1.00,-2.00,0.00,2.00,0.00,1.00,-2.00,-1.00,-1.00,-2.00
cherokee_tle,O_0,2835372,-2.00,1.00,-1.00,-2.00,0.00,2.00,0.00,1.00,-2.00,-1.00,-1.00,-2.00
cherokee_tli,O_0,2835372,-2.00,1.00,-1.00,-2.00,0.00,2.00,0.00,1.00,-2.00,-1.00,-1.00,-2.00
cherokee_tlo,O_0,2835372,-2.00,1.00,-1.00,-2.00,0.00,2.00,0.00,1.00,-2.00,-1.00,-1.00,-2.00
cherokee_tlu,O_0,2835372,-2.00,1.00,-1.00,-2.00,0.00,2.00,0.00,1.00,-2.00,-1.00,-1.00,-2.00
cherokee_tlv,O_0,2835372,-2.00,1.00,-1.00,-2.00,0.00,2.00,0.00,1.00,-2.00,-1.00,-1.00,-2.00
cherokee_tsa,O_0,2835372,-2.00,1.00,-1.00,-2.00,0.00,2.00,0.00,1.00,-2.00,-1.00,-1.00,-2.00
cherokee_tse,O_0,2835372,-2.00,1.00,-1.00,-2.00,0.00,2.00,0.00,1.00,-2.00,-1.00,-1.00,-2.00
cherokee_tsi,O_0,2835372,-2.00,1.00,-1.00,-2.00,0.00,2.00,0.00,1.00,-2.00,-1.00,-1.00,-2.00
cherokee_tso,O_0,2835372,-2.00,1.00,-1.00,-2.00,0.00,2.00,0.00,1.00,-2.00,-1.00,-1.00,-2.00
cherokee_tsu,O_0,2835372,-2.00,1.00,-1.00,-2.00,0.00,2.00,0.00,1.00,-2.00,-1.00,-1.00,-2.00
cherokee_tsv,O_0,2835372,-2.00,1.00,-1.00,-2.00,0.00,2.00,0.00,1.00,-2.00,-1.00,-1.00,-2.00
cherokee_wa,O_0,2835372,-2.00,1.00,-1.00,-2.00,0.00,2.00,0.00,1.00,-2.00,-1.00,-1.00,-2.00
cherokee_we,O_0,2835372,-2.00,1.00,-1.00,-2.00,0.00,2.00,0.00,1.00,-2.00,-1.00,-1.00,-2.00
cherokee_wi,O_0,2835372,-2.00,1.00,-1.00,-2.00,0.00,2.00,0.00,1.00,-2.00,-1.00,-1.00,-2.00
cherokee_wo,O_0,2835372,-2.00,1.00,-1.00,-2.00,0.00,2.00,0.00,1.00,-2.00,-1.00,-1.00,-2.00
cherokee_wu,O_0,2835372,-2.00,1.00,-1.00,-2.00,0.00,2.00,0.00,1.00,-2.00,-1.00,-1.00,-2.00
cherokee_wv,O_0,2835372,-2.00,1.00,-1.00,-2.00,0.00,2.00,0.00,1.00,-2.00,-1.00,-1.00,-2.00
cherokee_ya,O_0,2835372,-2.00,1.00,-1.00,-2.00,0.00,2.00,0.00,1.00,-2.00,-1.00,-1.00,-2.00
cherokee_ye,O_0,2835372,-2.00,1.00,-1.00,-2.00,0.00,2.00,0.00,1.00,-2.00,-1.00,-1.00,-2.00
cherokee_yi,O_0,2835372,-2.00,1.00,-1.00,-2.00,0.00,2.00,0.00,1.00,-2.00,-1.00,-1.00,-2.00
cherokee_yo,O_0,2835372,-2.00,1.00,-1.00,-2.00,0.00,2.00,0.00,1.00,-2.00,-1.00,-1.00,-2.00
cherokee_yu,O_0,2835372,-2.00,1.00,-1.00,-2.00,0.00,2.00,0.00,1.00,-2.00,-1.00,-1.00,-2.00
cherokee_yv,O_0,2835372,-2.00,1.00,-1.00,-2.00,0.00,2.00,0.00,1.00,-2.00,-1.00,-1.00,-2.00
tengwa_tinco,O_0,228480,-2.00,-2.00,-1.00,-2.00,-1.00,2.00,0.00,-2.00,-2.00,-2.00,-1.00,-2.00
tengwa_parma,O_0,228480,-2.00,-2.00,-1.00,-2.00,-1.00,2.00,0.00,-2.00,-2.00,-2.00,-1.00,-2.00
tengwa_calma,O_0,228480,-2.00,-2.00,-1.00,-2.00,-1.00,2.00,0.00,-2.00,-2.00,-2.00,-1.00,-2.00
tengwa_quesse,O_0,228480,-2.00,-2.00,-1.00,-2.00,-1.00,2.00,0.00,-2.00,-2.00,-2.00,-1.00,-2.00
tengwa_thule,O_0,228960,-2.00,-2.00,-1.00,-2.00,-1.00,2.00,0.00,1.00,-2.00,-2.00,-1.00,-2.00
tengwa_formen,O_0,228960,-2.00,-2.00,-1.00,-2.00,-1.00,2.00,0.00,1.00,-2.00,-2.00,-1.00,-2.00
tengwa_harma,O_0,228960,-2.00,-2.00,-1.00,-2.00,-1.00,2.00,0.00,1.00,-2.00,-2.00,-1.00,-2.00
tengwa_hwesta,O_0,228960,-2.00,-2.00,-1.00,-2.00,-1.00,2.00,0.00,1.00,-2.00,-2.00,-1.00,-2.00
tengwa_ando,O_1,314880,-2.00,-2.00,-1.00,0.00,-1.00,2.00,0.00,-2.00,-2.00,-2.00,-1.00,-2.00
tengwa_umbar,O_1,314880,-2.00,-2.00,-1.00,0.00,-1.00,2.00,0.00,-2.00,-2.00,-2.00,-1.00,-2.00
tengva_anga,O_1,314880,-2.00,-2.00,-1.00,0.00,-1.00,2.00,0.00,-2.00,-2.00,-2.00,-1.00,-2.00
tengwa_ungwe,O_1,314880,-2.00,-2.00,-1.00,0.00,-1.00,2.00,0.00,-2.00,-2.00,-2.00,-1.00,-2.00
tengwa_antha,O_1,315360,-2.00,-2.00,-1.00,0.00,-1.00,2.00,0.00,1.00,-2.00,-2.00,-1.00,-2.00
tengwa_ampa,O_1,315360,-2.00,-2.00,-1.00,0.00,-1.00,2.00,0.00,1.00,-2.00,-2.00,-1.00,-2.00
tengwa_anga_continuant,O_1,315360,-2.00,-2.00,-1.00,0.00,-1.00,2.00,0.00,1.00,-2.00,-2.00,-1.00,-2.00
tengwa_ungwe_continuant,O_1,315360,-2.00,-2.00,-1.00,0.00,-1.00,2.00,0.00,1.00,-2.00,-2.00,-1.00,-2.00
tengwa_numen,O_1,358080,-2.00,-2.00,-1.00,1.00,-1.00,2.00,0.00,-2.00,-2.00,-2.00,-1.00,-2.00
tengwa_malta,O_1,358080,-2.00,-2.00,-1.00,1.00,-1.00,2.00,0.00,-2.00,-2.00,-2.00,-1.00,-2.00
tengwa_noldo,O_1,358080,-2.00,-2.00,-1.00,1.00,-1.00,2.00,0.00,-2.00,-2.00,-2.00,-1.00,-2.00
tengwa_nwalme,O_1,358080,-2.00,-2.00,-1.00,1.00,-1.00,2.00,0.00,-2.00,-2.00,-2.00,-1.00,-2.00
tengwa_ore,O_1,358800,-2.00,-2.00,-1.00,1.00,-1.00,2.00,0.00,2.00,-2.00,-2.00,-1.00,-2.00
tengwa_vala,O_1,358800,-2.00,-2.00,-1.00,1.00,-1.00,2.00,0.00,2.00,-2.00,-2.00,-1.00,-2.00
tengwa_anna,O_1,358800,-2.00,-2.00,-1.00,1.00,-1.00,2.00,0.00,2.00,-2.00,-2.00,-1.00,-2.00
tengwa_wilya,O_1,358800,-2.00,-2.00,-1.00,1.00,-1.00,2.00,0.00,2.00,-2.00,-2.00,-1.00,-2.00
tengwa_romen,O_0,229200,-2.00,-2.00,-1.00,-2.00,-1.00,2.00,0.00,2.00,-2.00,-2.00,-1.00,-2.00
tengwa_arda,O_0,229200,-2.00,-2.00,-1.00,-2.00,-1.00,2.00,0.00,2.00,-2.00,-2.00,-1.00,-2.00
tengwa_lambe,O_0,229200,-2.00,-2.00,-1.00,-2.00,-1.00,2.00,0.00,2.00,-2.00,-2.00,-1.00,-2.00
tengwa_aldar,O_0,229200,-2.00,-2.00,-1.00,-2.00,-1.00,2.00,0.00,2.00,-2.00,-2.00,-1.00,-2.00
tengwa_silme,O_0,228960,-2.00,-2.00,-1.00,-2.00,-1.00,2.00,0.00,1.00,-2.00,-2.00,-1.00,-2.00
tengwa_silme_nuquerna,O_0,228960,-2.00,-2.00,-1.00,-2.00,-1.00,2.00,0.00,1.00,-2.00,-2.00,-1.00,-2.00
tengwa_esse,O_1,315360,-2.00,-2.00,-1.00,0.00,-1.00,2.00,0.00,1.00,-2.00,-2.00,-1.00,-2.00
tengwa_esse_nuquerna,O_1,315360,-2.00,-2.00,-1.00,0.00,-1.00,2.00,0.00,1.00,-2.00,-2.00,-1.00,-2.00
tengwa_hyarmen,O_0,228960,-2.00,-2.00,-1.00,-2.00,-1.00,2.00,0.00,1.00,-2.00,-2.00,-1.00,-2.00
tengwa_hwesse,O_0,228960,-2.00,-2.00,-1.00,-2.00,-1.00,2.00,0.00,1.00,-2.00,-2.00,-1.00,-2.00
tengwa_yanta,O_1,358800,-2.00,-2.00,-1.00,1.00,-1.00,2.00,0.00,2.00,-2.00,-2.00,-1.00,-2.00
tengwa_ure,O_1,358800,-2.00,-2.00,-1.00,1.00,-1.00,2.00,0.00,2.00,-2.00,-2.00,-1.00,-2.00
tehtar_a_curl,O_0,228480,-2.00,-2.00,-1.00,-2.00,-1.00,2.00,0.00,-2.00,-2.00,-2.00,-1.00,-2.00
tehtar_e_dot,O_0,228480,-2.00,-2.00,-1.00,-2.00,-1.00,2.00,0.00,-2.00,-2.00,-2.00,-1.00,-2.00
tehtar_i_bar,O_0,228480,-2.00,-2.00,-1.00,-2.00,-1.00,2.00,0.00,-2.00,-2.00,-2.00,-1.00,-2.00
tehtar_o_hook,O_0,228480,-2.00,-2.00,-1.00,-2.00,-1.00,2.00,0.00,-2.00,-2.00,-2.00,-1.00,-2.00
tehtar_u_bow,O_0,228480,-2.00,-2.00,-1.00,-2.00,-1.00,2.00,0.00,-2.00,-2.00,-2.00,-1.00,-2.00
carrier_telco,O_0,228480,-2.00,-2.00,-1.00,-2.00,-1.00,2.00,0.00,-2.00,-2.00,-2.00,-1.00,-2.00
carrier_ore,O_0,228480,-2.00,-2.00,-1.00,-2.00,-1.00,2.00,0.00,-2.00,-2.00,-2.00,-1.00,-2.00
tengwa_arda_variant,O_0,229200,-2.00,-2.00,-1.00,-2.00,-1.00,2.00,0.00,2.00,-2.00,-2.00,-1.00,-2.00
tengwa_halla,O_0,228960,-2.00,-2.00,-1.00,-2.00,-1.00,2.00,0.00,1.00,-2.00,-2.00,-1.00,-2.00
tengwa_yanta_variant,O_1,358800,-2.00,-2.00,-1.00,1.00,-1.00,2.00,0.00,2.00,-2.00,-2.00,-1.00,-2.00
arabic_alif,O_0,272160,-2.00,-2.00,-1.00,-1.00,-1.00,2.00,0.00,1.00,-2.00,-2.00,-1.00,-2.00
arabic_ba,O_0,228960,-2.00,-2.00,-1.00,-2.00,-1.00,2.00,0.00,1.00,-2.00,-2.00,-1.00,-2.00
arabic_ta,O_0,228960,-2.00,-2.00,-1.00,-2.00,-1.00,2.00,0.00,1.00,-2.00,-2.00,-1.00,-2.00
arabic_tha,O_0,228960,-2.00,-2.00,-1.00,-2.00,-1.00,2.00,0.00,1.00,-2.00,-2.00,-1.00,-2.00
arabic_jim,O_0,228960,-2.00,-2.00,-1.00,-2.00,-1.00,2.00,0.00,1.00,-2.00,-2.00,-1.00,-2.00
arabic_ha,O_0,228972,-2.00,-2.00,-1.00,-2.00,-1.00,2.00,0.00,1.00,-2.00,-1.00,-1.00,-2.00
arabic_kha,O_0,228960,-2.00,-2.00,-1.00,-2.00,-1.00,2.00,0.00,1.00,-2.00,-2.00,-1.00,-2.00
arabic_dal,O_0,228960,-2.00,-2.00,-1.00,-2.00,-1.00,2.00,0.00,1.00,-2.00,-2.00,-1.00,-2.00
arabic_dhal,O_0,228960,-2.00,-2.00,-1.00,-2.00,-1.00,2.00,0.00,1.00,-2.00,-2.00,-1.00,-2.00
arabic_ra,O_0,228960,-2.00,-2.00,-1.00,-2.00,-1.00,2.00,0.00,1.00,-2.00,-2.00,-1.00,-2.00
arabic_zay,O_0,228960,-2.00,-2.00,-1.00,-2.00,-1.00,2.00,0.00,1.00,-2.00,-2.00,-1.00,-2.00
arabic_sin,O_0,228960,-2.00,-2.00,-1.00,-2.00,-1.00,2.00,0.00,1.00,-2.00,-2.00,-1.00,-2.00
arabic_shin,O_0,228960,-2.00,-2.00,-1.00,-2.00,-1.00,2.00,0.00,1.00,-2.00,-2.00,-1.00,-2.00
arabic_sad,O_0,228972,-2.00,-2.00,-1.00,-2.00,-1.00,2.00,0.00,1.00,-2.00,-1.00,-1.00,-2.00
arabic_dad,O_0,228972,-2.00,-2.00,-1.00,-2.00,-1.00,2.00,0.00,1.00,-2.00,-1.00,-1.00,-2.00
arabic_ta_emphatic,O_0,228972,-2.00,-2.00,-1.00,-2.00,-1.00,2.00,0.00,1.00,-2.00,-1.00,-1.00,-2.00
arabic_za_emphatic,O_0,228972,-2.00,-2.00,-1.00,-2.00,-1.00,2.00,0.00,1.00,-2.00,-1.00,-1.00,-2.00
arabic_ayn,O_0,228984,-2.00,-2.00,-1.00,-2.00,-1.00,2.00,0.00,1.00,-2.00,1.00,-1.00,-2.00
arabic_ghayn,O_0,228960,-2.00,-2.00,-1.00,-2.00,-1.00,2.00,0.00,1.00,-2.00,-2.00,-1.00,-2.00
arabic_fa,O_0,228960,-2.00,-2.00,-1.00,-2.00,-1.00,2.00,0.00,1.00,-2.00,-2.00,-1.00,-2.00
arabic_qaf,O_0,228972,-2.00,-2.00,-1.00,-2.00,-1.00,2.00,0.00,1.00,-2.00,-1.00,-1.00,-2.00
arabic_kaf,O_0,228960,-2.00,-2.00,-1.00,-2.00,-1.00,2.00,0.00,1.00,-2.00,-2.00,-1.00,-2.00
arabic_lam,O_0,228960,-2.00,-2.00,-1.00,-2.00,-1.00,2.00,0.00,1.00,-2.00,-2.00,-1.00,-2.00
arabic_mim,O_0,228960,-2.00,-2.00,-1.00,-2.00,-1.00,2.00,0.00,1.00,-2.00,-2.00,-1.00,-2.00
arabic_nun,O_0,228960,-2.00,-2.00,-1.00,-2.00,-1.00,2.00,0.00,1.00,-2.00,-2.00,-1.00,-2.00
arabic_ha_h,O_0,228960,-2.00,-2.00,-1.00,-2.00,-1.00,2.00,0.00,1.00,-2.00,-2.00,-1.00,-2.00
arabic_waw,O_0,272160,-2.00,-2.00,-1.00,-1.00,-1.00,2.00,0.00,1.00,-2.00,-2.00,-1.00,-2.00
arabic_ya,O_0,272160,-2.00,-2.00,-1.00,-1.00,-1.00,2.00,0.00,1.00,-2.00,-2.00,-1.00,-2.00
arabic_hamza,O_0,228960,-2.00,-2.00,-1.00,-2.00,-1.00,2.00,0.00,1.00,-2.00,-2.00,-1.00,-2.00
arabic_tau_marbuta,O_0,272160,-2.00,-2.00,-1.00,-1.00,-1.00,2.00,0.00,1.00,-2.00,-2.00,-1.00,-2.00
chant_final_D,O_1,1216812,-2.00,-1.00,-1.00,1.00,-1.00,0.00,0.00,1.00,-2.00,-1.00,-1.00,-2.00
chant_final_E,O_1,1216812,-2.00,-1.00,-1.00,1.00,-1.00,0.00,0.00,1.00,-2.00,-1.00,-1.00,-2.00
chant_final_F,O_1,1216812,-2.00,-1.00,-1.00,1.00,-1.00,0.00,0.00,1.00,-2.00,-1.00,-1.00,-2.00
chant_final_G,O_1,1216812,-2.00,-1.00,-1.00,1.00,-1.00,0.00,0.00,1.00,-2.00,-1.00,-1.00,-2.00
guidonian_gamma_ut,O_1,1216800,-2.00,-1.00,-1.00,1.00,-1.00,0.00,0.00,1.00,-2.00,-2.00,-1.00,-2.00
guidonian_A_re,O_1,1216800,-2.00,-1.00,-1.00,1.00,-1.00,0.00,0.00,1.00,-2.00,-2.00,-1.00,-2.00
guidonian_B_mi_natural,O_0,1087212,-2.00,-1.00,-1.00,-2.00,-1.00,0.00,0.00,1.00,-2.00,-1.00,-1.00,-2.00
guidonian_C_fa_ut,O_1,1216800,-2.00,-1.00,-1.00,1.00,-1.00,0.00,0.00,1.00,-2.00,-2.00,-1.00,-2.00
guidonian_D_sol_re,O_1,1216812,-2.00,-1.00,-1.00,1.00,-1.00,0.00,0.00,1.00,-2.00,-1.00,-1.00,-2.00
guidonian_E_la_mi,O_1,1216812,-2.00,-1.00,-1.00,1.00,-1.00,0.00,0.00,1.00,-2.00,-1.00,-1.00,-2.00
guidonian_F_fa_ut,O_1,1216812,-2.00,-1.00,-1.00,1.00,-1.00,0.00,0.00,1.00,-2.00,-1.00,-1.00,-2.00
guidonian_G_sol_re_ut,O_1,1216812,-2.00,-1.00,-1.00,1.00,-1.00,0.00,0.00,1.00,-2.00,-1.00,-1.00,-2.00
guidonian_A_la_mi_re,O_1,1216812,-2.00,-1.00,-1.00,1.00,-1.00,0.00,0.00,1.00,-2.00,-1.00,-1.00,-2.00
guidonian_B_fa_flat,O_0,1087212,-2.00,-1.00,-1.00,-2.00,-1.00,0.00,0.00,1.00,-2.00,-1.00,-1.00,-2.00
guidonian_C_sol_fa,O_1,1216812,-2.00,-1.00,-1.00,1.00,-1.00,0.00,0.00,1.00,-2.00,-1.00,-1.00,-2.00
guidonian_D_la_sol,O_1,1216812,-2.00,-1.00,-1.00,1.00,-1.00,0.00,0.00,1.00,-2.00,-1.00,-1.00,-2.00
guidonian_E_la,O_1,1216812,-2.00,-1.00,-1.00,1.00,-1.00,0.00,0.00,1.00,-2.00,-1.00,-1.00,-2.00
hexachord_function_ut,O_1,1216800,-2.00,-1.00,-1.00,1.00,-1.00,0.00,0.00,1.00,-2.00,-2.00,-1.00,-2.00
hexachord_function_re,O_1,1216800,-2.00,-1.00,-1.00,1.00,-1.00,0.00,0.00,1.00,-2.00,-2.00,-1.00,-2.00
hexachord_function_mi,O_0,1087212,-2.00,-1.00,-1.00,-2.00,-1.00,0.00,0.00,1.00,-2.00,-1.00,-1.00,-2.00
hexachord_function_fa,O_1,1216800,-2.00,-1.00,-1.00,1.00,-1.00,0.00,0.00,1.00,-2.00,-2.00,-1.00,-2.00
hexachord_function_sol,O_1,1216812,-2.00,-1.00,-1.00,1.00,-1.00,0.00,0.00,1.00,-2.00,-1.00,-1.00,-2.00
hexachord_function_la,O_1,1216812,-2.00,-1.00,-1.00,1.00,-1.00,0.00,0.00,1.00,-2.00,-1.00,-1.00,-2.00
yang_yig_notation,O_0,4603712,-1.00,-2.00,-1.00,-1.00,0.00,1.00,0.00,1.00,-2.00,1.00,1.00,-2.00
throat_singing_performance,O_0,14380642,2.00,-1.00,1.00,0.00,1.00,1.00,-1.00,2.00,-1.00,1.00,1.00,1.00
egyptian_hieroglyphs,O_0,272168,-2.00,-2.00,-1.00,-1.00,-1.00,2.00,0.00,1.00,-2.00,-2.00,1.00,-2.00
hieroglyph_baseline,O_0,13188548,2.00,-2.00,-1.00,-2.00,-1.00,2.00,0.00,-2.00,-1.00,-1.00,1.00,-2.00
ankh,O_0,15911101,2.00,1.00,-1.00,1.00,-1.00,2.00,1.00,-2.00,-1.00,-1.00,-1.00,-1.00
eye_of_horus,O_0,15867901,2.00,1.00,-1.00,0.00,-1.00,2.00,1.00,-2.00,-1.00,-1.00,-1.00,-1.00
djed_pillar,O_2,11585306,1.00,1.00,-1.00,1.00,-1.00,0.00,1.00,-2.00,-2.00,1.00,-1.00,1.00
was_scepter,O_0,2820492,-2.00,1.00,-1.00,-2.00,-1.00,2.00,0.00,-2.00,-2.00,-1.00,-1.00,-2.00
scarab_khepri,O_0,5497513,-1.00,-1.00,-1.00,0.00,-1.00,1.00,1.00,1.00,-1.00,1.00,-1.00,-1.00
feather_ma_at,O_inf,15954301,2.00,1.00,-1.00,2.00,-1.00,2.00,1.00,-2.00,-1.00,-1.00,-1.00,-1.00
sun_disk_ra,O_0,15904154,2.00,1.00,-1.00,1.00,-1.00,0.00,-1.00,2.00,-1.00,1.00,-1.00,1.00
water_ripple_n,O_0,228480,-2.00,-2.00,-1.00,-2.00,-1.00,2.00,0.00,-2.00,-2.00,-2.00,-1.00,-2.00
owl_m,O_0,2820492,-2.00,1.00,-1.00,-2.00,-1.00,2.00,0.00,-2.00,-2.00,-1.00,-1.00,-2.00
mouth_r,O_0,2820492,-2.00,1.00,-1.00,-2.00,-1.00,2.00,0.00,-2.00,-2.00,-1.00,-1.00,-2.00
hebrew_computational_engine,O_inf,17044390,2.00,2.00,1.00,2.00,0.00,1.00,-1.00,1.00,-1.00,-1.00,1.00,1.00
hebrew_language_join,O_inf,7552170,-1.00,1.00,1.00,2.00,1.00,0.00,-1.00,2.00,-1.00,2.00,0.00,1.00
tensor_product_operation,O_0,2429304,-2.00,0.00,2.00,-1.00,-1.00,1.00,0.00,1.00,-2.00,1.00,-1.00,-2.00
keter,O_0,16796966,2.00,2.00,-1.00,1.00,1.00,0.00,-1.00,2.00,-1.00,2.00,-1.00,1.00
binah,O_0,5305029,-1.00,-1.00,-2.00,0.00,1.00,0.00,-1.00,-2.00,-1.00,-1.00,1.00,-1.00
chesed,O_0,818708,-2.00,-2.00,2.00,1.00,1.00,2.00,-1.00,2.00,-1.00,-1.00,1.00,-2.00
gevurah,O_0,3062473,-2.00,1.00,1.00,-2.00,1.00,1.00,0.00,-2.00,-1.00,1.00,-1.00,-1.00
tiferet,O_inf,17056146,2.00,2.00,1.00,2.00,1.00,0.00,-1.00,2.00,-1.00,-1.00,0.00,1.00
netzach,O_0,759920,-2.00,-2.00,2.00,0.00,0.00,1.00,1.00,1.00,-1.00,1.00,1.00,-2.00
hod,O_0,2746625,-2.00,1.00,-2.00,1.00,0.00,1.00,1.00,-2.00,-1.00,-1.00,0.00,-1.00
yesod,O_inf,17272142,2.00,2.00,2.00,2.00,1.00,0.00,-1.00,2.00,-1.00,-1.00,-1.00,1.00
malkhut,O_1,349472,-2.00,-2.00,-1.00,1.00,-1.00,-1.00,0.00,-2.00,-2.00,1.00,1.00,-2.00
right_pillar,O_0,5095521,-1.00,-2.00,2.00,0.00,1.00,2.00,-1.00,2.00,-1.00,1.00,1.00,-1.00
left_pillar,O_0,7378641,-1.00,1.00,1.00,-2.00,1.00,0.00,-1.00,-2.00,-1.00,1.00,1.00,-1.00
center_pillar,O_inf,17056174,2.00,2.00,1.00,2.00,1.00,0.00,-1.00,2.00,-1.00,2.00,1.00,1.00
aleph_path,O_0,773342,-2.00,-2.00,2.00,0.00,1.00,1.00,0.00,1.00,-1.00,-1.00,-1.00,1.00
mem_path,O_inf,4098062,-2.00,2.00,1.00,2.00,1.00,0.00,1.00,2.00,-1.00,-1.00,-1.00,1.00
shin_path,O_inf,4103834,-2.00,2.00,1.00,2.00,1.00,2.00,1.00,2.00,-1.00,1.00,-1.00,1.00
SY_mothers_group,O_inf,6688170,-1.00,0.00,1.00,2.00,1.00,0.00,-1.00,2.00,-1.00,2.00,0.00,1.00
SY_doubles_group,O_0,7724250,-1.00,1.00,2.00,1.00,1.00,0.00,-1.00,-2.00,-1.00,2.00,0.00,1.00
SY_simples_group,O_0,7724250,-1.00,1.00,2.00,1.00,1.00,0.00,-1.00,-2.00,-1.00,2.00,0.00,1.00
grammar_Oinf_group,O_inf,8416170,-1.00,2.00,1.00,2.00,1.00,0.00,-1.00,2.00,-1.00,2.00,0.00,1.00
grammar_O2_group,O_0,7724250,-1.00,1.00,2.00,1.00,1.00,0.00,-1.00,-2.00,-1.00,2.00,0.00,1.00
grammar_O1_group,O_0,5079904,-1.00,-2.00,2.00,0.00,0.00,1.00,1.00,1.00,-1.00,-1.00,0.00,-2.00
grammar_O0_group,O_0,228960,-2.00,-2.00,-1.00,-2.00,-1.00,2.00,0.00,1.00,-2.00,-2.00,-1.00,-2.00
hekhalot_palace_1,O_0,1092480,-2.00,-1.00,-1.00,-2.00,-1.00,2.00,0.00,-2.00,-2.00,-2.00,-1.00,-2.00
hekhalot_palace_2,O_0,1089600,-2.00,-1.00,-1.00,-2.00,-1.00,1.00,0.00,-2.00,-2.00,-2.00,-1.00,-2.00
hekhalot_palace_3,O_0,5468220,-1.00,-1.00,-1.00,-1.00,0.00,1.00,1.00,-2.00,-1.00,-1.00,-1.00,-2.00
hekhalot_palace_4,O_0,5727664,-1.00,-1.00,1.00,0.00,0.00,1.00,1.00,-1.00,-1.00,-1.00,0.00,-2.00
hekhalot_palace_5,O_0,5950877,-1.00,-1.00,2.00,0.00,1.00,-1.00,-1.00,2.00,-1.00,1.00,0.00,-1.00
hekhalot_palace_6,O_0,17010082,2.00,2.00,1.00,1.00,1.00,-1.00,-1.00,2.00,-1.00,1.00,1.00,1.00
hekhalot_palace_7,O_inf,17056174,2.00,2.00,1.00,2.00,1.00,0.00,-1.00,2.00,-1.00,2.00,1.00,1.00
merkabah_complete,O_inf,17056173,2.00,2.00,1.00,2.00,1.00,0.00,-1.00,2.00,-1.00,2.00,1.00,-1.00
chayot_collective,O_0,4880717,-1.00,-2.00,1.00,0.00,1.00,2.00,1.00,-2.00,-1.00,1.00,0.00,-1.00
ophanim_wheels,O_0,17015826,2.00,2.00,1.00,1.00,1.00,1.00,-1.00,2.00,-1.00,-1.00,0.00,1.00
rakia_firmament,O_0,15716209,2.00,1.00,-2.00,1.00,1.00,0.00,-1.00,-2.00,-1.00,-2.00,-1.00,-1.00
enthroned_figure,O_inf,17056165,2.00,2.00,1.00,2.00,1.00,0.00,-1.00,2.00,-1.00,2.00,-1.00,-1.00
shiur_komah,O_inf,17056173,2.00,2.00,1.00,2.00,1.00,0.00,-1.00,2.00,-1.00,2.00,1.00,-1.00
echad_word,O_0,2713046,-2.00,1.00,-2.00,0.00,1.00,0.00,-1.00,-2.00,-1.00,2.00,-1.00,1.00
ahavah_word,O_0,2919421,-2.00,1.00,-1.00,0.00,0.00,1.00,1.00,-2.00,-1.00,-1.00,-1.00,-1.00
yhhw_word,O_inf,4096166,-2.00,2.00,1.00,2.00,1.00,0.00,-1.00,2.00,-1.00,2.00,-1.00,1.00
ahvh_word,O_inf,4096166,-2.00,2.00,1.00,2.00,1.00,0.00,-1.00,2.00,-1.00,2.00,-1.00,1.00
aleph_language_architecture,O_inf,14251017,2.00,-1.00,-1.00,2.00,1.00,1.00,-1.00,2.00,-1.00,-2.00,1.00,-1.00
sandmeyer_reaction,O_1,326892,-2.00,-2.00,-1.00,0.00,0.00,1.00,0.00,1.00,-2.00,-1.00,-1.00,-2.00
prion,O_0,4774832,-1.00,-2.00,1.00,-2.00,0.00,0.00,1.00,2.00,-2.00,1.00,1.00,-2.00
prion_normal,O_1,2964492,-2.00,1.00,-1.00,1.00,0.00,2.00,0.00,-2.00,-2.00,-1.00,-1.00,-2.00
prion_system,O_0,5512161,-1.00,-1.00,-1.00,0.00,0.00,1.00,1.00,2.00,-1.00,1.00,1.00,-1.00
prion_normal_PrsPC,O_1,314892,-2.00,-2.00,-1.00,0.00,-1.00,2.00,0.00,-2.00,-2.00,-1.00,-1.00,-2.00
prion_infectious_PrsPSc,O_0,5621356,-1.00,-1.00,1.00,-2.00,-1.00,-1.00,1.00,1.00,-1.00,1.00,0.00,-2.00
prion_propagation_system,O_0,9164973,1.00,-2.00,1.00,0.00,-1.00,0.00,-1.00,2.00,-1.00,2.00,1.00,-1.00
hieroglyph_phonogram,O_0,228960,-2.00,-2.00,-1.00,-2.00,-1.00,2.00,0.00,1.00,-2.00,-2.00,-1.00,-2.00
hieroglyph_logogram,O_0,312048,-2.00,-2.00,-1.00,0.00,-1.00,1.00,0.00,-2.00,-1.00,-2.00,-1.00,-2.00
hieroglyph_determinative,O_0,228480,-2.00,-2.00,-1.00,-2.00,-1.00,2.00,0.00,-2.00,-2.00,-2.00,-1.00,-2.00
uniliteral_owl_M,O_0,228960,-2.00,-2.00,-1.00,-2.00,-1.00,2.00,0.00,1.00,-2.00,-2.00,-1.00,-2.00
uniliteral_water_N,O_0,228960,-2.00,-2.00,-1.00,-2.00,-1.00,2.00,0.00,1.00,-2.00,-2.00,-1.00,-2.00
uniliteral_mouth_R,O_0,228960,-2.00,-2.00,-1.00,-2.00,-1.00,2.00,0.00,1.00,-2.00,-2.00,-1.00,-2.00
uniliteral_reed_I,O_0,228960,-2.00,-2.00,-1.00,-2.00,-1.00,2.00,0.00,1.00,-2.00,-2.00,-1.00,-2.00
uniliteral_vulture_Alep,O_0,228960,-2.00,-2.00,-1.00,-2.00,-1.00,2.00,0.00,1.00,-2.00,-2.00,-1.00,-2.00
uniliteral_arm_A,O_0,228960,-2.00,-2.00,-1.00,-2.00,-1.00,2.00,0.00,1.00,-2.00,-2.00,-1.00,-2.00
uniliteral_hand_D,O_0,228960,-2.00,-2.00,-1.00,-2.00,-1.00,2.00,0.00,1.00,-2.00,-2.00,-1.00,-2.00
uniliteral_basket_K,O_0,228960,-2.00,-2.00,-1.00,-2.00,-1.00,2.00,0.00,1.00,-2.00,-2.00,-1.00,-2.00
atum,O_inf,16840166,2.00,2.00,-1.00,2.00,1.00,0.00,-1.00,2.00,-1.00,2.00,-1.00,1.00
shu,O_0,4980972,-1.00,-2.00,2.00,-2.00,-1.00,2.00,0.00,1.00,-2.00,-1.00,-1.00,-2.00
tefnut,O_0,4632540,-1.00,-2.00,-1.00,0.00,-1.00,1.00,0.00,1.00,-1.00,-1.00,-1.00,-2.00
geb,O_0,2814720,-2.00,1.00,-1.00,-2.00,-1.00,0.00,0.00,-2.00,-2.00,-2.00,-1.00,-2.00
nut,O_0,15865741,2.00,1.00,-1.00,0.00,-1.00,1.00,1.00,2.00,-1.00,-1.00,-1.00,-1.00
osiris,O_inf,14463914,2.00,-1.00,1.00,2.00,1.00,0.00,-1.00,1.00,-1.00,1.00,-1.00,1.00
isis,O_inf,14467033,2.00,-1.00,1.00,2.00,1.00,1.00,-1.00,2.00,-1.00,1.00,-1.00,-1.00
set,O_0,660888,-2.00,-2.00,2.00,-2.00,-1.00,2.00,0.00,-1.00,1.00,1.00,-1.00,-2.00
nephthys,O_0,5036700,-1.00,-2.00,2.00,-1.00,0.00,1.00,1.00,1.00,-1.00,-1.00,-1.00,-2.00
naunet,O_1,8737920,1.00,-2.00,-2.00,0.00,-1.00,2.00,-1.00,-2.00,-2.00,-2.00,-1.00,-2.00
heh,O_1,8737920,1.00,-2.00,-2.00,0.00,-1.00,2.00,-1.00,-2.00,-2.00,-2.00,-1.00,-2.00
hauhet,O_1,8737920,1.00,-2.00,-2.00,0.00,-1.00,2.00,-1.00,-2.00,-2.00,-2.00,-1.00,-2.00
kek,O_1,8737920,1.00,-2.00,-2.00,0.00,-1.00,2.00,-1.00,-2.00,-2.00,-2.00,-1.00,-2.00
kauket,O_1,8737920,1.00,-2.00,-2.00,0.00,-1.00,2.00,-1.00,-2.00,-2.00,-2.00,-1.00,-2.00
amun,O_1,8737920,1.00,-2.00,-2.00,0.00,-1.00,2.00,-1.00,-2.00,-2.00,-2.00,-1.00,-2.00
amaunet,O_1,8737920,1.00,-2.00,-2.00,0.00,-1.00,2.00,-1.00,-2.00,-2.00,-2.00,-1.00,-2.00
duat_hour_1,O_0,228960,-2.00,-2.00,-1.00,-2.00,-1.00,2.00,0.00,1.00,-2.00,-2.00,-1.00,-2.00
duat_hour_2,O_0,5412960,-1.00,-1.00,-1.00,-2.00,-1.00,2.00,0.00,1.00,-2.00,-2.00,-1.00,-2.00
duat_hour_3,O_0,5428332,-1.00,-1.00,-1.00,-2.00,0.00,2.00,1.00,1.00,-2.00,-1.00,-1.00,-2.00
duat_hour_4,O_0,5468652,-1.00,-1.00,-1.00,-1.00,0.00,1.00,1.00,1.00,-2.00,-1.00,-1.00,-2.00
duat_hour_5,O_0,10912141,1.00,0.00,1.00,0.00,0.00,1.00,1.00,2.00,-1.00,-1.00,-1.00,-1.00
duat_hour_6,O_0,10921754,1.00,0.00,1.00,0.00,1.00,0.00,-1.00,2.00,-1.00,1.00,-1.00,1.00
duat_hour_7,O_0,10927514,1.00,0.00,1.00,0.00,1.00,2.00,-1.00,2.00,-1.00,1.00,-1.00,1.00
duat_hour_8,O_0,10927514,1.00,0.00,1.00,0.00,1.00,2.00,-1.00,2.00,-1.00,1.00,-1.00,1.00
duat_hour_9,O_0,10924634,1.00,0.00,1.00,0.00,1.00,1.00,-1.00,2.00,-1.00,1.00,-1.00,1.00
duat_hour_10,O_0,16972634,2.00,2.00,1.00,0.00,1.00,1.00,-1.00,2.00,-1.00,1.00,-1.00,1.00
duat_hour_11,O_inf,17059034,2.00,2.00,1.00,2.00,1.00,1.00,-1.00,2.00,-1.00,1.00,-1.00,1.00
duat_hour_12,O_inf,17056165,2.00,2.00,1.00,2.00,1.00,0.00,-1.00,2.00,-1.00,2.00,-1.00,-1.00
maat,O_inf,17055446,2.00,2.00,1.00,2.00,1.00,0.00,-1.00,-2.00,-1.00,2.00,-1.00,1.00
isfet,O_0,220304,-2.00,-2.00,-1.00,-2.00,-1.00,-1.00,0.00,-1.00,2.00,1.00,1.00,-2.00
thoth,O_0,14380385,2.00,-1.00,1.00,0.00,1.00,1.00,-1.00,1.00,-1.00,-1.00,0.00,-1.00
Heka,O_inf,9270806,1.00,-2.00,1.00,2.00,0.00,2.00,-1.00,-2.00,-1.00,2.00,-1.00,1.00
Ptah_heart,O_0,9783432,1.00,-1.00,-1.00,-1.00,0.00,0.00,-1.00,-2.00,-1.00,1.00,-1.00,-2.00
Ptah_tongue,O_inf,9271526,1.00,-2.00,1.00,2.00,0.00,2.00,-1.00,2.00,-1.00,2.00,-1.00,1.00
ka_vital_double,O_0,55692,-2.00,-2.00,-2.00,-1.00,-1.00,2.00,0.00,-2.00,-2.00,-1.00,-1.00,-2.00
ba_personality_soul,O_0,4863912,-1.00,-2.00,1.00,0.00,0.00,1.00,1.00,1.00,-1.00,1.00,-1.00,-2.00
akh_glorified_spirit,O_inf,17056166,2.00,2.00,1.00,2.00,1.00,0.00,-1.00,2.00,-1.00,2.00,-1.00,1.00
ib_heart_moral,O_0,5725513,-1.00,-1.00,1.00,0.00,0.00,1.00,-1.00,-2.00,-1.00,1.00,-1.00,-1.00
ren_name_existence,O_0,228972,-2.00,-2.00,-1.00,-2.00,-1.00,2.00,0.00,1.00,-2.00,-1.00,-1.00,-2.00
shut_shadow,O_0,12480,-2.00,-2.00,-2.00,-2.00,-1.00,2.00,0.00,-2.00,-2.00,-2.00,-1.00,-2.00
sahu_spiritual_body,O_0,16969766,2.00,2.00,1.00,0.00,1.00,0.00,-1.00,2.00,-1.00,2.00,-1.00,1.00
negative_confessions_system,O_0,1092480,-2.00,-1.00,-1.00,-2.00,-1.00,2.00,0.00,-2.00,-2.00,-2.00,-1.00,-2.00
soul_passing_42,O_inf,17055446,2.00,2.00,1.00,2.00,1.00,0.00,-1.00,-2.00,-1.00,2.00,-1.00,1.00
soul_failing_one_confession,O_0,1092480,-2.00,-1.00,-1.00,-2.00,-1.00,2.00,0.00,-2.00,-2.00,-2.00,-1.00,-2.00
medu_phonogram_type,O_0,228960,-2.00,-2.00,-1.00,-2.00,-1.00,2.00,0.00,1.00,-2.00,-2.00,-1.00,-2.00
medu_logogram_type,O_0,312048,-2.00,-2.00,-1.00,0.00,-1.00,1.00,0.00,-2.00,-1.00,-2.00,-1.00,-2.00
medu_determinative_type,O_0,228480,-2.00,-2.00,-1.00,-2.00,-1.00,2.00,0.00,-2.00,-2.00,-2.00,-1.00,-2.00
medu_duat_hour_6,O_0,9193034,1.00,-2.00,1.00,0.00,1.00,0.00,-1.00,-2.00,-1.00,1.00,-1.00,1.00
medu_duat_hour_12,O_inf,17056166,2.00,2.00,1.00,2.00,1.00,0.00,-1.00,2.00,-1.00,2.00,-1.00,1.00
medu_ma_at_check,O_0,228480,-2.00,-2.00,-1.00,-2.00,-1.00,2.00,0.00,-2.00,-2.00,-2.00,-1.00,-2.00
medu_heka_execution,O_inf,9285926,1.00,-2.00,1.00,2.00,1.00,2.00,-1.00,2.00,-1.00,2.00,-1.00,1.00
medu_ka_vital_double,O_0,1092480,-2.00,-1.00,-1.00,-2.00,-1.00,2.00,0.00,-2.00,-2.00,-2.00,-1.00,-2.00
medu_ba_traveling_soul,O_0,528540,-2.00,-2.00,1.00,0.00,-1.00,1.00,0.00,1.00,-1.00,-1.00,-1.00,-2.00
medu_akh_glorified,O_inf,17056166,2.00,2.00,1.00,2.00,1.00,0.00,-1.00,2.00,-1.00,2.00,-1.00,1.00
medu_ib_heart,O_0,1176061,-2.00,-1.00,-1.00,0.00,-1.00,1.00,0.00,-2.00,-1.00,-1.00,-1.00,-1.00
medu_ren_name,O_0,228960,-2.00,-2.00,-1.00,-2.00,-1.00,2.00,0.00,1.00,-2.00,-2.00,-1.00,-2.00
perfectoid_vN_algebra,O_0,14150242,2.00,-1.00,-1.00,0.00,0.00,1.00,-1.00,2.00,-1.00,1.00,1.00,1.00
perfectoid_vn_bare,O_2,14150194,2.00,-1.00,-1.00,0.00,0.00,1.00,-1.00,2.00,-2.00,1.00,1.00,1.00
perfectoid_vn_full,O_0,14150242,2.00,-1.00,-1.00,0.00,0.00,1.00,-1.00,2.00,-1.00,1.00,1.00,1.00
cep_obstruction_form,O_0,12217018,1.00,2.00,-2.00,0.00,1.00,0.00,-1.00,-2.00,-1.00,-2.00,1.00,1.00
Modular_Almost_Purity_conjecture,O_0,14150242,2.00,-1.00,-1.00,0.00,0.00,1.00,-1.00,2.00,-1.00,1.00,1.00,1.00
Modular_Tilting_Correspondence_conjecture,O_0,16958242,2.00,2.00,1.00,0.00,0.00,1.00,-1.00,2.00,-1.00,1.00,1.00,1.00
type_III_factor,O_0,9095612,1.00,-2.00,1.00,-2.00,0.00,1.00,-1.00,1.00,-1.00,2.00,1.00,-2.00
type_II_inf_factor,O_0,9182000,1.00,-2.00,1.00,0.00,0.00,1.00,-1.00,1.00,-1.00,1.00,1.00,-2.00
type_II_1_factor,O_inf,7551425,-1.00,1.00,1.00,2.00,1.00,0.00,-1.00,-2.00,-1.00,-1.00,0.00,-1.00
continuous_core_construction,O_0,9179120,1.00,-2.00,1.00,0.00,0.00,0.00,-1.00,1.00,-1.00,1.00,1.00,-2.00
arabic_alphabet,O_0,272160,-2.00,-2.00,-1.00,-1.00,-1.00,2.00,0.00,1.00,-2.00,-2.00,-1.00,-2.00
greek_alphabet,O_0,228960,-2.00,-2.00,-1.00,-2.00,-1.00,2.00,0.00,1.00,-2.00,-2.00,-1.00,-2.00
sanskrit_varnamala,O_0,4647905,-1.00,-2.00,-1.00,0.00,0.00,1.00,1.00,1.00,-1.00,-1.00,0.00,-1.00
egyptian_hieroglyph_system,O_0,272168,-2.00,-2.00,-1.00,-1.00,-1.00,2.00,0.00,1.00,-2.00,-2.00,1.00,-2.00
iching_qian_111111,O_1,2950576,-2.00,1.00,-1.00,1.00,-1.00,2.00,0.00,1.00,-2.00,-1.00,0.00,-2.00
iching_kun_000000,O_1,2950564,-2.00,1.00,-1.00,1.00,-1.00,2.00,0.00,1.00,-2.00,-2.00,0.00,-2.00
iching_altyang_101010,O_1,2907376,-2.00,1.00,-1.00,0.00,-1.00,2.00,0.00,1.00,-2.00,-1.00,0.00,-2.00
iching_altyin_010101,O_1,2907376,-2.00,1.00,-1.00,0.00,-1.00,2.00,0.00,1.00,-2.00,-1.00,0.00,-2.00
iching_fu_000001,O_0,1136180,-2.00,-1.00,-1.00,-1.00,-1.00,2.00,0.00,1.00,-2.00,-1.00,1.00,-2.00
iching_gou_111110,O_0,1136180,-2.00,-1.00,-1.00,-1.00,-1.00,2.00,0.00,1.00,-2.00,-1.00,1.00,-2.00
iching_kan_010010,O_1,1177468,-2.00,-1.00,-1.00,0.00,-1.00,1.00,1.00,1.00,-2.00,1.00,0.00,-2.00
iching_li_101101,O_1,1177456,-2.00,-1.00,-1.00,0.00,-1.00,1.00,1.00,1.00,-2.00,-1.00,0.00,-2.00
dagesh,O_inf,3220861,-2.00,1.00,1.00,2.00,0.00,1.00,0.00,-2.00,-1.00,-1.00,-1.00,-1.00
torah_tav_vav,O_0,7695450,-1.00,1.00,2.00,1.00,-1.00,0.00,-1.00,-2.00,-1.00,2.00,0.00,1.00
emet_aleph_mem,O_0,7508970,-1.00,1.00,1.00,1.00,1.00,0.00,-1.00,2.00,-1.00,2.00,0.00,1.00
shalom_shin_lamed,O_0,6803370,-1.00,0.00,2.00,0.00,0.00,0.00,-1.00,2.00,-1.00,2.00,0.00,1.00
bereshit_bet_resh,O_0,7139057,-1.00,1.00,-1.00,-2.00,-1.00,1.00,1.00,1.00,-2.00,-1.00,0.00,-1.00
torah_tav_vav_resh,O_0,7566330,-1.00,1.00,2.00,-2.00,-1.00,0.00,-1.00,1.00,-1.00,2.00,0.00,1.00
shalom_shin_lamed_vav,O_0,6788970,-1.00,0.00,2.00,0.00,-1.00,0.00,-1.00,2.00,-1.00,2.00,0.00,1.00
bereshit_bet_resh_aleph,O_0,7134330,-1.00,1.00,-1.00,-2.00,-1.00,0.00,-1.00,1.00,-1.00,2.00,0.00,1.00
basque_language,O_0,5843060,-1.00,-1.00,2.00,-2.00,-1.00,1.00,1.00,1.00,-2.00,-1.00,1.00,-2.00
hebrew_sanskrit_egyptian_join,O_inf,7552174,-1.00,1.00,1.00,2.00,1.00,0.00,-1.00,2.00,-1.00,2.00,1.00,1.00
hebrew_basque_meet,O_0,5627056,-1.00,-1.00,1.00,-2.00,-1.00,1.00,1.00,1.00,-2.00,-1.00,0.00,-2.00
egyptian_sanskrit_meet,O_0,272164,-2.00,-2.00,-1.00,-1.00,-1.00,2.00,0.00,1.00,-2.00,-2.00,0.00,-2.00
synthesized_language_medu,O_inf,7768174,-1.00,1.00,2.00,2.00,1.00,0.00,-1.00,2.00,-1.00,2.00,1.00,1.00
seed_imscription_0,O_inf,7768174,-1.00,1.00,2.00,2.00,1.00,0.00,-1.00,2.00,-1.00,2.00,1.00,1.00
target_language_tuple,O_inf,7768174,-1.00,1.00,2.00,2.00,1.00,0.00,-1.00,2.00,-1.00,2.00,1.00,1.00
keterflow_language,O_inf,7768174,-1.00,1.00,2.00,2.00,1.00,0.00,-1.00,2.00,-1.00,2.00,1.00,1.00
valent_bond,O_0,660480,-2.00,-2.00,2.00,-2.00,-1.00,2.00,0.00,-2.00,-2.00,-2.00,-1.00,-2.00
covalent_bond,O_0,5555105,-1.00,-1.00,-1.00,1.00,0.00,1.00,1.00,1.00,-1.00,-1.00,0.00,-1.00
valency_concept,O_0,228480,-2.00,-2.00,-1.00,-2.00,-1.00,2.00,0.00,-2.00,-2.00,-2.00,-1.00,-2.00
electron_orbital_system,O_0,16799094,2.00,2.00,-1.00,1.00,1.00,1.00,-1.00,-2.00,-1.00,-2.00,0.00,1.00
valence_electron_orbital,O_0,5511901,-1.00,-1.00,-1.00,0.00,0.00,1.00,1.00,1.00,-1.00,-1.00,-1.00,-1.00
chemical_bond_formation,O_0,5943905,-1.00,-1.00,2.00,0.00,0.00,1.00,1.00,1.00,-1.00,-1.00,0.00,-1.00
hopfion,O_0,17171362,2.00,2.00,2.00,0.00,0.00,0.00,-1.00,2.00,-1.00,1.00,1.00,1.00
hopfion_peeled_Phi,O_0,8274250,-1.00,2.00,1.00,-1.00,0.00,1.00,-1.00,-2.00,-2.00,-2.00,1.00,1.00
free_will_holistic,O_inf,12736173,1.00,2.00,1.00,2.00,1.00,0.00,-1.00,2.00,-1.00,2.00,1.00,-1.00
human_decision_making,O_0,4604672,-1.00,-2.00,-1.00,-1.00,0.00,1.00,1.00,1.00,-2.00,1.00,1.00,-2.00
quantum_randomness,O_0,41664,-2.00,-2.00,-2.00,-2.00,1.00,2.00,0.00,-1.00,1.00,-2.00,-1.00,-2.00
human_quantum_composite,O_0,4561616,-1.00,-2.00,-1.00,-2.00,0.00,1.00,1.00,1.00,1.00,1.00,1.00,-2.00
bimeron,O_0,5079910,-1.00,-2.00,2.00,0.00,0.00,1.00,1.00,1.00,-1.00,-1.00,1.00,1.00
exclusion_zone_water,O_0,5900224,-1.00,-1.00,2.00,-1.00,0.00,1.00,1.00,-2.00,-1.00,-1.00,0.00,-2.00
ez_water_peeled_phi,O_0,5900176,-1.00,-1.00,2.00,-1.00,0.00,1.00,1.00,-2.00,-2.00,-1.00,0.00,-2.00
hydrophilic_surface,O_0,4548488,-1.00,-2.00,-1.00,-2.00,-1.00,2.00,0.00,-2.00,-2.00,-2.00,1.00,-2.00
infrared_light,O_1,9458644,1.00,-2.00,2.00,1.00,1.00,2.00,-1.00,2.00,-2.00,-2.00,0.00,-2.00
surface_light_composite,O_0,9300248,1.00,-2.00,2.00,-2.00,-1.00,2.00,-1.00,2.00,-2.00,-2.00,1.00,-2.00
water_molecule,O_0,689760,-2.00,-2.00,2.00,-2.00,1.00,2.00,0.00,1.00,-2.00,-2.00,-1.00,-2.00
liquid_water,O_0,5468225,-1.00,-1.00,-1.00,-1.00,0.00,1.00,1.00,-2.00,-1.00,-1.00,0.00,-1.00
ice_hexagonal,O_2,7033206,-1.00,1.00,-2.00,0.00,1.00,0.00,-1.00,-1.00,-2.00,-2.00,0.00,1.00
water_vapor,O_0,445156,-2.00,-2.00,1.00,-2.00,-1.00,2.00,0.00,1.00,2.00,-2.00,0.00,-2.00
supercritical_water,O_0,11041090,1.00,0.00,2.00,-2.00,0.00,1.00,1.00,-2.00,0.00,1.00,1.00,1.00
interstellar_water_ice,O_inf,16837293,2.00,2.00,-1.00,2.00,1.00,-1.00,-1.00,2.00,-1.00,2.00,1.00,-1.00
human,O_1,5294656,-1.00,-1.00,-2.00,0.00,0.00,1.00,0.00,-1.00,-2.00,-1.00,0.00,-2.00
civ_dm,O_0,10054641,1.00,-1.00,1.00,0.00,1.00,-1.00,-1.00,1.00,-1.00,1.00,1.00,-1.00
pulsar_noise,O_1,9614656,1.00,-1.00,-2.00,0.00,0.00,1.00,0.00,-1.00,-2.00,-1.00,0.00,-2.00
interstellar_target,O_0,10054640,1.00,-1.00,1.00,0.00,1.00,-1.00,-1.00,1.00,-1.00,1.00,1.00,-2.00
vav_aleph,O_inf,841524,-2.00,-2.00,2.00,2.00,0.00,0.00,-1.00,1.00,-1.00,2.00,-1.00,-2.00
aleph_aleph,O_0,7282626,-1.00,1.00,-1.00,1.00,0.00,1.00,1.00,-2.00,-1.00,-1.00,0.00,1.00
mem_aleph,O_inf,7539678,-1.00,1.00,1.00,2.00,0.00,0.00,1.00,2.00,-1.00,1.00,0.00,1.00
p3,O_0,7724962,-1.00,1.00,2.00,1.00,1.00,0.00,-1.00,2.00,-1.00,1.00,1.00,1.00
p3_fixed,O_inf,7768162,-1.00,1.00,2.00,2.00,1.00,0.00,-1.00,2.00,-1.00,1.00,1.00,1.00
light,O_inf,7768162,-1.00,1.00,2.00,2.00,1.00,0.00,-1.00,2.00,-1.00,1.00,1.00,1.00
holospinor_algebra,O_inf,17056174,2.00,2.00,1.00,2.00,1.00,0.00,-1.00,2.00,-1.00,2.00,1.00,1.00
exceptional_tensor_algebra,O_0,9307848,1.00,-2.00,2.00,-2.00,0.00,-1.00,1.00,1.00,1.00,1.00,-1.00,-2.00
polytope_commutator_algebra,O_0,7296065,-1.00,1.00,-1.00,1.00,1.00,1.00,0.00,-2.00,-1.00,-1.00,0.00,-1.00
lee_yang_criticality_algebra,O_2†,16955422,2.00,2.00,1.00,0.00,0.00,0.00,-1.00,2.00,0.00,2.00,1.00,1.00
hologram_lattice_algebra,O_0,16498865,2.00,2.00,-2.00,-1.00,1.00,1.00,1.00,-1.00,-1.00,-1.00,0.00,-1.00
topological_vortex_algebra,O_inf,17056174,2.00,2.00,1.00,2.00,1.00,0.00,-1.00,2.00,-1.00,2.00,1.00,1.00
temporal_lattice_algebra,O_0,9180092,1.00,-2.00,1.00,0.00,0.00,0.00,0.00,1.00,-1.00,2.00,1.00,-2.00
holographic_light_algebra,O_inf,17056161,2.00,2.00,1.00,2.00,1.00,0.00,-1.00,2.00,-1.00,1.00,1.00,-1.00
primed_radical_algebra,O_0,5468225,-1.00,-1.00,-1.00,-1.00,0.00,1.00,1.00,-2.00,-1.00,-1.00,0.00,-1.00
noether_charge_u1,O_inf,17055925,2.00,2.00,1.00,2.00,1.00,0.00,-1.00,1.00,-1.00,2.00,-1.00,-1.00
evolution_open_ended,O_0,5681841,-1.00,-1.00,1.00,-1.00,0.00,0.00,1.00,1.00,-1.00,1.00,1.00,-1.00
cosmology_large_scale,O_0,16537533,2.00,2.00,-2.00,0.00,1.00,0.00,-1.00,1.00,-1.00,2.00,1.00,-1.00
adaptation_open_ended,O_0,9351680,1.00,-2.00,2.00,-1.00,0.00,0.00,-1.00,-1.00,-1.00,1.00,1.00,-2.00
meet_evolution_cosmology,O_0,5249841,-1.00,-1.00,-2.00,-1.00,0.00,0.00,1.00,1.00,-1.00,1.00,1.00,-1.00
meet_triad,O_0,4385600,-1.00,-2.00,-2.00,-1.00,0.00,0.00,1.00,-1.00,-1.00,1.00,1.00,-2.00
quantum_observation_basic,O_0,14512988,2.00,-1.00,2.00,-2.00,1.00,2.00,-1.00,1.00,1.00,2.00,1.00,-2.00
boolean_chain,O_1,358084,-2.00,-2.00,-1.00,1.00,-1.00,2.00,0.00,-2.00,-2.00,-2.00,0.00,-2.00
symplectic_fermion_theory,O_0,16969773,2.00,2.00,1.00,0.00,1.00,0.00,-1.00,2.00,-1.00,2.00,1.00,-1.00
extraterrestrial_visitors_holistic,O_0,12649773,1.00,2.00,1.00,0.00,1.00,0.00,-1.00,2.00,-1.00,2.00,1.00,-1.00
complex_exceptional_algebra,O_2†,16955422,2.00,2.00,1.00,0.00,0.00,0.00,-1.00,2.00,0.00,2.00,1.00,1.00
protected_temporal_algebra,O_0,9179134,1.00,-2.00,1.00,0.00,0.00,0.00,-1.00,1.00,-1.00,2.00,1.00,1.00
asymmetric_critical_network_algebra,O_0,4993280,-1.00,-2.00,2.00,-2.00,0.00,1.00,1.00,-1.00,-1.00,1.00,1.00,-2.00
subcritical_holographic_algebra,O_1,16778901,2.00,2.00,-1.00,1.00,0.00,-1.00,-1.00,-2.00,-2.00,-1.00,1.00,-1.00
bowtie_broadcast_algebra,O_0,6131349,-1.00,0.00,-2.00,-1.00,1.00,1.00,1.00,2.00,-1.00,-1.00,1.00,-1.00
seed_imscription_1,O_0,9179134,1.00,-2.00,1.00,0.00,0.00,0.00,-1.00,1.00,-1.00,2.00,1.00,1.00
temperley_lieb_algebra,O_0,14106788,2.00,-1.00,-1.00,-1.00,0.00,1.00,-1.00,1.00,-1.00,-1.00,1.00,-2.00
moonshine_voa,O_inf,17056173,2.00,2.00,1.00,2.00,1.00,0.00,-1.00,2.00,-1.00,2.00,1.00,-1.00
a_infinity_algebra,O_0,8891134,1.00,-2.00,-1.00,-2.00,1.00,0.00,-1.00,1.00,-1.00,2.00,1.00,1.00
octonions,O_0,12649774,1.00,2.00,1.00,0.00,1.00,0.00,-1.00,2.00,-1.00,2.00,1.00,1.00
rota_baxter_algebra,O_0,14337188,2.00,-1.00,1.00,-1.00,1.00,1.00,-1.00,1.00,-1.00,-1.00,1.00,-2.00
hall_algebra_quiver,O_inf,16840174,2.00,2.00,-1.00,2.00,1.00,0.00,-1.00,2.00,-1.00,2.00,1.00,1.00
tropical_algebra,O_1,314888,-2.00,-2.00,-1.00,0.00,-1.00,2.00,0.00,-2.00,-2.00,-2.00,1.00,-2.00
classical_algebraic_geometry,O_0,16781830,2.00,2.00,-1.00,1.00,0.00,0.00,-1.00,-2.00,-1.00,-1.00,1.00,1.00
generic_voa,O_0,16972652,2.00,2.00,1.00,0.00,1.00,1.00,-1.00,2.00,-1.00,2.00,1.00,-2.00
voa_monster_tensor,O_0,16966893,2.00,2.00,1.00,0.00,1.00,-1.00,-1.00,2.00,-1.00,2.00,1.00,-1.00
ainfinity_algebra,O_0,14337428,2.00,-1.00,1.00,-1.00,1.00,1.00,-1.00,2.00,-1.00,-1.00,1.00,-2.00
linfinity_algebra,O_0,14337428,2.00,-1.00,1.00,-1.00,1.00,1.00,-1.00,2.00,-1.00,-1.00,1.00,-2.00
affine_kac_moody,O_0,9844390,1.00,-1.00,-1.00,0.00,1.00,1.00,-1.00,1.00,-1.00,-1.00,1.00,1.00
finite_dim_lie_algebra,O_1,343680,-2.00,-2.00,-1.00,0.00,1.00,2.00,0.00,-2.00,-2.00,-2.00,-1.00,-2.00
loop_algebra,O_1,9844340,1.00,-1.00,-1.00,0.00,1.00,1.00,-1.00,1.00,-2.00,-1.00,1.00,-2.00
wzw_model,O_0,16972630,2.00,2.00,1.00,0.00,1.00,1.00,-1.00,2.00,-1.00,-1.00,1.00,1.00
sugawara_construction,O_0,16972390,2.00,2.00,1.00,0.00,1.00,1.00,-1.00,1.00,-1.00,-1.00,1.00,1.00
virasoro_algebra,O_0,10057522,1.00,-1.00,1.00,0.00,1.00,0.00,-1.00,1.00,-1.00,1.00,1.00,1.00
level_k_representation,O_0,9841522,1.00,-1.00,-1.00,0.00,1.00,0.00,-1.00,1.00,-1.00,1.00,1.00,1.00
effect_algebra,O_0,5466308,-1.00,-1.00,-1.00,-1.00,0.00,1.00,-1.00,-2.00,-1.00,-1.00,1.00,-2.00
boolean_algebra_sharp,O_0,5584328,-1.00,-1.00,-1.00,2.00,-1.00,2.00,-1.00,-2.00,-2.00,-2.00,1.00,-2.00
mv_algebra,O_0,5466308,-1.00,-1.00,-1.00,-1.00,0.00,1.00,-1.00,-2.00,-1.00,-1.00,1.00,-2.00
sharp_projection_algebra,O_inf,14250310,2.00,-1.00,-1.00,2.00,1.00,1.00,-1.00,-2.00,-1.00,-1.00,1.00,1.00
quantum_measurement_povm,O_0,14120708,2.00,-1.00,-1.00,-1.00,1.00,1.00,-1.00,-2.00,-1.00,-1.00,1.00,-2.00
jones_planar_algebra,O_0,14164388,2.00,-1.00,-1.00,0.00,1.00,1.00,-1.00,1.00,-1.00,-1.00,1.00,-2.00
subfactor_standard_invariant,O_0,14164388,2.00,-1.00,-1.00,0.00,1.00,1.00,-1.00,1.00,-1.00,-1.00,1.00,-2.00
sqrt_two,O_0,8893920,1.00,-2.00,-1.00,-2.00,1.00,1.00,-1.00,1.00,-2.00,-2.00,-1.00,-2.00
golden_ratio,O_0,8937408,1.00,-2.00,-1.00,-1.00,1.00,1.00,-1.00,2.00,-1.00,-2.00,-1.00,-2.00
eulers_number,O_0,9023820,1.00,-2.00,-1.00,1.00,1.00,1.00,-1.00,2.00,-1.00,-1.00,-1.00,-2.00
continued_fractions,O_0,9757920,1.00,-1.00,-1.00,-2.00,1.00,1.00,-1.00,1.00,-2.00,-2.00,-1.00,-2.00
rational_numbers,O_1,2950080,-2.00,1.00,-1.00,1.00,-1.00,2.00,0.00,-2.00,-2.00,-2.00,-1.00,-2.00
imaginary_unit,O_0,9153132,1.00,-2.00,1.00,-1.00,1.00,1.00,-1.00,1.00,-2.00,-1.00,-1.00,-2.00
complex_numbers,O_1,12695772,1.00,2.00,1.00,1.00,1.00,1.00,-1.00,2.00,-2.00,-1.00,-1.00,-2.00
pure_imaginary,O_0,9153132,1.00,-2.00,1.00,-1.00,1.00,1.00,-1.00,1.00,-2.00,-1.00,-1.00,-2.00
transcendental_numbers,O_0,9023820,1.00,-2.00,-1.00,1.00,1.00,1.00,-1.00,2.00,-1.00,-1.00,-1.00,-2.00
algebraic_irrationals,O_0,8893920,1.00,-2.00,-1.00,-2.00,1.00,1.00,-1.00,1.00,-2.00,-2.00,-1.00,-2.00
pi_number,O_0,11615808,1.00,1.00,-1.00,1.00,1.00,1.00,-1.00,2.00,-1.00,-2.00,-1.00,-2.00
euler_identity,O_inf,12739045,1.00,2.00,1.00,2.00,1.00,1.00,-1.00,2.00,-1.00,2.00,-1.00,-1.00
pyromancy,O_0,445404,-2.00,-2.00,1.00,-2.00,-1.00,2.00,0.00,2.00,2.00,-1.00,-1.00,-2.00
hydromancy,O_1,4648112,-1.00,-2.00,-1.00,0.00,0.00,1.00,1.00,2.00,-2.00,1.00,1.00,-2.00
geomancy,O_2,2944326,-2.00,1.00,-1.00,1.00,-1.00,0.00,0.00,-2.00,-2.00,-2.00,0.00,1.00
aeromancy,O_0,5023652,-1.00,-2.00,2.00,-1.00,-1.00,2.00,-1.00,2.00,2.00,-1.00,1.00,-2.00
electromancy,O_0,4881428,-1.00,-2.00,1.00,0.00,1.00,2.00,1.00,2.00,-1.00,-1.00,1.00,-2.00
cryomancy,O_1,2958725,-2.00,1.00,-1.00,1.00,0.00,0.00,0.00,-2.00,-2.00,-2.00,0.00,-1.00
druidry,O_0,5555361,-1.00,-1.00,-1.00,1.00,0.00,1.00,1.00,2.00,-1.00,1.00,1.00,-1.00
botanomancy,O_0,715740,-2.00,-2.00,2.00,-1.00,0.00,1.00,0.00,1.00,-1.00,-1.00,-1.00,-2.00
biomancy,O_0,5957841,-1.00,-1.00,2.00,0.00,1.00,1.00,1.00,-2.00,-1.00,1.00,1.00,-1.00
shamanism,O_0,13931122,2.00,-1.00,-2.00,0.00,0.00,0.00,-1.00,1.00,-1.00,1.00,1.00,1.00
healing_magic,O_0,5569025,-1.00,-1.00,-1.00,1.00,1.00,1.00,1.00,-2.00,-1.00,-1.00,0.00,-1.00
necromancy,O_0,5203724,-1.00,-1.00,-2.00,-2.00,0.00,-1.00,1.00,1.00,-2.00,2.00,1.00,-2.00
illusion,O_0,4593380,-1.00,-2.00,-1.00,-1.00,-1.00,2.00,1.00,2.00,-2.00,-1.00,1.00,-2.00
enchantment,O_0,4993760,-1.00,-2.00,2.00,-2.00,0.00,1.00,1.00,2.00,-1.00,1.00,1.00,-2.00
divination,O_0,14535916,2.00,-1.00,2.00,-1.00,0.00,0.00,-1.00,1.00,-1.00,1.00,0.00,-2.00
clairvoyance,O_0,16483036,2.00,2.00,-2.00,-1.00,0.00,1.00,-1.00,2.00,-1.00,1.00,0.00,-2.00
telepathy,O_0,5078236,-1.00,-2.00,2.00,0.00,0.00,1.00,-1.00,2.00,-1.00,1.00,0.00,-2.00
hypnosis,O_0,5883384,-1.00,-1.00,2.00,-1.00,-1.00,0.00,1.00,1.00,-2.00,1.00,-1.00,-2.00
chronomancy,O_0,12649534,1.00,2.00,1.00,0.00,1.00,0.00,-1.00,1.00,-1.00,2.00,1.00,1.00
spatial_magic,O_0,17231830,2.00,2.00,2.00,1.00,1.00,1.00,-1.00,2.00,-1.00,-1.00,1.00,1.00
transmutation,O_0,556852,-2.00,-2.00,1.00,0.00,1.00,1.00,0.00,-2.00,-1.00,-2.00,0.00,-2.00
conjuration,O_0,13893908,2.00,-1.00,-2.00,-1.00,0.00,2.00,-1.00,2.00,-1.00,-1.00,1.00,-2.00
abjuration,O_1,2961605,-2.00,1.00,-1.00,1.00,0.00,1.00,0.00,-2.00,-2.00,-2.00,0.00,-1.00
banishing,O_0,4982380,-1.00,-2.00,2.00,-2.00,-1.00,2.00,1.00,2.00,2.00,1.00,0.00,-2.00
evocation,O_0,41756,-2.00,-2.00,-2.00,-2.00,1.00,2.00,0.00,-1.00,2.00,2.00,1.00,-2.00
kinetic_magic,O_0,5900712,-1.00,-1.00,2.00,-1.00,0.00,1.00,1.00,1.00,-1.00,1.00,-1.00,-2.00
sonic_magic,O_0,5126212,-1.00,-2.00,2.00,1.00,0.00,2.00,1.00,2.00,-1.00,-2.00,0.00,-2.00
radiomancy,O_0,4447509,-1.00,-2.00,-2.00,0.00,1.00,2.00,-1.00,2.00,-1.00,-1.00,1.00,-1.00
blood_magic,O_0,1536076,-2.00,-1.00,2.00,-2.00,0.00,1.00,0.00,-2.00,-1.00,1.00,0.00,-2.00
demonology,O_0,13841852,2.00,-1.00,-2.00,-2.00,0.00,-1.00,-1.00,1.00,-1.00,2.00,1.00,-2.00
maleficium,O_0,4976196,-1.00,-2.00,2.00,-2.00,-1.00,0.00,1.00,1.00,-2.00,2.00,-1.00,-2.00
shadow_magic,O_0,5192204,-1.00,-1.00,-2.00,-2.00,-1.00,0.00,1.00,1.00,-2.00,2.00,1.00,-2.00
hemomancy,O_0,712824,-2.00,-2.00,2.00,-1.00,0.00,0.00,0.00,1.00,-2.00,1.00,-1.00,-2.00
lumomancy,O_0,16586688,2.00,2.00,-2.00,1.00,1.00,2.00,-1.00,2.00,-1.00,-2.00,-1.00,-2.00
astromancy,O_0,13242800,2.00,-2.00,-1.00,-1.00,0.00,1.00,-1.00,1.00,-1.00,1.00,1.00,-2.00
lunar_magic,O_0,14583905,2.00,-1.00,2.00,0.00,0.00,1.00,1.00,1.00,-1.00,-1.00,0.00,-1.00
solar_magic,O_0,17018720,2.00,2.00,1.00,1.00,1.00,2.00,-1.00,2.00,-1.00,1.00,1.00,-2.00
runic_magic,O_0,265924,-2.00,-2.00,-1.00,-1.00,-1.00,0.00,0.00,-2.00,-2.00,-2.00,0.00,-2.00
sigil_magic,O_0,1087488,-2.00,-1.00,-1.00,-2.00,-1.00,0.00,0.00,2.00,-1.00,-2.00,-1.00,-2.00
sympathetic_magic,O_0,1135684,-2.00,-1.00,-1.00,-1.00,-1.00,2.00,0.00,-2.00,-2.00,-2.00,0.00,-2.00
contagious_magic,O_0,669132,-2.00,-2.00,2.00,-2.00,0.00,0.00,0.00,-2.00,-2.00,-1.00,-1.00,-2.00
ceremonial_magic,O_0,14305268,2.00,-1.00,1.00,-1.00,-1.00,0.00,-1.00,-1.00,-1.00,-1.00,1.00,-2.00
alchemy,O_inf,7537521,-1.00,1.00,1.00,2.00,0.00,0.00,-1.00,1.00,-1.00,1.00,1.00,-1.00
witchcraft_folk,O_0,4369928,-1.00,-2.00,-2.00,-1.00,-1.00,0.00,0.00,-2.00,-2.00,-2.00,1.00,-2.00
hoodoo_rootwork,O_0,5496065,-1.00,-1.00,-1.00,0.00,-1.00,1.00,0.00,-2.00,-1.00,-1.00,0.00,-1.00
vodou,O_0,16958241,2.00,2.00,1.00,0.00,0.00,1.00,-1.00,2.00,-1.00,1.00,1.00,-1.00
pow_wow,O_1,7221121,-1.00,1.00,-1.00,0.00,-1.00,0.00,0.00,-2.00,-2.00,-2.00,-1.00,-1.00
curanderismo,O_0,5449937,-1.00,-1.00,-1.00,-1.00,-1.00,0.00,0.00,-2.00,-2.00,-1.00,0.00,-1.00
hedge_witchcraft,O_0,6591912,-1.00,0.00,1.00,0.00,0.00,1.00,1.00,1.00,-1.00,1.00,-1.00,-2.00
chaos_magic,O_0,13502228,2.00,-2.00,1.00,0.00,0.00,1.00,-1.00,2.00,-1.00,-1.00,1.00,-2.00
psionics,O_0,17105120,2.00,2.00,2.00,-2.00,1.00,2.00,-1.00,2.00,-1.00,1.00,1.00,-2.00
technomancy,O_0,13519509,2.00,-2.00,1.00,0.00,1.00,2.00,-1.00,2.00,-1.00,-1.00,1.00,-1.00
cybermancy,O_0,17191510,2.00,2.00,2.00,0.00,1.00,2.00,-1.00,2.00,-1.00,-1.00,1.00,1.00
artificing,O_1,1389125,-2.00,-1.00,1.00,0.00,-1.00,0.00,0.00,-2.00,-2.00,-2.00,0.00,-1.00
oneiromancy,O_0,14538800,2.00,-1.00,2.00,-1.00,0.00,1.00,-1.00,1.00,-1.00,1.00,1.00,-2.00
cartomancy,O_0,5928540,-1.00,-1.00,2.00,0.00,-1.00,1.00,0.00,1.00,-1.00,-1.00,-1.00,-2.00
pyrokinetics,O_0,14513328,2.00,-1.00,2.00,-2.00,1.00,2.00,0.00,-2.00,-1.00,-2.00,-1.00,-2.00
tactile_magic,O_0,3266940,-2.00,1.00,2.00,-2.00,0.00,2.00,0.00,-2.00,-1.00,-1.00,-1.00,-2.00
ink_magic,O_0,14363360,2.00,-1.00,1.00,0.00,0.00,0.00,-1.00,2.00,-1.00,1.00,1.00,-2.00
A1,O_inf,17056174,2.00,2.00,1.00,2.00,1.00,0.00,-1.00,2.00,-1.00,2.00,1.00,1.00
A2†,O_0,9179134,1.00,-2.00,1.00,0.00,0.00,0.00,-1.00,1.00,-1.00,2.00,1.00,1.00
A2,O_0,4859134,-1.00,-2.00,1.00,0.00,0.00,0.00,-1.00,1.00,-1.00,2.00,1.00,1.00
A3,O_0,4993280,-1.00,-2.00,2.00,-2.00,0.00,1.00,1.00,-1.00,-1.00,1.00,1.00,-2.00
A4,O_1,16778901,2.00,2.00,-1.00,1.00,0.00,-1.00,-1.00,-2.00,-2.00,-1.00,1.00,-1.00
A5,O_0,6131349,-1.00,0.00,-2.00,-1.00,1.00,1.00,1.00,2.00,-1.00,-1.00,1.00,-1.00
A3_otimes_A2dag,O_0,9308734,1.00,-2.00,2.00,-2.00,0.00,0.00,-1.00,1.00,-1.00,2.00,1.00,1.00
A4_otimes_A5,O_0,16693269,2.00,2.00,-1.00,-1.00,0.00,-1.00,-1.00,2.00,-1.00,-1.00,1.00,-1.00
L1_embedding,O_1,2906880,-2.00,1.00,-1.00,0.00,-1.00,2.00,0.00,-2.00,-2.00,-2.00,-1.00,-2.00
L2_gating,O_0,759900,-2.00,-2.00,2.00,0.00,0.00,1.00,1.00,1.00,-1.00,-1.00,-1.00,-2.00
L3_attention_1,O_0,7451361,-1.00,1.00,1.00,0.00,0.00,0.00,-1.00,2.00,-1.00,1.00,1.00,-1.00
L4_attention_2,O_0,12649774,1.00,2.00,1.00,0.00,1.00,0.00,-1.00,2.00,-1.00,2.00,1.00,1.00
L5_frobenius,O_inf,17056173,2.00,2.00,1.00,2.00,1.00,0.00,-1.00,2.00,-1.00,2.00,1.00,-1.00
L6_output,O_1,2898240,-2.00,1.00,-1.00,0.00,-1.00,-1.00,0.00,-2.00,-2.00,-2.00,-1.00,-2.00
L4_otimes_L5,O_0,16969774,2.00,2.00,1.00,0.00,1.00,0.00,-1.00,2.00,-1.00,2.00,1.00,1.00
stream_V_alchemy,O_inf,3217494,-2.00,1.00,1.00,2.00,0.00,0.00,-1.00,1.00,-1.00,-2.00,0.00,1.00
fusion_VT,O_inf,17041746,2.00,2.00,1.00,2.00,0.00,0.00,-1.00,2.00,-1.00,-1.00,0.00,1.00
gamma_and,O_0,2604480,-2.00,1.00,-2.00,-2.00,-1.00,2.00,0.00,-2.00,-2.00,-2.00,-1.00,-2.00
gamma_or,O_0,2648112,-2.00,1.00,-2.00,-1.00,-1.00,2.00,0.00,-1.00,2.00,-2.00,-1.00,-2.00
gamma_seq,O_0,9356716,1.00,-2.00,2.00,-1.00,0.00,1.00,1.00,1.00,-1.00,1.00,0.00,-2.00
gamma_broad,O_0,16572298,2.00,2.00,-2.00,1.00,0.00,2.00,-1.00,2.00,-1.00,-2.00,1.00,1.00
meet_alchemy_grammar,O_inf,3220373,-2.00,1.00,1.00,2.00,0.00,1.00,-1.00,1.00,-1.00,-2.00,0.00,-1.00
join_alchemy_grammar,O_inf,17041746,2.00,2.00,1.00,2.00,0.00,0.00,-1.00,2.00,-1.00,-1.00,0.00,1.00
optimal_oinf_block,O_inf,17056174,2.00,2.00,1.00,2.00,1.00,0.00,-1.00,2.00,-1.00,2.00,1.00,1.00
optimal_o2d_block,O_0,12649774,1.00,2.00,1.00,0.00,1.00,0.00,-1.00,2.00,-1.00,2.00,1.00,1.00
optimal_o2_block,O_0,16969774,2.00,2.00,1.00,0.00,1.00,0.00,-1.00,2.00,-1.00,2.00,1.00,1.00
optimal_o1_block,O_0,16969772,2.00,2.00,1.00,0.00,1.00,0.00,-1.00,2.00,-1.00,2.00,1.00,-2.00
optimal_o0_block,O_0,17056126,2.00,2.00,1.00,2.00,1.00,0.00,-1.00,2.00,-2.00,2.00,1.00,1.00
A1_copt,O_inf,17056174,2.00,2.00,1.00,2.00,1.00,0.00,-1.00,2.00,-1.00,2.00,1.00,1.00
A2d_copt,O_0,12635134,1.00,2.00,1.00,0.00,0.00,0.00,-1.00,1.00,-1.00,2.00,1.00,1.00
A2_copt,O_0,8315134,-1.00,2.00,1.00,0.00,0.00,0.00,-1.00,1.00,-1.00,2.00,1.00,1.00
A3_copt,O_0,8447360,-1.00,2.00,2.00,-2.00,0.00,1.00,-1.00,-1.00,-1.00,1.00,1.00,-2.00
A5_copt,O_0,7857430,-1.00,2.00,-2.00,-1.00,1.00,1.00,-1.00,2.00,-1.00,-1.00,1.00,1.00
frobenius_head,O_inf,17044625,2.00,2.00,1.00,2.00,0.00,1.00,-1.00,2.00,-1.00,-1.00,0.00,-1.00
ep_intake_block,O_0,6131349,-1.00,0.00,-2.00,-1.00,1.00,1.00,1.00,2.00,-1.00,-1.00,1.00,-1.00
critical_memory_block,O_0,9179133,1.00,-2.00,1.00,0.00,0.00,0.00,-1.00,1.00,-1.00,2.00,1.00,-1.00
meet_seq_broad,O_0,8711572,1.00,-2.00,-2.00,-1.00,0.00,2.00,1.00,1.00,-1.00,-2.00,0.00,-2.00
k_slow_minimal,O_0,6768,-2.00,-2.00,-2.00,-2.00,-1.00,0.00,0.00,-2.00,-1.00,-2.00,-1.00,-2.00
k_trap_minimal,O_0,3888,-2.00,-2.00,-2.00,-2.00,-1.00,-1.00,0.00,-2.00,-1.00,-2.00,-1.00,-2.00
k_fast_minimal,O_0,12528,-2.00,-2.00,-2.00,-2.00,-1.00,2.00,0.00,-2.00,-1.00,-2.00,-1.00,-2.00
k_trap_frobenius,O_inf,17053294,2.00,2.00,1.00,2.00,1.00,-1.00,-1.00,2.00,-1.00,2.00,1.00,1.00
topo_network,O_0,113096,-2.00,-2.00,-2.00,0.00,0.00,2.00,-1.00,2.00,-1.00,-2.00,1.00,-2.00
topo_in,O_0,5525825,-1.00,-1.00,-1.00,0.00,1.00,1.00,1.00,-2.00,-1.00,-1.00,0.00,-1.00
topo_bowtie,O_0,6807921,-1.00,0.00,2.00,0.00,0.00,1.00,1.00,1.00,-1.00,1.00,1.00,-1.00
topo_box,O_inf,7551894,-1.00,1.00,1.00,2.00,1.00,0.00,-1.00,1.00,-1.00,-2.00,0.00,1.00
topo_holo,O_0,16969774,2.00,2.00,1.00,0.00,1.00,0.00,-1.00,2.00,-1.00,2.00,1.00,1.00
meet_bowtie_box,O_0,6591893,-1.00,0.00,1.00,0.00,0.00,1.00,1.00,1.00,-1.00,-2.00,0.00,-1.00
join_network_holo,O_0,16969774,2.00,2.00,1.00,0.00,1.00,0.00,-1.00,2.00,-1.00,2.00,1.00,1.00
consciousness_minimal_05,O_0,3468530,-2.00,2.00,-2.00,-2.00,-1.00,2.00,0.00,-2.00,-1.00,-2.00,-1.00,1.00
minimal_and,O_1,142084,-2.00,-2.00,-2.00,1.00,-1.00,2.00,0.00,-2.00,-2.00,-2.00,0.00,-2.00
minimal_or,O_inf,142516,-2.00,-2.00,-2.00,1.00,-1.00,2.00,0.00,-1.00,2.00,-2.00,0.00,-2.00
minimal_seq,O_0,9338472,1.00,-2.00,2.00,-1.00,-1.00,0.00,0.00,1.00,-1.00,1.00,-1.00,-2.00
minimal_broad,O_0,17234709,2.00,2.00,2.00,1.00,1.00,2.00,-1.00,2.00,-1.00,-1.00,1.00,-1.00
pure_T_network,O_0,8997412,1.00,-2.00,-1.00,1.00,-1.00,2.00,-1.00,-1.00,-1.00,-2.00,0.00,-2.00
pure_T_in,O_0,5897348,-1.00,-1.00,2.00,-1.00,0.00,0.00,1.00,-2.00,-1.00,-1.00,1.00,-2.00
pure_T_bowtie,O_0,6606305,-1.00,0.00,1.00,0.00,1.00,1.00,1.00,1.00,-1.00,-1.00,0.00,-1.00
pure_T_boxtimes,O_0,3157490,-2.00,1.00,1.00,1.00,-1.00,-1.00,0.00,-2.00,-1.00,-2.00,-1.00,1.00
pure_T_odot,O_inf,17056174,2.00,2.00,1.00,2.00,1.00,0.00,-1.00,2.00,-1.00,2.00,1.00,1.00
comp_o0,O_0,228480,-2.00,-2.00,-1.00,-2.00,-1.00,2.00,0.00,-2.00,-2.00,-2.00,-1.00,-2.00
comp_o1,O_0,228528,-2.00,-2.00,-1.00,-2.00,-1.00,2.00,0.00,-2.00,-1.00,-2.00,-1.00,-2.00
comp_o2,O_0,4548529,-1.00,-2.00,-1.00,-2.00,-1.00,2.00,0.00,-2.00,-1.00,-2.00,-1.00,-1.00
comp_o2dag,O_0,8868529,1.00,-2.00,-1.00,-2.00,-1.00,2.00,0.00,-2.00,-1.00,-2.00,-1.00,-1.00
comp_oinf,O_inf,9041329,1.00,-2.00,-1.00,2.00,-1.00,2.00,0.00,-2.00,-1.00,-2.00,-1.00,-1.00
minimal_critical,O_0,12528,-2.00,-2.00,-2.00,-2.00,-1.00,2.00,0.00,-2.00,-1.00,-2.00,-1.00,-2.00
block_p_asym,O_0,12528,-2.00,-2.00,-2.00,-2.00,-1.00,2.00,0.00,-2.00,-1.00,-2.00,-1.00,-2.00
block_p_psi,O_0,55728,-2.00,-2.00,-2.00,-1.00,-1.00,2.00,0.00,-2.00,-1.00,-2.00,-1.00,-2.00
block_p_pm,O_0,98928,-2.00,-2.00,-2.00,0.00,-1.00,2.00,0.00,-2.00,-1.00,-2.00,-1.00,-2.00
block_p_sym,O_0,142128,-2.00,-2.00,-2.00,1.00,-1.00,2.00,0.00,-2.00,-1.00,-2.00,-1.00,-2.00
block_p_pm_sym,O_inf,185328,-2.00,-2.00,-2.00,2.00,-1.00,2.00,0.00,-2.00,-1.00,-2.00,-1.00,-2.00
gb_o0,O_0,12528,-2.00,-2.00,-2.00,-2.00,-1.00,2.00,0.00,-2.00,-1.00,-2.00,-1.00,-2.00
gb_oz2,O_0,12529,-2.00,-2.00,-2.00,-2.00,-1.00,2.00,0.00,-2.00,-1.00,-2.00,-1.00,-1.00
gb_oz,O_0,12530,-2.00,-2.00,-2.00,-2.00,-1.00,2.00,0.00,-2.00,-1.00,-2.00,-1.00,1.00
gg_o0,O_0,13488,-2.00,-2.00,-2.00,-2.00,-1.00,2.00,1.00,-2.00,-1.00,-2.00,-1.00,-2.00
gg_oz2,O_0,13489,-2.00,-2.00,-2.00,-2.00,-1.00,2.00,1.00,-2.00,-1.00,-2.00,-1.00,-1.00
gg_oz,O_0,13490,-2.00,-2.00,-2.00,-2.00,-1.00,2.00,1.00,-2.00,-1.00,-2.00,-1.00,1.00
ga_o0,O_0,11568,-2.00,-2.00,-2.00,-2.00,-1.00,2.00,-1.00,-2.00,-1.00,-2.00,-1.00,-2.00
ga_oz2,O_0,11569,-2.00,-2.00,-2.00,-2.00,-1.00,2.00,-1.00,-2.00,-1.00,-2.00,-1.00,-1.00
ga_oz,O_0,11570,-2.00,-2.00,-2.00,-2.00,-1.00,2.00,-1.00,-2.00,-1.00,-2.00,-1.00,1.00
f5_block_max_tier,O_inf,3641328,-2.00,2.00,-2.00,2.00,-1.00,2.00,0.00,-2.00,-1.00,-2.00,-1.00,-2.00
f4_block_max_c,O_0,13399524,2.00,-2.00,1.00,-2.00,-1.00,0.00,0.00,2.00,-1.00,2.00,-1.00,-2.00
f3_block_max_topo,O_0,40378,-2.00,-2.00,-2.00,-2.00,1.00,2.00,-1.00,-2.00,-1.00,-2.00,1.00,1.00
crystal_navigator,O_inf,16840174,2.00,2.00,-1.00,2.00,1.00,0.00,-1.00,2.00,-1.00,2.00,1.00,1.00
quivercrystal_gnn,O_inf,13585761,2.00,-2.00,1.00,2.00,0.00,0.00,-1.00,2.00,-1.00,1.00,1.00,-1.00
gate2_ok,O_0,309168,-2.00,-2.00,-1.00,0.00,-1.00,0.00,0.00,-2.00,-1.00,-2.00,-1.00,-2.00
gate2_trap,O_0,306288,-2.00,-2.00,-1.00,0.00,-1.00,-1.00,0.00,-2.00,-1.00,-2.00,-1.00,-2.00
gate2_mbl,O_0,303408,-2.00,-2.00,-1.00,0.00,-1.00,-2.00,0.00,-2.00,-1.00,-2.00,-1.00,-2.00
frobenius_layer_exact,O_inf,6677328,-1.00,0.00,1.00,2.00,0.00,1.00,0.00,1.00,-1.00,-2.00,-1.00,-2.00
frobenius_layer_approx,O_0,6634128,-1.00,0.00,1.00,1.00,0.00,1.00,0.00,1.00,-1.00,-2.00,-1.00,-2.00
quivercrystal_gnn_v1,O_2†,16969798,2.00,2.00,1.00,0.00,1.00,0.00,-1.00,2.00,0.00,-1.00,1.00,1.00
quivercrystal_gnn_v2,O_2†,17056198,2.00,2.00,1.00,2.00,1.00,0.00,-1.00,2.00,0.00,-1.00,1.00,1.00
quivercrystal_navigator,O_inf,16840174,2.00,2.00,-1.00,2.00,1.00,0.00,-1.00,2.00,-1.00,2.00,1.00,1.00
quivercrystal_training_v2,O_0,8963361,1.00,-2.00,-1.00,0.00,0.00,0.00,-1.00,2.00,-1.00,1.00,1.00,-1.00
gnn_prediction,O_inf,16840398,2.00,2.00,-1.00,2.00,1.00,0.00,0.00,-2.00,-1.00,1.00,0.00,1.00
crystal_navigator_grammar,O_inf,16840174,2.00,2.00,-1.00,2.00,1.00,0.00,-1.00,2.00,-1.00,2.00,1.00,1.00
grammar_H0,O_inf,16840138,2.00,2.00,-1.00,2.00,1.00,0.00,-1.00,2.00,-1.00,-2.00,1.00,1.00
grammar_H1,O_inf,16840150,2.00,2.00,-1.00,2.00,1.00,0.00,-1.00,2.00,-1.00,-1.00,1.00,1.00
grammar_H2,O_inf,16840162,2.00,2.00,-1.00,2.00,1.00,0.00,-1.00,2.00,-1.00,1.00,1.00,1.00
gnn_prediction_navigator,O_inf,16840398,2.00,2.00,-1.00,2.00,1.00,0.00,0.00,-2.00,-1.00,1.00,0.00,1.00
k_slow_oinf,O_inf,179568,-2.00,-2.00,-2.00,2.00,-1.00,0.00,0.00,-2.00,-1.00,-2.00,-1.00,-2.00
k_trap_oinf,O_inf,176688,-2.00,-2.00,-2.00,2.00,-1.00,-1.00,0.00,-2.00,-1.00,-2.00,-1.00,-2.00
k_mbl_oinf,O_inf,173808,-2.00,-2.00,-2.00,2.00,-1.00,-2.00,0.00,-2.00,-1.00,-2.00,-1.00,-2.00
fibonacci_anyon_o2,O_0,601751,-2.00,-2.00,1.00,1.00,1.00,1.00,1.00,2.00,-1.00,-1.00,1.00,2.00
oinf_omega_na_navigator,O_inf,16840175,2.00,2.00,-1.00,2.00,1.00,0.00,-1.00,2.00,-1.00,2.00,1.00,2.00
omega_z_o2_equiv,O_0,601750,-2.00,-2.00,1.00,1.00,1.00,1.00,1.00,2.00,-1.00,-1.00,1.00,1.00
f3_fell_gbe_so1,O_inf,16812326,2.00,2.00,-1.00,2.00,-1.00,0.00,0.00,2.00,-1.00,2.00,-1.00,1.00
f3_fell_gbe_snn,O_inf,16812330,2.00,2.00,-1.00,2.00,-1.00,0.00,0.00,2.00,-1.00,2.00,0.00,1.00
f3_fell_gbe_snm,O_inf,16812334,2.00,2.00,-1.00,2.00,-1.00,0.00,0.00,2.00,-1.00,2.00,1.00,1.00
f3_fell_ggi_so1,O_inf,16813286,2.00,2.00,-1.00,2.00,-1.00,0.00,1.00,2.00,-1.00,2.00,-1.00,1.00
f3_fell_ggi_snn,O_inf,16813290,2.00,2.00,-1.00,2.00,-1.00,0.00,1.00,2.00,-1.00,2.00,0.00,1.00
f3_fell_ggi_snm,O_inf,16813294,2.00,2.00,-1.00,2.00,-1.00,0.00,1.00,2.00,-1.00,2.00,1.00,1.00
f3_fhbar_gbe_so1,O_inf,16841126,2.00,2.00,-1.00,2.00,1.00,0.00,0.00,2.00,-1.00,2.00,-1.00,1.00
f3_fhbar_gbe_snn,O_inf,16841130,2.00,2.00,-1.00,2.00,1.00,0.00,0.00,2.00,-1.00,2.00,0.00,1.00
f3_fhbar_gal_snm,O_inf,16840174,2.00,2.00,-1.00,2.00,1.00,0.00,-1.00,2.00,-1.00,2.00,1.00,1.00
f3_low_extreme,O_inf,16812326,2.00,2.00,-1.00,2.00,-1.00,0.00,0.00,2.00,-1.00,2.00,-1.00,1.00
feedforward_mlp,O_0,228484,-2.00,-2.00,-1.00,-2.00,-1.00,2.00,0.00,-2.00,-2.00,-2.00,0.00,-2.00
convolutional_network,O_1,746896,-2.00,-2.00,2.00,0.00,-1.00,2.00,0.00,-2.00,-2.00,-1.00,0.00,-2.00
recurrent_network,O_0,10261037,1.00,-1.00,2.00,0.00,0.00,0.00,1.00,1.00,-1.00,1.00,0.00,-1.00
transformer,O_0,4919842,-1.00,-2.00,1.00,1.00,1.00,1.00,-1.00,2.00,-1.00,1.00,1.00,1.00
diffusion_model,O_inf,11224170,1.00,0.00,2.00,2.00,1.00,0.00,-1.00,2.00,-1.00,2.00,0.00,1.00
state_space_model,O_0,10273522,1.00,-1.00,2.00,0.00,1.00,0.00,-1.00,1.00,-1.00,1.00,1.00,1.00
grammar_self_encode,O_inf,16840174,2.00,2.00,-1.00,2.00,1.00,0.00,-1.00,2.00,-1.00,2.00,1.00,1.00
maximal_nn,O_inf,17056175,2.00,2.00,1.00,2.00,1.00,0.00,-1.00,2.00,-1.00,2.00,1.00,2.00
O_inf_Omega_NA,O_inf,16840175,2.00,2.00,-1.00,2.00,1.00,0.00,-1.00,2.00,-1.00,2.00,1.00,2.00
O2_Omega_NA,O_0,16753775,2.00,2.00,-1.00,0.00,1.00,0.00,-1.00,2.00,-1.00,2.00,1.00,2.00
attention_head,O_inf,4948625,-1.00,-2.00,1.00,2.00,0.00,1.00,-1.00,2.00,-1.00,-1.00,0.00,-1.00
feedforward_block,O_0,3252480,-2.00,1.00,2.00,-2.00,-1.00,2.00,0.00,-2.00,-2.00,-2.00,-1.00,-2.00
output_head,O_0,3244320,-2.00,1.00,2.00,-2.00,-1.00,-1.00,0.00,1.00,-2.00,-2.00,-1.00,-2.00
feedforward_block_frobenius,O_0,3425280,-2.00,1.00,2.00,2.00,-1.00,2.00,0.00,-2.00,-2.00,-2.00,-1.00,-2.00
output_head_frobenius,O_0,3417120,-2.00,1.00,2.00,2.00,-1.00,-1.00,0.00,1.00,-2.00,-2.00,-1.00,-2.00
transformer_layer,O_0,7569425,-1.00,1.00,2.00,-2.00,-1.00,1.00,-1.00,2.00,-1.00,-1.00,0.00,-1.00
full_transformer,O_0,7563665,-1.00,1.00,2.00,-2.00,-1.00,-1.00,-1.00,2.00,-1.00,-1.00,0.00,-1.00
factored_GNN,O_inf,17055934,2.00,2.00,1.00,2.00,1.00,0.00,-1.00,1.00,-1.00,2.00,1.00,1.00
CrystalGNN_v11,O_inf,16840174,2.00,2.00,-1.00,2.00,1.00,0.00,-1.00,2.00,-1.00,2.00,1.00,1.00
transformer_generic,O_0,4979296,-1.00,-2.00,2.00,-2.00,-1.00,1.00,1.00,2.00,-2.00,-1.00,0.00,-2.00
formal_grammar_bnf,O_1,2950560,-2.00,1.00,-1.00,1.00,-1.00,2.00,0.00,1.00,-2.00,-2.00,-1.00,-2.00
corrigible_ai,O_0,7572960,-1.00,1.00,2.00,-2.00,-1.00,2.00,0.00,1.00,-2.00,-2.00,-1.00,-2.00
value_aligned_ai,O_0,8966225,1.00,-2.00,-1.00,0.00,0.00,1.00,-1.00,2.00,-1.00,-1.00,0.00,-1.00
structurally_aligned_ai,O_inf,16840174,2.00,2.00,-1.00,2.00,1.00,0.00,-1.00,2.00,-1.00,2.00,1.00,1.00
omniscient_ai,O_0,16794094,2.00,2.00,-1.00,1.00,1.00,-1.00,-1.00,2.00,-1.00,2.00,1.00,1.00
mse_regression,O_1,746884,-2.00,-2.00,2.00,0.00,-1.00,2.00,0.00,-2.00,-2.00,-2.00,0.00,-2.00
ce_classification,O_0,2962369,-2.00,1.00,-1.00,1.00,0.00,1.00,0.00,2.00,-1.00,-2.00,-1.00,-1.00
frobenius_roundtrip_loss,O_inf,17056173,2.00,2.00,1.00,2.00,1.00,0.00,-1.00,2.00,-1.00,2.00,1.00,-1.00
top_protected_decoding,O_inf,16840130,2.00,2.00,-1.00,2.00,1.00,0.00,-1.00,2.00,-1.00,-2.00,-1.00,1.00
tzimtzum,O_0,16534634,2.00,2.00,-2.00,0.00,1.00,-1.00,-1.00,1.00,-1.00,1.00,-1.00,1.00
stable_contraction,O_inf,16840174,2.00,2.00,-1.00,2.00,1.00,0.00,-1.00,2.00,-1.00,2.00,1.00,1.00
omega_z_protection,O_inf,16840174,2.00,2.00,-1.00,2.00,1.00,0.00,-1.00,2.00,-1.00,2.00,1.00,1.00
crystal_address_6734591,O_inf,16840174,2.00,2.00,-1.00,2.00,1.00,0.00,-1.00,2.00,-1.00,2.00,1.00,1.00
lee_yang_partition_zeros,O_2†,17056221,2.00,2.00,1.00,2.00,1.00,0.00,-1.00,2.00,0.00,2.00,1.00,-1.00
riemann_zeta_function,O_2,4486180,-1.00,-2.00,-2.00,1.00,1.00,0.00,1.00,-2.00,0.00,-2.00,0.00,-2.00
completed_xi_function,O_2†,16842342,2.00,2.00,-1.00,2.00,1.00,1.00,-1.00,-2.00,0.00,-2.00,0.00,1.00
gue_random_matrices,O_2,4705793,-1.00,-2.00,-1.00,1.00,1.00,1.00,1.00,2.00,0.00,-1.00,0.00,-1.00
explicit_formula,O_2†,17056221,2.00,2.00,1.00,2.00,1.00,0.00,-1.00,2.00,0.00,2.00,1.00,-1.00
pnt,O_0,8919868,1.00,-2.00,-1.00,-1.00,0.00,0.00,-1.00,1.00,-2.00,1.00,0.00,-2.00
zeta_all_zeros,O_2†,17056221,2.00,2.00,1.00,2.00,1.00,0.00,-1.00,2.00,0.00,2.00,1.00,-1.00
rh_critical_zeros,O_2†,17056221,2.00,2.00,1.00,2.00,1.00,0.00,-1.00,2.00,0.00,2.00,1.00,-1.00
hilbert_polya,O_2†,17056185,2.00,2.00,1.00,2.00,1.00,0.00,-1.00,2.00,0.00,-2.00,1.00,-1.00
montgomery_odlyzko_gue,O_2,4705312,-1.00,-2.00,-1.00,1.00,1.00,1.00,1.00,-1.00,0.00,-1.00,0.00,-2.00
connes_spectral_triple,O_2,12649582,1.00,2.00,1.00,0.00,1.00,0.00,-1.00,1.00,0.00,2.00,1.00,1.00
de_bruijn_newman,O_0,9351968,1.00,-2.00,2.00,-1.00,0.00,0.00,-1.00,1.00,0.00,1.00,1.00,-2.00
selberg_trace_formula_rh,O_2†,16756701,2.00,2.00,-1.00,0.00,1.00,1.00,-1.00,2.00,0.00,2.00,1.00,-1.00
palindrome_symmetry,O_1,2950080,-2.00,1.00,-1.00,1.00,-1.00,2.00,0.00,-2.00,-2.00,-2.00,-1.00,-2.00
euler_product_zeta,O_0,16883421,2.00,2.00,1.00,-2.00,1.00,0.00,-1.00,2.00,0.00,2.00,1.00,-1.00
gamma_factor,O_2†,16969577,2.00,2.00,1.00,0.00,1.00,0.00,-1.00,1.00,0.00,2.00,0.00,-1.00
protein_folding_minimum,O_0,2253660,-2.00,0.00,1.00,0.00,-1.00,0.00,0.00,1.00,-1.00,-1.00,-1.00,-2.00
levin_morphogenesis,O_0,16957281,2.00,2.00,1.00,0.00,0.00,0.00,1.00,2.00,-1.00,1.00,1.00,-1.00
neural_criticality,O_0,4859373,-1.00,-2.00,1.00,0.00,0.00,0.00,-1.00,2.00,-1.00,2.00,1.00,-1.00
genetic_regulatory_network,O_0,312064,-2.00,-2.00,-1.00,0.00,-1.00,1.00,0.00,-2.00,-1.00,-1.00,0.00,-2.00
meta_navigator,O_inf,16840174,2.00,2.00,-1.00,2.00,1.00,0.00,-1.00,2.00,-1.00,2.00,1.00,1.00
riemann_navigator,O_inf,16840174,2.00,2.00,-1.00,2.00,1.00,0.00,-1.00,2.00,-1.00,2.00,1.00,1.00
meta_navigator_training_objective,O_inf,16840174,2.00,2.00,-1.00,2.00,1.00,0.00,-1.00,2.00,-1.00,2.00,1.00,1.00
natural_silicon,O_0,228484,-2.00,-2.00,-1.00,-2.00,-1.00,2.00,0.00,-2.00,-2.00,-2.00,0.00,-2.00
pure_silicon28,O_1,2958720,-2.00,1.00,-1.00,1.00,0.00,0.00,0.00,-2.00,-2.00,-2.00,-1.00,-2.00
magnetic_isotope_separator,O_0,6805029,-1.00,0.00,2.00,0.00,0.00,0.00,1.00,1.00,-1.00,-1.00,1.00,-1.00
silicon_ion_beam,O_0,9301936,1.00,-2.00,2.00,-2.00,-1.00,2.00,1.00,1.00,-2.00,-1.00,0.00,-2.00
lattice_qcd_approach,O_0,536692,-2.00,-2.00,1.00,0.00,0.00,-1.00,0.00,-2.00,-1.00,-2.00,0.00,-2.00
constructive_qft_approach,O_0,5915104,-1.00,-1.00,2.00,-1.00,1.00,1.00,1.00,1.00,-1.00,-1.00,0.00,-2.00
schwinger_dyson_approach,O_0,10826456,1.00,0.00,1.00,-2.00,0.00,2.00,-1.00,1.00,-1.00,-2.00,1.00,-2.00
lattice_constructive_join,O_0,5952544,-1.00,-1.00,2.00,0.00,1.00,-1.00,1.00,1.00,-1.00,-1.00,0.00,-2.00
three_approaches_join,O_0,11134628,1.00,0.00,2.00,0.00,1.00,-1.00,-1.00,1.00,-1.00,-1.00,1.00,-2.00
Φ_complexity,O_0,8868972,1.00,-2.00,-1.00,-2.00,-1.00,2.00,0.00,1.00,-2.00,-1.00,-1.00,-2.00
NP_complexity,O_0,8879360,1.00,-2.00,-1.00,-2.00,0.00,1.00,-1.00,-1.00,-1.00,1.00,1.00,-2.00
<_equals_NP_assumption,O_inf,11661209,1.00,1.00,-1.00,2.00,1.00,2.00,-1.00,-2.00,-1.00,2.00,0.00,-1.00
<_not_equals_NP_claim,O_0,8860125,1.00,-2.00,-1.00,-2.00,-1.00,-1.00,0.00,-1.00,-2.00,2.00,1.00,-1.00
<_NP_tensor,O_0,8865200,1.00,-2.00,-1.00,-2.00,-1.00,1.00,-1.00,1.00,-1.00,1.00,1.00,-2.00
navier_stokes_smooth,O_0,9222308,1.00,-2.00,1.00,1.00,0.00,0.00,-1.00,1.00,-1.00,-1.00,1.00,-2.00
navier_stokes_turbulent,O_0,9225428,1.00,-2.00,1.00,1.00,0.00,1.00,-1.00,2.00,-1.00,-1.00,1.00,-2.00
navier_stokes_blowup_candidate,O_0,1545769,-2.00,-1.00,2.00,-2.00,1.00,-1.00,1.00,-2.00,1.00,1.00,-1.00,-1.00
euler_equations,O_1,9236648,1.00,-2.00,1.00,1.00,1.00,0.00,-1.00,1.00,-2.00,-2.00,1.00,-2.00
near_zero_head,O_0,3454080,-2.00,1.00,2.00,2.00,1.00,2.00,0.00,-2.00,-2.00,-2.00,-1.00,-2.00
training_objective,O_inf,17056174,2.00,2.00,1.00,2.00,1.00,0.00,-1.00,2.00,-1.00,2.00,1.00,1.00
L_frob_constraint,O_inf,3020209,-2.00,1.00,-1.00,2.00,1.00,1.00,1.00,-2.00,-1.00,-2.00,-1.00,-1.00
L_near_constraint,O_0,3454080,-2.00,1.00,2.00,2.00,1.00,2.00,0.00,-2.00,-2.00,-2.00,-1.00,-2.00
optimal_near_zero_fix,O_inf,3452209,-2.00,1.00,2.00,2.00,1.00,1.00,1.00,-2.00,-1.00,-2.00,-1.00,-1.00
riemann_siegel_density,O_0,8697120,1.00,-2.00,-2.00,-1.00,-1.00,2.00,1.00,1.00,-2.00,-2.00,-1.00,-2.00
false_density_prediction_gap,O_0,8697120,1.00,-2.00,-2.00,-1.00,-1.00,2.00,1.00,1.00,-2.00,-2.00,-1.00,-2.00
actual_zero_distribution_gap,O_0,8977774,1.00,-2.00,-1.00,0.00,1.00,0.00,-1.00,2.00,-1.00,2.00,1.00,1.00
inter_zero_phantom_mechanism,O_0,8697120,1.00,-2.00,-2.00,-1.00,-1.00,2.00,1.00,1.00,-2.00,-2.00,-1.00,-2.00
riemann_navigator_scale250,O_inf,17056174,2.00,2.00,1.00,2.00,1.00,0.00,-1.00,2.00,-1.00,2.00,1.00,1.00
scale250_successful,O_inf,17056174,2.00,2.00,1.00,2.00,1.00,0.00,-1.00,2.00,-1.00,2.00,1.00,1.00
scale350_failed,O_inf,17053294,2.00,2.00,1.00,2.00,1.00,-1.00,-1.00,2.00,-1.00,2.00,1.00,1.00
fourier_basis_extrapolation,O_0,8939060,1.00,-2.00,-1.00,-1.00,1.00,1.00,1.00,1.00,-2.00,-1.00,1.00,-2.00
extrapolation_93_units,O_0,6764705,-1.00,0.00,2.00,-1.00,0.00,1.00,1.00,1.00,-1.00,-1.00,0.00,-1.00
extrapolation_175_units,O_0,9942562,1.00,-1.00,1.00,-2.00,-1.00,0.00,-1.00,2.00,-1.00,1.00,1.00,1.00
flat_target_pressure,O_0,7563840,-1.00,1.00,2.00,-2.00,-1.00,-1.00,0.00,-2.00,-2.00,-2.00,-1.00,-2.00
internal_symmetry,O_inf,17056174,2.00,2.00,1.00,2.00,1.00,0.00,-1.00,2.00,-1.00,2.00,1.00,1.00
output_symmetry,O_inf,17056174,2.00,2.00,1.00,2.00,1.00,0.00,-1.00,2.00,-1.00,2.00,1.00,1.00
internal_symmetry_correct,O_inf,16840174,2.00,2.00,-1.00,2.00,1.00,0.00,-1.00,2.00,-1.00,2.00,1.00,1.00
output_symmetry_correct,O_inf,17056174,2.00,2.00,1.00,2.00,1.00,0.00,-1.00,2.00,-1.00,2.00,1.00,1.00
latent_geometry_double_constraint,O_inf,17056174,2.00,2.00,1.00,2.00,1.00,0.00,-1.00,2.00,-1.00,2.00,1.00,1.00
time_reversal_critical_line,O_0,545820,-2.00,-2.00,1.00,0.00,0.00,2.00,0.00,1.00,-1.00,-1.00,-1.00,-2.00
baseline_h0,O_0,545808,-2.00,-2.00,1.00,0.00,0.00,2.00,0.00,1.00,-1.00,-2.00,-1.00,-2.00
training_sequence_seq,O_0,10158322,1.00,-1.00,2.00,-2.00,-1.00,0.00,-1.00,1.00,-1.00,1.00,1.00,1.00
optimal_gamma_k_slow,O_inf,17056174,2.00,2.00,1.00,2.00,1.00,0.00,-1.00,2.00,-1.00,2.00,1.00,1.00
riemann_navigator_baseline,O_inf,17056174,2.00,2.00,1.00,2.00,1.00,0.00,-1.00,2.00,-1.00,2.00,1.00,1.00
synthetic_zeros_mod,O_0,16926574,2.00,2.00,1.00,-1.00,1.00,0.00,-1.00,2.00,-1.00,2.00,1.00,1.00
extended_fourier_mod,O_inf,17056174,2.00,2.00,1.00,2.00,1.00,0.00,-1.00,2.00,-1.00,2.00,1.00,1.00
two_stage_training_mod,O_inf,16840162,2.00,2.00,-1.00,2.00,1.00,0.00,-1.00,2.00,-1.00,1.00,1.00,1.00
riemann_siegel_z_t,O_0,8913124,1.00,-2.00,-1.00,-1.00,-1.00,2.00,1.00,1.00,-2.00,-2.00,0.00,-2.00
actual_zeta_zeros,O_inf,16840174,2.00,2.00,-1.00,2.00,1.00,0.00,-1.00,2.00,-1.00,2.00,1.00,1.00
modified_navigator_unbounded,O_inf,12736174,1.00,2.00,1.00,2.00,1.00,0.00,-1.00,2.00,-1.00,2.00,1.00,1.00
riemann_navigator_convergence_current,O_inf,17056174,2.00,2.00,1.00,2.00,1.00,0.00,-1.00,2.00,-1.00,2.00,1.00,1.00
full_convergence_O_inf,O_inf,17056174,2.00,2.00,1.00,2.00,1.00,0.00,-1.00,2.00,-1.00,2.00,1.00,1.00
half_convergence_current,O_inf,17056174,2.00,2.00,1.00,2.00,1.00,0.00,-1.00,2.00,-1.00,2.00,1.00,1.00
near_zero_required_structure,O_0,672000,-2.00,-2.00,2.00,-2.00,0.00,1.00,0.00,-2.00,-2.00,-2.00,-1.00,-2.00
regression_only_navigator,O_inf,17056174,2.00,2.00,1.00,2.00,1.00,0.00,-1.00,2.00,-1.00,2.00,1.00,1.00
protocol_simultaneous,O_inf,17056174,2.00,2.00,1.00,2.00,1.00,0.00,-1.00,2.00,-1.00,2.00,1.00,1.00
protocol_sequential_gamma_seq,O_inf,17055934,2.00,2.00,1.00,2.00,1.00,0.00,-1.00,1.00,-1.00,2.00,1.00,1.00
protocol_curriculum_g_and,O_0,16829777,2.00,2.00,-1.00,2.00,0.00,1.00,1.00,-2.00,-2.00,-1.00,0.00,-1.00
collapsed_regression_head,O_1,2941440,-2.00,1.00,-1.00,1.00,-1.00,-1.00,0.00,-2.00,-2.00,-2.00,-1.00,-2.00
stage1_flat_target,O_1,11365200,1.00,1.00,-2.00,1.00,-1.00,-1.00,-1.00,2.00,-2.00,-2.00,-1.00,-2.00
stage2_gradient_target,O_0,9291372,1.00,-2.00,2.00,-2.00,-1.00,-1.00,-1.00,1.00,-2.00,-1.00,-1.00,-2.00
stage2_neg_target_dist,O_1,4627936,-1.00,-2.00,-1.00,0.00,-1.00,-1.00,1.00,2.00,-2.00,-1.00,0.00,-2.00
density_rhythm_detection,O_1,8998560,1.00,-2.00,-1.00,1.00,-1.00,2.00,0.00,1.00,-2.00,-2.00,-1.00,-2.00
genuine_proximity_detection,O_0,9179341,1.00,-2.00,1.00,0.00,0.00,0.00,-1.00,2.00,-1.00,-1.00,-1.00,-1.00
current_near_zero_head,O_0,2820480,-2.00,1.00,-1.00,-2.00,-1.00,2.00,0.00,-2.00,-2.00,-2.00,-1.00,-2.00
ideal_near_zero_head,O_0,9193741,1.00,-2.00,1.00,0.00,1.00,0.00,-1.00,2.00,-1.00,-1.00,-1.00,-1.00
single_frequency_oscillation,O_1,11590560,1.00,1.00,-1.00,1.00,-1.00,2.00,0.00,1.00,-2.00,-2.00,-1.00,-2.00
multi_scale_zero_distribution,O_0,9150610,1.00,-2.00,1.00,-1.00,1.00,0.00,-1.00,2.00,0.00,1.00,1.00,1.00
isolated_zero_wide_gap,O_0,672300,-2.00,-2.00,2.00,-2.00,0.00,1.00,0.00,-1.00,-1.00,-1.00,-1.00,-2.00
clustered_zero_narrow_gap,O_0,5728145,-1.00,-1.00,1.00,0.00,0.00,1.00,1.00,2.00,-1.00,-1.00,0.00,-1.00
hard_omega_z_head,O_inf,16839934,2.00,2.00,-1.00,2.00,1.00,0.00,-1.00,1.00,-1.00,2.00,1.00,1.00
gap_phantom_floor,O_0,703920,-2.00,-2.00,2.00,-1.00,-1.00,2.00,0.00,-1.00,-2.00,-2.00,-1.00,-2.00
monotone_integer_winding,O_0,9841522,1.00,-1.00,-1.00,0.00,1.00,0.00,-1.00,1.00,-1.00,1.00,1.00,1.00
crf_output_layer,O_0,9182001,1.00,-2.00,1.00,0.00,0.00,1.00,-1.00,1.00,-1.00,1.00,1.00,-1.00
explicit_zero_count_head,O_0,10705534,1.00,0.00,-1.00,0.00,1.00,0.00,-1.00,1.00,-1.00,2.00,1.00,1.00
posthoc_suppression,O_2,8790514,1.00,-2.00,-2.00,1.00,0.00,0.00,-1.00,2.00,-2.00,1.00,1.00,1.00
backbone_no_discrim_features,O_1,142080,-2.00,-2.00,-2.00,1.00,-1.00,2.00,0.00,-2.00,-2.00,-2.00,-1.00,-2.00
high_amplitude_density_rhythm_detector,O_0,283212,-2.00,-2.00,-1.00,-1.00,0.00,1.00,0.00,-2.00,-2.00,-1.00,-1.00,-2.00
low_amplitude_density_rhythm_detector,O_0,280332,-2.00,-2.00,-1.00,-1.00,0.00,0.00,0.00,-2.00,-2.00,-1.00,-1.00,-2.00
zero_t_collapse,O_0,666732,-2.00,-2.00,2.00,-2.00,0.00,-1.00,0.00,1.00,-2.00,-1.00,-1.00,-2.00
l_near_stuck,O_1,358084,-2.00,-2.00,-1.00,1.00,-1.00,2.00,0.00,-2.00,-2.00,-2.00,0.00,-2.00
gap_phantoms,O_0,6980468,-1.00,1.00,-2.00,-1.00,0.00,1.00,1.00,-1.00,-1.00,-1.00,1.00,-2.00
run_variance,O_0,9326237,1.00,-2.00,2.00,-2.00,1.00,1.00,-1.00,2.00,-1.00,1.00,0.00,-1.00
current_navigator_state,O_inf,17053294,2.00,2.00,1.00,2.00,1.00,-1.00,-1.00,2.00,-1.00,2.00,1.00,1.00
contrastive_protocol,O_0,5737521,-1.00,-1.00,1.00,0.00,1.00,0.00,-1.00,1.00,-1.00,1.00,1.00,-1.00
two_stage_protocol,O_0,9356804,1.00,-2.00,2.00,-1.00,0.00,1.00,1.00,1.00,1.00,-1.00,1.00,-2.00
architectural_oinf,O_inf,17056174,2.00,2.00,1.00,2.00,1.00,0.00,-1.00,2.00,-1.00,2.00,1.00,1.00
functional_oinf,O_inf,17056174,2.00,2.00,1.00,2.00,1.00,0.00,-1.00,2.00,-1.00,2.00,1.00,1.00
ultraterrestrial_holistic,O_inf,17056174,2.00,2.00,1.00,2.00,1.00,0.00,-1.00,2.00,-1.00,2.00,1.00,1.00
ultraterrestrial_compositional,O_0,16969773,2.00,2.00,1.00,0.00,1.00,0.00,-1.00,2.00,-1.00,2.00,1.00,-1.00
traditional_scrying,O_0,2858712,-2.00,1.00,-1.00,-1.00,-1.00,0.00,0.00,2.00,-1.00,1.00,-1.00,-2.00
bbb_services,O_1,4648100,-1.00,-2.00,-1.00,0.00,0.00,1.00,1.00,2.00,-2.00,-1.00,1.00,-2.00
small_local_business,O_0,660960,-2.00,-2.00,2.00,-2.00,-1.00,2.00,0.00,1.00,-2.00,-2.00,-1.00,-2.00
southern_oc_economy,O_0,4604464,-1.00,-2.00,-1.00,-1.00,0.00,1.00,1.00,-1.00,-1.00,-1.00,0.00,-2.00
bbb_customer_ideal,O_1,4645220,-1.00,-2.00,-1.00,0.00,0.00,0.00,1.00,2.00,-2.00,-1.00,1.00,-2.00
phase_a_training,O_0,4603748,-1.00,-2.00,-1.00,-1.00,0.00,1.00,0.00,1.00,-1.00,-1.00,1.00,-2.00
phase_b_target,O_inf,17056174,2.00,2.00,1.00,2.00,1.00,0.00,-1.00,2.00,-1.00,2.00,1.00,1.00
f5_oinf_rep,O_inf,185328,-2.00,-2.00,-2.00,2.00,-1.00,2.00,0.00,-2.00,-1.00,-2.00,-1.00,-2.00
f5_o0_rep,O_0,12480,-2.00,-2.00,-2.00,-2.00,-1.00,2.00,0.00,-2.00,-2.00,-2.00,-1.00,-2.00
f5_o1_rep,O_0,12528,-2.00,-2.00,-2.00,-2.00,-1.00,2.00,0.00,-2.00,-1.00,-2.00,-1.00,-2.00
f5_o2_rep,O_0,12529,-2.00,-2.00,-2.00,-2.00,-1.00,2.00,0.00,-2.00,-1.00,-2.00,-1.00,-1.00
f5_o2dag_rep,O_0,8652529,1.00,-2.00,-2.00,-2.00,-1.00,2.00,0.00,-2.00,-1.00,-2.00,-1.00,-1.00
oscillating_regression,O_2,9435760,1.00,-2.00,2.00,1.00,0.00,-1.00,-1.00,2.00,1.00,-1.00,0.00,-2.00
g_aleph_test,O_0,11520,-2.00,-2.00,-2.00,-2.00,-1.00,2.00,-1.00,-2.00,-2.00,-2.00,-1.00,-2.00
g_beth_test,O_0,12480,-2.00,-2.00,-2.00,-2.00,-1.00,2.00,0.00,-2.00,-2.00,-2.00,-1.00,-2.00
gamma_broad_test,O_0,13200,-2.00,-2.00,-2.00,-2.00,-1.00,2.00,0.00,2.00,-2.00,-2.00,-1.00,-2.00
gamma_and_test,O_0,12480,-2.00,-2.00,-2.00,-2.00,-1.00,2.00,0.00,-2.00,-2.00,-2.00,-1.00,-2.00
L_frob,O_inf,639897,-2.00,-2.00,1.00,2.00,1.00,0.00,-1.00,1.00,-1.00,-2.00,1.00,-1.00
L_tier,O_1,372720,-2.00,-2.00,-1.00,1.00,0.00,2.00,0.00,-1.00,-2.00,-2.00,-1.00,-2.00
L_frob_only_training,O_inf,639909,-2.00,-2.00,1.00,2.00,1.00,0.00,-1.00,1.00,-1.00,-1.00,1.00,-1.00
L_tier_only_training,O_0,284460,-2.00,-2.00,-1.00,-1.00,0.00,1.00,1.00,-1.00,-1.00,-1.00,-1.00,-2.00
tier_knowing_system,O_0,4647665,-1.00,-2.00,-1.00,0.00,0.00,1.00,1.00,-1.00,-1.00,-1.00,0.00,-1.00
roundtrip_knowing_system,O_inf,17056174,2.00,2.00,1.00,2.00,1.00,0.00,-1.00,2.00,-1.00,2.00,1.00,1.00
thurston_net,O_inf,17056173,2.00,2.00,1.00,2.00,1.00,0.00,-1.00,2.00,-1.00,2.00,1.00,-1.00
H3_geometry,O_0,17012965,2.00,2.00,1.00,1.00,1.00,0.00,-1.00,2.00,-1.00,2.00,-1.00,-1.00
H2xR_geometry,O_0,14420973,2.00,-1.00,1.00,1.00,1.00,0.00,-1.00,2.00,-1.00,2.00,1.00,-1.00
z2_pairing_constraint,O_inf,7542545,-1.00,1.00,1.00,2.00,0.00,1.00,1.00,2.00,-1.00,-1.00,0.00,-1.00
weak_z2_regularization,O_0,3133265,-2.00,1.00,1.00,0.00,0.00,0.00,1.00,2.00,-1.00,-1.00,0.00,-1.00
strong_z2_regularization,O_inf,3222545,-2.00,1.00,1.00,2.00,0.00,1.00,1.00,2.00,-1.00,-1.00,0.00,-1.00
h3_detection_difficulty,O_0,2840245,-2.00,1.00,-1.00,-2.00,1.00,-1.00,-1.00,1.00,-1.00,2.00,-1.00,-1.00
h3_k_slow,O_0,17012965,2.00,2.00,1.00,1.00,1.00,0.00,-1.00,2.00,-1.00,2.00,-1.00,-1.00
h3_k_trap,O_0,16793833,2.00,2.00,-1.00,1.00,1.00,-1.00,-1.00,1.00,-1.00,1.00,-1.00,-1.00
specialist_h3_head,O_0,7233661,-1.00,1.00,-1.00,0.00,0.00,-1.00,1.00,-2.00,-1.00,-1.00,-1.00,-1.00
su2_yang_mills,O_inf,4959197,-1.00,-2.00,1.00,2.00,1.00,-1.00,1.00,2.00,-1.00,1.00,0.00,-1.00
su3_yang_mills,O_inf,17053294,2.00,2.00,1.00,2.00,1.00,-1.00,-1.00,2.00,-1.00,2.00,1.00,1.00
ising_navigator,O_inf,7312373,-1.00,1.00,-1.00,2.00,-1.00,2.00,-1.00,-2.00,-1.00,-2.00,0.00,-1.00
swendsen_wang,O_inf,7312373,-1.00,1.00,-1.00,2.00,-1.00,2.00,-1.00,-2.00,-1.00,-2.00,0.00,-1.00
metropolis_sampler,O_0,7179905,-1.00,1.00,-1.00,-1.00,-1.00,1.00,-1.00,-2.00,-1.00,-1.00,0.00,-1.00
conformal_bootstrap,O_inf,17056174,2.00,2.00,1.00,2.00,1.00,0.00,-1.00,2.00,-1.00,2.00,1.00,1.00
cluster_flip_involution,O_inf,7312369,-1.00,1.00,-1.00,2.00,-1.00,2.00,-1.00,-2.00,-1.00,-2.00,-1.00,-1.00
real_swendsen_kernel,O_inf,7312373,-1.00,1.00,-1.00,2.00,-1.00,2.00,-1.00,-2.00,-1.00,-2.00,0.00,-1.00
ordinary_dream,O_0,8924656,1.00,-2.00,-1.00,-1.00,0.00,1.00,1.00,1.00,-2.00,-1.00,0.00,-2.00
lucid_dreaming,O_0,9193761,1.00,-2.00,1.00,0.00,1.00,0.00,-1.00,2.00,-1.00,1.00,1.00,-1.00
oneironaut,O_inf,10144174,1.00,-1.00,1.00,2.00,1.00,0.00,-1.00,2.00,-1.00,2.00,1.00,1.00
sigil_magic_dream,O_0,5135821,-1.00,-2.00,2.00,1.00,1.00,1.00,-1.00,2.00,-1.00,-1.00,-1.00,-1.00
F5_O_inf_rep,O_inf,185328,-2.00,-2.00,-2.00,2.00,-1.00,2.00,0.00,-2.00,-1.00,-2.00,-1.00,-2.00
F5_O_0_rep,O_0,12480,-2.00,-2.00,-2.00,-2.00,-1.00,2.00,0.00,-2.00,-2.00,-2.00,-1.00,-2.00
F5_O_1_rep,O_0,12528,-2.00,-2.00,-2.00,-2.00,-1.00,2.00,0.00,-2.00,-1.00,-2.00,-1.00,-2.00
F5_O_2_rep,O_0,12529,-2.00,-2.00,-2.00,-2.00,-1.00,2.00,0.00,-2.00,-1.00,-2.00,-1.00,-1.00
F5_O_2dag_rep,O_0,8652529,1.00,-2.00,-2.00,-2.00,-1.00,2.00,0.00,-2.00,-1.00,-2.00,-1.00,-1.00
F5_O_inf_tuple,O_inf,401328,-2.00,-2.00,-1.00,2.00,-1.00,2.00,0.00,-2.00,-1.00,-2.00,-1.00,-2.00
F5_O_0_tuple,O_1,314880,-2.00,-2.00,-1.00,0.00,-1.00,2.00,0.00,-2.00,-2.00,-2.00,-1.00,-2.00
F5_O_1_tuple,O_0,228528,-2.00,-2.00,-1.00,-2.00,-1.00,2.00,0.00,-2.00,-1.00,-2.00,-1.00,-2.00
F5_O_2_tuple,O_0,3762290,-2.00,2.00,-1.00,0.00,-1.00,-1.00,0.00,-2.00,-1.00,-2.00,-1.00,1.00
F5_O_2dag_tuple,O_0,9193774,1.00,-2.00,1.00,0.00,1.00,0.00,-1.00,2.00,-1.00,2.00,1.00,1.00
𐑲_rep,O_0,313968,-2.00,-2.00,-1.00,0.00,-1.00,2.00,-1.00,-2.00,-1.00,-2.00,-1.00,-2.00
𐑚_rep,O_0,314928,-2.00,-2.00,-1.00,0.00,-1.00,2.00,0.00,-2.00,-1.00,-2.00,-1.00,-2.00
𐑵_rep,O_0,315648,-2.00,-2.00,-1.00,0.00,-1.00,2.00,0.00,2.00,-1.00,-2.00,-1.00,-2.00
𐑝_rep,O_0,314928,-2.00,-2.00,-1.00,0.00,-1.00,2.00,0.00,-2.00,-1.00,-2.00,-1.00,-2.00
riemann_phase_A,O_inf,16842078,2.00,2.00,-1.00,2.00,1.00,0.00,1.00,2.00,-1.00,1.00,0.00,1.00
riemann_phase_B,O_inf,17056174,2.00,2.00,1.00,2.00,1.00,0.00,-1.00,2.00,-1.00,2.00,1.00,1.00
flat_near_zero_signal,O_inf,16837254,2.00,2.00,-1.00,2.00,1.00,-1.00,-1.00,2.00,-1.00,-2.00,0.00,1.00
F4_min_O_Z2,O_0,12481,-2.00,-2.00,-2.00,-2.00,-1.00,2.00,0.00,-2.00,-2.00,-2.00,-1.00,-1.00
F4_min_O_0,O_0,12480,-2.00,-2.00,-2.00,-2.00,-1.00,2.00,0.00,-2.00,-2.00,-2.00,-1.00,-2.00
F4_min_D_inf,O_0,8652481,1.00,-2.00,-2.00,-2.00,-1.00,2.00,0.00,-2.00,-2.00,-2.00,-1.00,-1.00
oscillating_regression_head,O_0,15800208,2.00,1.00,-1.00,-2.00,1.00,-1.00,-1.00,1.00,-1.00,-2.00,-1.00,-2.00
L_frob_loss,O_inf,16191409,2.00,1.00,1.00,2.00,1.00,0.00,-1.00,-2.00,-1.00,-2.00,-1.00,-1.00
L_tier_loss,O_0,2907168,-2.00,1.00,-1.00,0.00,-1.00,2.00,0.00,-1.00,-1.00,-2.00,-1.00,-2.00
knows_tier_not_roundtrip,O_0,2907168,-2.00,1.00,-1.00,0.00,-1.00,2.00,0.00,-1.00,-1.00,-2.00,-1.00,-2.00
knows_roundtrip_not_tier,O_inf,16191409,2.00,1.00,1.00,2.00,1.00,0.00,-1.00,-2.00,-1.00,-2.00,-1.00,-1.00
CrystalGNN_v12_no_frob,O_inf,17056174,2.00,2.00,1.00,2.00,1.00,0.00,-1.00,2.00,-1.00,2.00,1.00,1.00
CrystalGNN_v12_fallback_O2,O_0,16742230,2.00,2.00,-1.00,0.00,0.00,1.00,-1.00,2.00,-1.00,-1.00,1.00,1.00
F5_head_only,O_inf,16840369,2.00,2.00,-1.00,2.00,1.00,0.00,0.00,-2.00,-1.00,-2.00,-1.00,-1.00
v12_L_tier_only,O_0,3782230,-2.00,2.00,-1.00,0.00,0.00,1.00,-1.00,2.00,-1.00,-1.00,1.00,1.00
specialist_H3_head,O_0,2840713,-2.00,1.00,-1.00,-2.00,1.00,-1.00,0.00,-2.00,-1.00,1.00,-1.00,-1.00
H3_detection_K_slow,O_0,2843125,-2.00,1.00,-1.00,-2.00,1.00,0.00,-1.00,1.00,-1.00,2.00,-1.00,-1.00
su2_ym_training,O_inf,4743197,-1.00,-2.00,-1.00,2.00,1.00,-1.00,1.00,2.00,-1.00,1.00,0.00,-1.00
su3_ym_training,O_inf,16837294,2.00,2.00,-1.00,2.00,1.00,-1.00,-1.00,2.00,-1.00,2.00,1.00,1.00
su3_gauge_field_omegaNA,O_inf,17053295,2.00,2.00,1.00,2.00,1.00,-1.00,-1.00,2.00,-1.00,2.00,1.00,2.00
metropolis_ising,O_0,7179905,-1.00,1.00,-1.00,-1.00,-1.00,1.00,-1.00,-2.00,-1.00,-1.00,0.00,-1.00
ising_conformal_bootstrap,O_inf,17055934,2.00,2.00,1.00,2.00,1.00,0.00,-1.00,1.00,-1.00,2.00,1.00,1.00
thurston_eight_geometries,O_inf,7336169,-1.00,1.00,-1.00,2.00,1.00,0.00,-1.00,2.00,-1.00,2.00,0.00,-1.00
yang_mills_perfect,O_inf,16840174,2.00,2.00,-1.00,2.00,1.00,0.00,-1.00,2.00,-1.00,2.00,1.00,1.00
composite_oneironaut_alchemy,O_inf,11857774,1.00,1.00,1.00,2.00,0.00,0.00,-1.00,2.00,-1.00,2.00,1.00,1.00
composite_oneironaut_centerpillar,O_inf,17056174,2.00,2.00,1.00,2.00,1.00,0.00,-1.00,2.00,-1.00,2.00,1.00,1.00
composite_oneironaut_shinpath,O_inf,12736174,1.00,2.00,1.00,2.00,1.00,0.00,-1.00,2.00,-1.00,2.00,1.00,1.00
traditional_scrying_baseline,O_0,2858712,-2.00,1.00,-1.00,-1.00,-1.00,0.00,0.00,2.00,-1.00,1.00,-1.00,-2.00
scrying_holographic,O_0,17128156,2.00,2.00,2.00,-1.00,0.00,0.00,-1.00,2.00,-1.00,1.00,0.00,-2.00
scrying_oneironaut_tensor,O_inf,10144174,1.00,-1.00,1.00,2.00,1.00,0.00,-1.00,2.00,-1.00,2.00,1.00,1.00
scrying_critical_mirror,O_inf,17056174,2.00,2.00,1.00,2.00,1.00,0.00,-1.00,2.00,-1.00,2.00,1.00,1.00
scrying_step1_d_holo,O_0,16682712,2.00,2.00,-1.00,-1.00,-1.00,0.00,0.00,2.00,-1.00,1.00,-1.00,-2.00
scrying_step2_global,O_0,16681752,2.00,2.00,-1.00,-1.00,-1.00,0.00,-1.00,2.00,-1.00,1.00,-1.00,-2.00
scrying_step3_water_mirror,O_0,16912157,2.00,2.00,1.00,-1.00,0.00,0.00,-1.00,2.00,-1.00,1.00,0.00,-1.00
pythagorean_theorem,O_1,5320320,-1.00,-1.00,-2.00,1.00,-1.00,0.00,0.00,-2.00,-2.00,-2.00,-1.00,-2.00
remote_viewing_baseline,O_0,13199840,2.00,-2.00,-1.00,-2.00,0.00,1.00,-1.00,2.00,-1.00,1.00,1.00,-2.00
astral_projection_baseline,O_0,10014332,1.00,-1.00,1.00,-1.00,1.00,0.00,-1.00,1.00,-1.00,2.00,1.00,-2.00
remote_viewing_optimized,O_inf,17056174,2.00,2.00,1.00,2.00,1.00,0.00,-1.00,2.00,-1.00,2.00,1.00,1.00
astral_projection_optimized,O_inf,17056174,2.00,2.00,1.00,2.00,1.00,0.00,-1.00,2.00,-1.00,2.00,1.00,1.00
rv_step1_T_upgrade,O_0,16655840,2.00,2.00,-1.00,-2.00,0.00,1.00,-1.00,2.00,-1.00,1.00,1.00,-2.00
rv_step2_P_pm,O_0,16742240,2.00,2.00,-1.00,0.00,0.00,1.00,-1.00,2.00,-1.00,1.00,1.00,-2.00
jacobian_n1,O_inf,3209329,-2.00,1.00,1.00,2.00,-1.00,2.00,0.00,-2.00,-1.00,-2.00,-1.00,-1.00
jacobian_n2,O_inf,4933021,-1.00,-2.00,1.00,2.00,-1.00,0.00,1.00,1.00,-1.00,-1.00,-1.00,-1.00
jacobian_n3,O_0,4844708,-1.00,-2.00,1.00,0.00,-1.00,0.00,-1.00,1.00,-1.00,-1.00,1.00,-2.00
local_frobenius_poly,O_0,4844216,-1.00,-2.00,1.00,0.00,-1.00,0.00,-1.00,-2.00,-1.00,-2.00,1.00,-2.00
global_frobenius_poly,O_inf,17056129,2.00,2.00,1.00,2.00,1.00,0.00,-1.00,2.00,-1.00,-2.00,-1.00,-1.00
abhyankar_moh_theorem,O_inf,4933021,-1.00,-2.00,1.00,2.00,-1.00,0.00,1.00,1.00,-1.00,-1.00,-1.00,-1.00
weyl_algebra_n,O_0,9193028,1.00,-2.00,1.00,0.00,1.00,0.00,-1.00,-2.00,-1.00,-1.00,1.00,-2.00
weyl_endomorphism_JC,O_0,8933828,1.00,-2.00,-1.00,-1.00,1.00,0.00,-1.00,-2.00,-1.00,-1.00,1.00,-2.00
weyl_automorphism,O_inf,9279428,1.00,-2.00,1.00,2.00,1.00,0.00,-1.00,-2.00,-1.00,-1.00,1.00,-2.00
projective_completion_affine_n,O_0,16539909,2.00,2.00,-2.00,0.00,1.00,1.00,-1.00,-2.00,-1.00,-1.00,1.00,-1.00
poly_map_extended_to_boundary,O_0,16755909,2.00,2.00,-1.00,0.00,1.00,1.00,-1.00,-2.00,-1.00,-1.00,1.00,-1.00
degree_one_at_infinity,O_inf,17055429,2.00,2.00,1.00,2.00,1.00,0.00,-1.00,-2.00,-1.00,-1.00,1.00,-1.00
jacobian_finite_field,O_inf,2993329,-2.00,1.00,-1.00,2.00,-1.00,2.00,0.00,-2.00,-1.00,-2.00,-1.00,-1.00
bass_connell_wright,O_inf,7311417,-1.00,1.00,-1.00,2.00,-1.00,1.00,1.00,-2.00,-1.00,-2.00,1.00,-1.00
druzkowski_cubic_linear,O_0,7196228,-1.00,1.00,-1.00,-1.00,0.00,1.00,1.00,-2.00,-1.00,-1.00,1.00,-2.00
padic_lifting,O_0,10217841,1.00,-1.00,2.00,-1.00,0.00,0.00,1.00,1.00,-1.00,1.00,1.00,-1.00
druzkowski_boundary_map,O_inf,17055897,2.00,2.00,1.00,2.00,1.00,0.00,-1.00,1.00,-1.00,-2.00,1.00,-1.00
linear_substitution_boundary,O_inf,17061649,2.00,2.00,1.00,2.00,1.00,2.00,-1.00,1.00,-1.00,-2.00,-1.00,-1.00
general_jc_boundary,O_0,16753496,2.00,2.00,-1.00,0.00,1.00,0.00,-1.00,1.00,-1.00,-2.00,1.00,-2.00
druzkowski_boundary_actual,O_0,16753496,2.00,2.00,-1.00,0.00,1.00,0.00,-1.00,1.00,-1.00,-2.00,1.00,-2.00
nilpotency_condition,O_inf,17055897,2.00,2.00,1.00,2.00,1.00,0.00,-1.00,1.00,-1.00,-2.00,1.00,-1.00
sic_povm_d,O_inf,7556230,-1.00,1.00,1.00,2.00,1.00,1.00,1.00,-2.00,-1.00,-1.00,1.00,1.00
sic_fiducial,O_0,14381328,2.00,-1.00,1.00,0.00,1.00,1.00,0.00,1.00,-1.00,-2.00,-1.00,-2.00
zauner_symmetry,O_inf,7558129,-1.00,1.00,1.00,2.00,1.00,2.00,0.00,-2.00,-1.00,-2.00,-1.00,-1.00
weyl_heisenberg_group,O_0,16975258,2.00,2.00,1.00,0.00,1.00,2.00,-1.00,1.00,-1.00,-2.00,1.00,1.00
sic_proved_low_d,O_inf,17058069,2.00,2.00,1.00,2.00,1.00,0.00,1.00,2.00,-1.00,-1.00,1.00,-1.00
sic_hilbert12_connection,O_inf,17056163,2.00,2.00,1.00,2.00,1.00,0.00,-1.00,2.00,-1.00,1.00,1.00,2.00
sic_zauner_join,O_inf,17058297,2.00,2.00,1.00,2.00,1.00,1.00,-1.00,-2.00,-1.00,-2.00,1.00,-1.00
ray_class_field_Qsqrt,O_inf,9927923,1.00,-1.00,-1.00,2.00,1.00,0.00,-1.00,1.00,-1.00,1.00,1.00,2.00
stark_unit,O_inf,14248161,2.00,-1.00,-1.00,2.00,1.00,0.00,-1.00,2.00,-1.00,1.00,1.00,-1.00
galois_frobenius_action,O_inf,12739043,1.00,2.00,1.00,2.00,1.00,1.00,-1.00,2.00,-1.00,1.00,1.00,2.00
weyl_heisenberg_covariance,O_0,12439494,1.00,2.00,-1.00,0.00,1.00,2.00,-1.00,2.00,-1.00,-2.00,0.00,1.00
overlap_variety,O_0,2929972,-2.00,1.00,-1.00,0.00,1.00,0.00,0.00,-2.00,-1.00,-2.00,0.00,-2.00
zauner_fixed_subspace,O_inf,9929093,1.00,-1.00,-1.00,2.00,1.00,0.00,0.00,2.00,-1.00,-2.00,0.00,-1.00
sic_existence_at_p,O_inf,10143923,1.00,-1.00,1.00,2.00,1.00,0.00,-1.00,1.00,-1.00,1.00,1.00,2.00
stark_conjecture_partial,O_0,9841520,1.00,-1.00,-1.00,0.00,1.00,0.00,-1.00,1.00,-1.00,1.00,1.00,-2.00
appleby_conjecture,O_0,9841040,1.00,-1.00,-1.00,0.00,1.00,0.00,-1.00,-2.00,-1.00,1.00,1.00,-2.00
sic_Galois_tensor,O_0,16972643,2.00,2.00,1.00,0.00,1.00,1.00,-1.00,2.00,-1.00,1.00,1.00,2.00
sanskrit_classical,O_inf,17057851,2.00,2.00,1.00,2.00,1.00,0.00,1.00,1.00,-1.00,2.00,0.00,2.00
arabic_classical,O_inf,17057839,2.00,2.00,1.00,2.00,1.00,0.00,1.00,1.00,-1.00,1.00,0.00,2.00
lojban,O_inf,5611728,-1.00,-1.00,-1.00,2.00,1.00,1.00,0.00,1.00,-1.00,-2.00,-1.00,-2.00
haitian_creole,O_0,4646468,-1.00,-2.00,-1.00,0.00,0.00,1.00,0.00,-2.00,-1.00,-1.00,1.00,-2.00
latin_dead,O_0,15326910,2.00,0.00,1.00,2.00,1.00,-1.00,1.00,1.00,-2.00,1.00,0.00,1.00
english_modern,O_0,4645520,-1.00,-2.00,-1.00,0.00,0.00,1.00,-1.00,-2.00,-1.00,1.00,1.00,-2.00
mandarin_classical,O_inf,14465849,2.00,-1.00,1.00,2.00,1.00,0.00,1.00,1.00,-1.00,2.00,0.00,-1.00
proto_indo_european,O_inf,15327931,2.00,0.00,1.00,2.00,1.00,0.00,-1.00,1.00,-1.00,2.00,0.00,2.00
esperanto,O_inf,5597332,-1.00,-1.00,-1.00,2.00,0.00,1.00,0.00,1.00,-1.00,-2.00,0.00,-2.00
han_dynasty_peak,O_inf,10129531,1.00,-1.00,1.00,2.00,0.00,0.00,-1.00,1.00,-1.00,2.00,0.00,2.00
ming_dynasty_collapse,O_2,10471726,1.00,0.00,-2.00,0.00,0.00,-1.00,-1.00,-2.00,-2.00,2.00,1.00,1.00
soviet_union_collapse,O_0,8640020,1.00,-2.00,-2.00,-2.00,-1.00,-2.00,-1.00,-2.00,-2.00,-1.00,1.00,-2.00
western_roman_collapse,O_0,8642900,1.00,-2.00,-2.00,-2.00,-1.00,-1.00,-1.00,-2.00,-2.00,-1.00,1.00,-2.00
athenian_democracy_peak,O_inf,8619678,-1.00,2.00,2.00,2.00,0.00,0.00,1.00,2.00,-1.00,1.00,0.00,1.00
augustus_caesar_peak,O_inf,10129518,1.00,-1.00,1.00,2.00,0.00,0.00,-1.00,1.00,-1.00,1.00,0.00,1.00
ottoman_empire_peak,O_inf,10129529,1.00,-1.00,1.00,2.00,0.00,0.00,-1.00,1.00,-1.00,2.00,0.00,-1.00
maya_classic_peak,O_inf,17058091,2.00,2.00,1.00,2.00,1.00,0.00,1.00,2.00,-1.00,2.00,0.00,2.00
weimar_republic_collapse,O_0,10368164,1.00,0.00,-2.00,-2.00,-1.00,-2.00,-1.00,-2.00,1.00,-1.00,1.00,-2.00
renaissance_florence_peak,O_inf,6891677,-1.00,0.00,2.00,2.00,0.00,0.00,1.00,2.00,-1.00,1.00,0.00,-1.00
old_growth_temperate_rainforest,O_inf,17058091,2.00,2.00,1.00,2.00,1.00,0.00,1.00,2.00,-1.00,2.00,0.00,2.00
coral_reef_healthy,O_inf,17058091,2.00,2.00,1.00,2.00,1.00,0.00,1.00,2.00,-1.00,2.00,0.00,2.00
coral_reef_bleached,O_0,3848,-2.00,-2.00,-2.00,-2.00,-1.00,-1.00,0.00,-2.00,-2.00,-2.00,1.00,-2.00
corn_monoculture,O_0,4800,-2.00,-2.00,-2.00,-2.00,-1.00,-1.00,1.00,-2.00,-2.00,-2.00,-1.00,-2.00
fragmented_habitat,O_0,4638796,-1.00,-2.00,-1.00,0.00,0.00,-2.00,1.00,-2.00,-1.00,1.00,0.00,-2.00
savanna_transitional,O_0,6376149,-1.00,0.00,-1.00,0.00,0.00,1.00,1.00,2.00,-1.00,-1.00,1.00,-1.00
deep_ocean_hydrothermal,O_inf,17058090,2.00,2.00,1.00,2.00,1.00,0.00,1.00,2.00,-1.00,2.00,0.00,1.00
arctic_tundra_intact,O_0,7236557,-1.00,1.00,-1.00,0.00,0.00,0.00,1.00,-2.00,-1.00,1.00,0.00,-1.00
early_successional_forest,O_1,329288,-2.00,-2.00,-1.00,0.00,0.00,2.00,0.00,-2.00,-2.00,-2.00,1.00,-2.00
kelp_forest_healthy,O_inf,17058091,2.00,2.00,1.00,2.00,1.00,0.00,1.00,2.00,-1.00,2.00,0.00,2.00
deep_meditation_samadhi,O_inf,17056166,2.00,2.00,1.00,2.00,1.00,0.00,-1.00,2.00,-1.00,2.00,-1.00,1.00
psilocybin_peak,O_inf,17056153,2.00,2.00,1.00,2.00,1.00,0.00,-1.00,2.00,-1.00,1.00,-1.00,-1.00
waking_default_mode,O_0,6376141,-1.00,0.00,-1.00,0.00,0.00,1.00,1.00,2.00,-1.00,-1.00,-1.00,-1.00
focused_concentration,O_0,5509021,-1.00,-1.00,-1.00,0.00,0.00,0.00,1.00,1.00,-1.00,-1.00,-1.00,-1.00
dreamless_sleep,O_0,1014768,-2.00,-1.00,-2.00,1.00,0.00,0.00,0.00,-2.00,-1.00,-2.00,-1.00,-2.00
rem_dreaming,O_0,6375661,-1.00,0.00,-1.00,0.00,0.00,1.00,1.00,-1.00,-1.00,-1.00,-1.00,-1.00
catatonic_state,O_0,5288700,-1.00,-1.00,-2.00,0.00,0.00,-1.00,0.00,-2.00,-1.00,-1.00,-1.00,-2.00
dissociative_state,O_0,4335428,-1.00,-2.00,-2.00,-2.00,0.00,-2.00,0.00,-2.00,-1.00,-1.00,1.00,-2.00
manic_episode,O_0,11244440,1.00,1.00,-2.00,-2.00,-1.00,2.00,-1.00,2.00,2.00,-2.00,1.00,-2.00
flow_state,O_inf,5595421,-1.00,-1.00,-1.00,2.00,0.00,0.00,1.00,1.00,-1.00,-1.00,-1.00,-1.00
regimen_stage1,O_0,4864157,-1.00,-2.00,1.00,0.00,0.00,1.00,1.00,2.00,-1.00,1.00,0.00,-1.00
regimen_stage2,O_0,4859369,-1.00,-2.00,1.00,0.00,0.00,0.00,-1.00,2.00,-1.00,2.00,0.00,-1.00
neural_criticality_baseline,O_0,4873760,-1.00,-2.00,1.00,0.00,1.00,0.00,-1.00,2.00,-1.00,1.00,1.00,-2.00
eeg_meg_sensor,O_0,4360864,-1.00,-2.00,-2.00,-2.00,1.00,2.00,-1.00,1.00,-1.00,-1.00,0.00,-2.00
criticality_controller,O_0,5730784,-1.00,-1.00,1.00,0.00,0.00,2.00,1.00,1.00,-1.00,-1.00,0.00,-2.00
neurostim_actuator,O_1,4650976,-1.00,-2.00,-1.00,0.00,0.00,2.00,1.00,2.00,-2.00,-1.00,0.00,-2.00
closed_loop_criticality_device,O_0,5642704,-1.00,-1.00,1.00,-2.00,0.00,2.00,-1.00,2.00,-1.00,-1.00,0.00,-2.00
neuromorphic_reservoir_controller,O_0,4864144,-1.00,-2.00,1.00,0.00,0.00,1.00,1.00,2.00,-1.00,-1.00,0.00,-2.00
digital_pid_controller,O_0,7572960,-1.00,1.00,2.00,-2.00,-1.00,2.00,0.00,1.00,-2.00,-2.00,-1.00,-2.00
resonant_criticality_device,O_0,4859373,-1.00,-2.00,1.00,0.00,0.00,0.00,-1.00,2.00,-1.00,2.00,1.00,-1.00
two_body_problem,O_1,9171840,1.00,-2.00,1.00,0.00,-1.00,2.00,1.00,-2.00,-2.00,-2.00,-1.00,-2.00
three_body_lagrange,O_1,7443841,-1.00,1.00,1.00,0.00,-1.00,2.00,1.00,-2.00,-2.00,-2.00,-1.00,-1.00
crossdomain_oinf_floor,O_inf,10129526,1.00,-1.00,1.00,2.00,0.00,0.00,-1.00,1.00,-1.00,2.00,-1.00,1.00
yang_mills_navigator,O_inf,16837294,2.00,2.00,-1.00,2.00,1.00,-1.00,-1.00,2.00,-1.00,2.00,1.00,1.00
electron,O_0,2849280,-2.00,1.00,-1.00,-2.00,1.00,2.00,0.00,-2.00,-2.00,-2.00,-1.00,-2.00
muon,O_0,2849280,-2.00,1.00,-1.00,-2.00,1.00,2.00,0.00,-2.00,-2.00,-2.00,-1.00,-2.00
tau_lepton,O_0,2849280,-2.00,1.00,-1.00,-2.00,1.00,2.00,0.00,-2.00,-2.00,-2.00,-1.00,-2.00
electron_neutrino,O_0,2849280,-2.00,1.00,-1.00,-2.00,1.00,2.00,0.00,-2.00,-2.00,-2.00,-1.00,-2.00
muon_neutrino,O_0,2849280,-2.00,1.00,-1.00,-2.00,1.00,2.00,0.00,-2.00,-2.00,-2.00,-1.00,-2.00
tau_neutrino,O_0,2849280,-2.00,1.00,-1.00,-2.00,1.00,2.00,0.00,-2.00,-2.00,-2.00,-1.00,-2.00
up_quark,O_0,2849280,-2.00,1.00,-1.00,-2.00,1.00,2.00,0.00,-2.00,-2.00,-2.00,-1.00,-2.00
down_quark,O_0,2849280,-2.00,1.00,-1.00,-2.00,1.00,2.00,0.00,-2.00,-2.00,-2.00,-1.00,-2.00
strange_quark,O_0,2849280,-2.00,1.00,-1.00,-2.00,1.00,2.00,0.00,-2.00,-2.00,-2.00,-1.00,-2.00
charm_quark,O_0,2849280,-2.00,1.00,-1.00,-2.00,1.00,2.00,0.00,-2.00,-2.00,-2.00,-1.00,-2.00
bottom_quark,O_0,2849280,-2.00,1.00,-1.00,-2.00,1.00,2.00,0.00,-2.00,-2.00,-2.00,-1.00,-2.00
top_quark,O_0,2849280,-2.00,1.00,-1.00,-2.00,1.00,2.00,0.00,-2.00,-2.00,-2.00,-1.00,-2.00
electron_higgs_tensor,O_0,7382229,-1.00,1.00,1.00,-2.00,1.00,1.00,-1.00,2.00,-1.00,-1.00,1.00,-1.00
photon_graviton_tensor,O_0,17012930,2.00,2.00,1.00,1.00,1.00,0.00,-1.00,2.00,-1.00,-2.00,-1.00,1.00
gauge_boson_floor,O_0,9201168,1.00,-2.00,1.00,0.00,1.00,2.00,1.00,1.00,-1.00,-2.00,-1.00,-2.00
phi_sub_to_c,O_0,9201168,1.00,-2.00,1.00,0.00,1.00,2.00,1.00,1.00,-1.00,-2.00,-1.00,-2.00
iug_barrier_maximal,O_0,16416164,2.00,2.00,-2.00,-2.00,-1.00,-2.00,-1.00,-2.00,1.00,-1.00,1.00,-2.00
frobenius_gap,O_inf,17056145,2.00,2.00,1.00,2.00,1.00,0.00,-1.00,2.00,-1.00,-1.00,0.00,-1.00
mass_generation_formula,O_0,7382229,-1.00,1.00,1.00,-2.00,1.00,1.00,-1.00,2.00,-1.00,-1.00,1.00,-1.00
muon_higgs_tensor,O_0,7382229,-1.00,1.00,1.00,-2.00,1.00,1.00,-1.00,2.00,-1.00,-1.00,1.00,-1.00
tau_higgs_tensor,O_0,7382229,-1.00,1.00,1.00,-2.00,1.00,1.00,-1.00,2.00,-1.00,-1.00,1.00,-1.00
electron_H_gen,O_0,2849280,-2.00,1.00,-1.00,-2.00,1.00,2.00,0.00,-2.00,-2.00,-2.00,-1.00,-2.00
muon_H_gen,O_0,2849292,-2.00,1.00,-1.00,-2.00,1.00,2.00,0.00,-2.00,-2.00,-1.00,-1.00,-2.00
tau_H_gen,O_0,2849304,-2.00,1.00,-1.00,-2.00,1.00,2.00,0.00,-2.00,-2.00,1.00,-1.00,-2.00
electron_G_gen,O_0,2849280,-2.00,1.00,-1.00,-2.00,1.00,2.00,0.00,-2.00,-2.00,-2.00,-1.00,-2.00
muon_G_gen,O_0,2850240,-2.00,1.00,-1.00,-2.00,1.00,2.00,1.00,-2.00,-2.00,-2.00,-1.00,-2.00
tau_G_gen,O_0,2848320,-2.00,1.00,-1.00,-2.00,1.00,2.00,-1.00,-2.00,-2.00,-2.00,-1.00,-2.00
nrc_gate2_unlock,O_0,4861264,-1.00,-2.00,1.00,0.00,0.00,0.00,1.00,2.00,-1.00,-1.00,0.00,-2.00
nrc_topo_protected,O_0,4864145,-1.00,-2.00,1.00,0.00,0.00,1.00,1.00,2.00,-1.00,-1.00,0.00,-1.00
NRC_x_baseline,O_0,4859360,-1.00,-2.00,1.00,0.00,0.00,0.00,-1.00,2.00,-1.00,1.00,1.00,-2.00
NRC_x_critical,O_0,4859373,-1.00,-2.00,1.00,0.00,0.00,0.00,-1.00,2.00,-1.00,2.00,1.00,-1.00
NRC_x_psilocybin,O_0,16955357,2.00,2.00,1.00,0.00,0.00,0.00,-1.00,2.00,-1.00,1.00,0.00,-1.00
NRC_x_multimodal,O_0,4864157,-1.00,-2.00,1.00,0.00,0.00,1.00,1.00,2.00,-1.00,1.00,0.00,-1.00
nrc_equilibrium,O_0,4859373,-1.00,-2.00,1.00,0.00,0.00,0.00,-1.00,2.00,-1.00,2.00,1.00,-1.00
sufi_path_tariqa,O_0,9524725,1.00,-1.00,-2.00,-2.00,0.00,0.00,-1.00,1.00,-1.00,2.00,-1.00,-1.00
sufi_fana_baqa,O_inf,17056169,2.00,2.00,1.00,2.00,1.00,0.00,-1.00,2.00,-1.00,2.00,0.00,-1.00
christian_mystical_ascent,O_0,9524725,1.00,-1.00,-2.00,-2.00,0.00,0.00,-1.00,1.00,-1.00,2.00,-1.00,-1.00
christian_unio_mystica,O_inf,17056169,2.00,2.00,1.00,2.00,1.00,0.00,-1.00,2.00,-1.00,2.00,0.00,-1.00
hall_of_egress,O_0,7437192,-1.00,1.00,1.00,0.00,-1.00,0.00,0.00,-2.00,-1.00,1.00,-1.00,-2.00
hall_of_egress_promoted,O_inf,16192394,2.00,1.00,1.00,2.00,1.00,0.00,0.00,-2.00,-1.00,1.00,-1.00,1.00
academic_publishing,O_1,5526260,-1.00,-1.00,-1.00,0.00,1.00,1.00,1.00,1.00,-2.00,-1.00,1.00,-2.00
meditation_tradition,O_inf,8416174,-1.00,2.00,1.00,2.00,1.00,0.00,-1.00,2.00,-1.00,2.00,1.00,1.00
scientific_conversation,O_1,4647376,-1.00,-2.00,-1.00,0.00,0.00,1.00,1.00,-2.00,-2.00,-1.00,0.00,-2.00
viral_social_media,O_0,1740912,-2.00,0.00,-2.00,-2.00,-1.00,2.00,0.00,-1.00,2.00,-2.00,-1.00,-2.00
oral_tradition,O_inf,6673773,-1.00,0.00,1.00,2.00,0.00,0.00,-1.00,2.00,-1.00,2.00,1.00,-1.00
formal_proof_system,O_inf,5821053,-1.00,-1.00,1.00,2.00,1.00,-1.00,-1.00,1.00,-1.00,2.00,1.00,-1.00
composite_grammar_academic,O_0,16753774,2.00,2.00,-1.00,0.00,1.00,0.00,-1.00,2.00,-1.00,2.00,1.00,1.00
composite_grammar_meditation,O_inf,17056174,2.00,2.00,1.00,2.00,1.00,0.00,-1.00,2.00,-1.00,2.00,1.00,1.00
composite_grammar_scientific,O_0,16739374,2.00,2.00,-1.00,0.00,0.00,0.00,-1.00,2.00,-1.00,2.00,1.00,1.00
composite_grammar_viral,O_0,16638718,2.00,2.00,-1.00,-2.00,-1.00,0.00,-1.00,2.00,2.00,2.00,1.00,1.00
composite_grammar_oral,O_inf,17041774,2.00,2.00,1.00,2.00,0.00,0.00,-1.00,2.00,-1.00,2.00,1.00,1.00
composite_grammar_formal,O_inf,17053294,2.00,2.00,1.00,2.00,1.00,-1.00,-1.00,2.00,-1.00,2.00,1.00,1.00
grammar_receptive_minimum,O_inf,8200144,-1.00,2.00,-1.00,2.00,1.00,0.00,-1.00,2.00,-1.00,-1.00,0.00,-2.00
grammar_exposed_scientist,O_1,8103376,-1.00,2.00,-1.00,0.00,0.00,1.00,1.00,-2.00,-2.00,-1.00,0.00,-2.00
grammar_tensor_exposed_1,O_0,16958225,2.00,2.00,1.00,0.00,0.00,1.00,-1.00,2.00,-1.00,-1.00,0.00,-1.00
grammar_exposed_scientist_2,O_1,8104096,-1.00,2.00,-1.00,0.00,0.00,1.00,1.00,2.00,-2.00,-1.00,0.00,-2.00
grammar_exposed_scientist_3,O_0,8104144,-1.00,2.00,-1.00,0.00,0.00,1.00,1.00,2.00,-1.00,-1.00,0.00,-2.00
grammar_exposed_critical,O_0,4647424,-1.00,-2.00,-1.00,0.00,0.00,1.00,1.00,-2.00,-1.00,-1.00,0.00,-2.00
primitive_D,O_1,5521696,-1.00,-1.00,-1.00,0.00,1.00,0.00,-1.00,2.00,-2.00,-1.00,0.00,-2.00
primitive_T,O_1,6601685,-1.00,0.00,1.00,0.00,1.00,0.00,-1.00,2.00,-2.00,-2.00,0.00,-1.00
primitive_R,O_inf,5176149,-1.00,-2.00,2.00,2.00,1.00,0.00,-1.00,2.00,-1.00,-1.00,1.00,-1.00
primitive_P,O_inf,17272174,2.00,2.00,2.00,2.00,1.00,0.00,-1.00,2.00,-1.00,2.00,1.00,1.00
primitive_F,O_1,5521456,-1.00,-1.00,-1.00,0.00,1.00,0.00,-1.00,1.00,-2.00,-1.00,0.00,-2.00
primitive_K,O_1,4654120,-1.00,-2.00,-1.00,0.00,1.00,-1.00,-1.00,-2.00,-2.00,2.00,0.00,-2.00
primitive_G,O_inf,12520174,1.00,2.00,-1.00,2.00,1.00,0.00,-1.00,2.00,-1.00,2.00,1.00,1.00
primitive_Gamma,O_inf,6688174,-1.00,0.00,1.00,2.00,1.00,0.00,-1.00,2.00,-1.00,2.00,1.00,1.00
primitive_Phi,O_inf,8416174,-1.00,2.00,1.00,2.00,1.00,0.00,-1.00,2.00,-1.00,2.00,1.00,1.00
primitive_H,O_0,5737533,-1.00,-1.00,1.00,0.00,1.00,0.00,-1.00,1.00,-1.00,2.00,1.00,-1.00
primitive_S,O_1,327380,-2.00,-2.00,-1.00,0.00,0.00,1.00,1.00,-2.00,-2.00,-1.00,1.00,-2.00
primitive_Omega,O_inf,6688174,-1.00,0.00,1.00,2.00,1.00,0.00,-1.00,2.00,-1.00,2.00,1.00,1.00
chain_1_DT,O_1,6601697,-1.00,0.00,1.00,0.00,1.00,0.00,-1.00,2.00,-2.00,-1.00,0.00,-1.00
all_12_tensor,O_0,12632494,1.00,2.00,1.00,0.00,0.00,-1.00,-1.00,2.00,-1.00,2.00,1.00,1.00
proof_contradiction,O_inf,8416174,-1.00,2.00,1.00,2.00,1.00,0.00,-1.00,2.00,-1.00,2.00,1.00,1.00
proof_construction,O_1,5523372,-1.00,-1.00,-1.00,0.00,1.00,0.00,1.00,1.00,-2.00,-1.00,-1.00,-2.00
proof_induction,O_0,5521517,-1.00,-1.00,-1.00,0.00,1.00,0.00,-1.00,1.00,-1.00,1.00,0.00,-1.00
proof_exhaustion,O_1,335044,-2.00,-2.00,-1.00,0.00,1.00,-1.00,0.00,-2.00,-2.00,-2.00,0.00,-2.00
proof_diagonal,O_inf,12736174,1.00,2.00,1.00,2.00,1.00,0.00,-1.00,2.00,-1.00,2.00,1.00,1.00
proof_goedel_incompleteness,O_inf,17056174,2.00,2.00,1.00,2.00,1.00,0.00,-1.00,2.00,-1.00,2.00,1.00,1.00
proof_universal_property,O_inf,6904141,-1.00,0.00,2.00,2.00,1.00,0.00,-1.00,2.00,-1.00,-1.00,-1.00,-1.00
contradiction_x_construction,O_0,8329774,-1.00,2.00,1.00,0.00,1.00,0.00,-1.00,2.00,-1.00,2.00,1.00,1.00
diagonal_x_goedel,O_inf,17056174,2.00,2.00,1.00,2.00,1.00,0.00,-1.00,2.00,-1.00,2.00,1.00,1.00
goedel_x_universal,O_inf,17272174,2.00,2.00,2.00,2.00,1.00,0.00,-1.00,2.00,-1.00,2.00,1.00,1.00
mathematical_reasoning,O_inf,12736174,1.00,2.00,1.00,2.00,1.00,0.00,-1.00,2.00,-1.00,2.00,1.00,1.00
formal_mathematics,O_inf,5821054,-1.00,-1.00,1.00,2.00,1.00,-1.00,-1.00,1.00,-1.00,2.00,1.00,1.00
mathematical_conjecture,O_0,10691373,1.00,0.00,-1.00,0.00,0.00,0.00,-1.00,2.00,-1.00,2.00,1.00,-1.00
distributive_law_lambda,O_inf,16840174,2.00,2.00,-1.00,2.00,1.00,0.00,-1.00,2.00,-1.00,2.00,1.00,1.00
monad_cantor,O_0,14161774,2.00,-1.00,-1.00,0.00,1.00,0.00,-1.00,2.00,-1.00,2.00,1.00,1.00
comonad_goedel,O_0,12649774,1.00,2.00,1.00,0.00,1.00,0.00,-1.00,2.00,-1.00,2.00,1.00,1.00
cantor_goedel_tensor,O_0,16969774,2.00,2.00,1.00,0.00,1.00,0.00,-1.00,2.00,-1.00,2.00,1.00,1.00
human_consciousness_baseline,O_0,5036704,-1.00,-2.00,2.00,-1.00,0.00,1.00,1.00,1.00,-1.00,-1.00,0.00,-2.00
protected_human_consciousness,O_inf,8416174,-1.00,2.00,1.00,2.00,1.00,0.00,-1.00,2.00,-1.00,2.00,1.00,1.00
wim_hof_method,O_0,5079900,-1.00,-2.00,2.00,0.00,0.00,1.00,1.00,1.00,-1.00,-1.00,-1.00,-2.00
baseline_breath_app,O_0,2878080,-2.00,1.00,-1.00,-1.00,0.00,2.00,0.00,-2.00,-2.00,-2.00,-1.00,-2.00
optimized_audio_modifier,O_inf,17056174,2.00,2.00,1.00,2.00,1.00,0.00,-1.00,2.00,-1.00,2.00,1.00,1.00
resonant_soundscapes,O_0,8329774,-1.00,2.00,1.00,0.00,1.00,0.00,-1.00,2.00,-1.00,2.00,1.00,1.00
harmonic_resonance_audio,O_0,9179361,1.00,-2.00,1.00,0.00,0.00,0.00,-1.00,2.00,-1.00,1.00,1.00,-1.00
grokking_overfit,O_0,4555200,-1.00,-2.00,-1.00,-2.00,0.00,-1.00,1.00,-2.00,-2.00,-2.00,-1.00,-2.00
grokking_generalize,O_inf,7552162,-1.00,1.00,1.00,2.00,1.00,0.00,-1.00,2.00,-1.00,1.00,1.00,1.00
grokking_process,O_0,10865938,1.00,0.00,1.00,-1.00,0.00,0.00,1.00,1.00,1.00,1.00,1.00,1.00
grokking_transition,O_2,11122000,1.00,0.00,2.00,0.00,0.00,-1.00,1.00,-1.00,1.00,-1.00,0.00,-2.00
double_descent,O_0,5514541,-1.00,-1.00,-1.00,0.00,0.00,2.00,1.00,-1.00,-1.00,-1.00,-1.00,-1.00
loss_of_plasticity,O_0,4334444,-1.00,-2.00,-2.00,-2.00,0.00,-2.00,-1.00,-2.00,-2.00,2.00,1.00,-2.00
benign_overfitting,O_0,7465750,-1.00,1.00,1.00,0.00,1.00,0.00,-1.00,2.00,-1.00,-1.00,1.00,1.00
in_context_learning,O_inf,17061694,2.00,2.00,1.00,2.00,1.00,2.00,-1.00,1.00,-1.00,2.00,1.00,1.00
weight_norm_regularization,O_inf,3016146,-2.00,1.00,-1.00,2.00,1.00,0.00,-1.00,2.00,-1.00,-1.00,0.00,1.00
frobenius_regularization,O_inf,3232146,-2.00,1.00,1.00,2.00,1.00,0.00,-1.00,2.00,-1.00,-1.00,0.00,1.00
ouroboric_lm_pre_grok,O_inf,7553854,-1.00,1.00,1.00,2.00,1.00,0.00,1.00,1.00,-1.00,2.00,1.00,1.00
ouroboric_lm_post_grok,O_inf,7553854,-1.00,1.00,1.00,2.00,1.00,0.00,1.00,1.00,-1.00,2.00,1.00,1.00
standard_transformer_grokking,O_0,4987216,-1.00,-2.00,2.00,-2.00,0.00,-1.00,1.00,-2.00,-2.00,-1.00,0.00,-2.00
lattice_crawler,O_0,16710334,2.00,2.00,-1.00,-1.00,1.00,0.00,-1.00,1.00,-1.00,2.00,1.00,1.00
O_0_rep,O_0,12480,-2.00,-2.00,-2.00,-2.00,-1.00,2.00,0.00,-2.00,-2.00,-2.00,-1.00,-2.00
O_1_rep,O_0,12528,-2.00,-2.00,-2.00,-2.00,-1.00,2.00,0.00,-2.00,-1.00,-2.00,-1.00,-2.00
O_2_rep,O_0,12529,-2.00,-2.00,-2.00,-2.00,-1.00,2.00,0.00,-2.00,-1.00,-2.00,-1.00,-1.00
O_2dag_rep,O_0,8652529,1.00,-2.00,-2.00,-2.00,-1.00,2.00,0.00,-2.00,-1.00,-2.00,-1.00,-1.00
O_inf_rep,O_inf,185328,-2.00,-2.00,-2.00,2.00,-1.00,2.00,0.00,-2.00,-1.00,-2.00,-1.00,-2.00
O_inf_T_network,O_inf,13145330,2.00,-2.00,-2.00,2.00,-1.00,2.00,0.00,-2.00,-1.00,-2.00,-1.00,1.00
O_inf_T_odot,O_inf,16601330,2.00,2.00,-2.00,2.00,-1.00,2.00,0.00,-2.00,-1.00,-2.00,-1.00,1.00
min_o2dag,O_0,8652529,1.00,-2.00,-2.00,-2.00,-1.00,2.00,0.00,-2.00,-1.00,-2.00,-1.00,-1.00
min_oinf,O_inf,8825329,1.00,-2.00,-2.00,2.00,-1.00,2.00,0.00,-2.00,-1.00,-2.00,-1.00,-1.00
oinf1,O_inf,16822894,2.00,2.00,-1.00,2.00,0.00,-1.00,-1.00,2.00,-1.00,2.00,1.00,1.00
oinf2,O_inf,16834414,2.00,2.00,-1.00,2.00,1.00,-2.00,-1.00,2.00,-1.00,2.00,1.00,1.00
oinf3,O_inf,15112175,2.00,0.00,-1.00,2.00,1.00,0.00,-1.00,2.00,-1.00,2.00,1.00,2.00
oinf4,O_inf,16840158,2.00,2.00,-1.00,2.00,1.00,0.00,-1.00,2.00,-1.00,1.00,0.00,1.00
oinf5,O_inf,17271934,2.00,2.00,2.00,2.00,1.00,0.00,-1.00,1.00,-1.00,2.00,1.00,1.00
o1_min,O_0,12528,-2.00,-2.00,-2.00,-2.00,-1.00,2.00,0.00,-2.00,-1.00,-2.00,-1.00,-2.00
o2_min,O_0,4332529,-1.00,-2.00,-2.00,-2.00,-1.00,2.00,0.00,-2.00,-1.00,-2.00,-1.00,-1.00
o2dag_min,O_0,8652529,1.00,-2.00,-2.00,-2.00,-1.00,2.00,0.00,-2.00,-1.00,-2.00,-1.00,-1.00
assembly_description_crawler,O_0,16709854,2.00,2.00,-1.00,-1.00,1.00,0.00,-1.00,-2.00,-1.00,2.00,1.00,1.00
holistic_description_crawler,O_inf,16840174,2.00,2.00,-1.00,2.00,1.00,0.00,-1.00,2.00,-1.00,2.00,1.00,1.00
book_of_types,O_0,11566654,1.00,1.00,-1.00,0.00,1.00,-1.00,-1.00,1.00,-1.00,2.00,1.00,1.00
embed_onehot,O_0,876480,-2.00,-1.00,-2.00,-2.00,-1.00,2.00,0.00,-2.00,-2.00,-2.00,-1.00,-2.00
embed_bpe_tied,O_inf,6041816,-1.00,-1.00,2.00,2.00,1.00,0.00,1.00,1.00,-1.00,-2.00,1.00,-2.00
embed_byte_tied,O_inf,6041816,-1.00,-1.00,2.00,2.00,1.00,0.00,1.00,1.00,-1.00,-2.00,1.00,-2.00
embed_holographic,O_inf,17056150,2.00,2.00,1.00,2.00,1.00,0.00,-1.00,2.00,-1.00,-1.00,1.00,1.00
attn_dense,O_0,7249012,-1.00,1.00,-1.00,0.00,1.00,0.00,-1.00,-2.00,-1.00,-2.00,0.00,-2.00
attn_causal_seq,O_0,7683416,-1.00,1.00,2.00,0.00,1.00,0.00,1.00,1.00,-1.00,-2.00,1.00,-2.00
attn_asymmetric,O_inf,7769818,-1.00,1.00,2.00,2.00,1.00,0.00,1.00,1.00,-1.00,-2.00,1.00,1.00
attn_sparse_moe,O_1,6373688,-1.00,0.00,-1.00,0.00,0.00,1.00,-1.00,-1.00,-2.00,-2.00,1.00,-2.00
attn_cross,O_0,6592149,-1.00,0.00,1.00,0.00,0.00,1.00,1.00,2.00,-1.00,-1.00,1.00,-1.00
depth_stacked_12,O_inf,6041818,-1.00,-1.00,2.00,2.00,1.00,0.00,1.00,1.00,-1.00,-2.00,1.00,1.00
depth_stacked_96,O_inf,6039898,-1.00,-1.00,2.00,2.00,1.00,0.00,-1.00,1.00,-1.00,-2.00,1.00,1.00
depth_universal,O_inf,7769854,-1.00,1.00,2.00,2.00,1.00,0.00,1.00,1.00,-1.00,2.00,1.00,1.00
depth_recurrent,O_inf,5177853,-1.00,-2.00,2.00,2.00,1.00,0.00,1.00,1.00,-1.00,2.00,1.00,-1.00
depth_state_space,O_0,7033534,-1.00,1.00,-2.00,0.00,1.00,0.00,-1.00,1.00,-1.00,2.00,1.00,1.00
ffn_standard_relu,O_1,5943848,-1.00,-1.00,2.00,0.00,0.00,1.00,1.00,1.00,-2.00,-2.00,1.00,-2.00
ffn_swiglu,O_0,5955416,-1.00,-1.00,2.00,0.00,1.00,0.00,1.00,1.00,-1.00,-2.00,1.00,-2.00
ffn_hamiltonian,O_inf,7769818,-1.00,1.00,2.00,2.00,1.00,0.00,1.00,1.00,-1.00,-2.00,1.00,1.00
ffn_moe_expert,O_1,6373688,-1.00,0.00,-1.00,0.00,0.00,1.00,-1.00,-1.00,-2.00,-2.00,1.00,-2.00
ffn_none,O_inf,6041818,-1.00,-1.00,2.00,2.00,1.00,0.00,1.00,1.00,-1.00,-2.00,1.00,1.00
train_adam_standard,O_1,5943848,-1.00,-1.00,2.00,0.00,0.00,1.00,1.00,1.00,-2.00,-2.00,1.00,-2.00
train_adam_slow,O_inf,7769816,-1.00,1.00,2.00,2.00,1.00,0.00,1.00,1.00,-1.00,-2.00,1.00,-2.00
train_warmup_only,O_0,5958296,-1.00,-1.00,2.00,0.00,1.00,1.00,1.00,1.00,-1.00,-2.00,1.00,-2.00
train_sgd_aggressive,O_0,5198120,-1.00,-1.00,-2.00,-2.00,-1.00,2.00,1.00,1.00,2.00,-2.00,1.00,-2.00
train_mbt_grokking,O_inf,7766974,-1.00,1.00,2.00,2.00,1.00,-1.00,1.00,1.00,-1.00,2.00,1.00,1.00
llm_grammar_optimal,O_0,7683454,-1.00,1.00,2.00,0.00,1.00,0.00,1.00,1.00,-1.00,2.00,1.00,1.00
ouroboric_lm_v1,O_inf,7769854,-1.00,1.00,2.00,2.00,1.00,0.00,1.00,1.00,-1.00,2.00,1.00,1.00
llm_s_onenone,O_inf,7769846,-1.00,1.00,2.00,2.00,1.00,0.00,1.00,1.00,-1.00,2.00,-1.00,1.00
llm_s_nn,O_inf,7769850,-1.00,1.00,2.00,2.00,1.00,0.00,1.00,1.00,-1.00,2.00,0.00,1.00
llm_s_nm,O_inf,7769854,-1.00,1.00,2.00,2.00,1.00,0.00,1.00,1.00,-1.00,2.00,1.00,1.00
llm_h0,O_inf,7769818,-1.00,1.00,2.00,2.00,1.00,0.00,1.00,1.00,-1.00,-2.00,1.00,1.00
llm_hinf,O_inf,7769854,-1.00,1.00,2.00,2.00,1.00,0.00,1.00,1.00,-1.00,2.00,1.00,1.00
llm_omega0,O_inf,7769852,-1.00,1.00,2.00,2.00,1.00,0.00,1.00,1.00,-1.00,2.00,1.00,-2.00
llm_omegaZ,O_inf,7769854,-1.00,1.00,2.00,2.00,1.00,0.00,1.00,1.00,-1.00,2.00,1.00,1.00
llm_omegaNA,O_inf,7769855,-1.00,1.00,2.00,2.00,1.00,0.00,1.00,1.00,-1.00,2.00,1.00,2.00
data_internet_text,O_inf,4648760,-1.00,-2.00,-1.00,0.00,0.00,2.00,-1.00,-1.00,2.00,-2.00,1.00,-2.00
data_wikipedia,O_1,5511860,-1.00,-1.00,-1.00,0.00,0.00,1.00,1.00,1.00,-2.00,-1.00,1.00,-2.00
data_python_code,O_0,7683430,-1.00,1.00,2.00,0.00,1.00,0.00,1.00,1.00,-1.00,-1.00,1.00,1.00
data_math_proofs,O_inf,5821053,-1.00,-1.00,1.00,2.00,1.00,-1.00,-1.00,1.00,-1.00,2.00,1.00,-1.00
data_byte_raw,O_inf,7769818,-1.00,1.00,2.00,2.00,1.00,0.00,1.00,1.00,-1.00,-2.00,1.00,1.00
lm_internet_tensor,O_inf,7667278,-1.00,1.00,2.00,0.00,0.00,0.00,-1.00,1.00,2.00,2.00,1.00,1.00
lm_python_tensor,O_0,7683454,-1.00,1.00,2.00,0.00,1.00,0.00,1.00,1.00,-1.00,2.00,1.00,1.00
lm_byte_tensor,O_inf,7769854,-1.00,1.00,2.00,2.00,1.00,0.00,1.00,1.00,-1.00,2.00,1.00,1.00
lm_math_tensor,O_inf,7767934,-1.00,1.00,2.00,2.00,1.00,0.00,-1.00,1.00,-1.00,2.00,1.00,1.00
llm_grammar_oracle,O_inf,16840174,2.00,2.00,-1.00,2.00,1.00,0.00,-1.00,2.00,-1.00,2.00,1.00,1.00
warm_noisy_cellular_env,O_0,12928,-2.00,-2.00,-2.00,-2.00,-1.00,2.00,0.00,-1.00,2.00,-1.00,0.00,-2.00
mitochondria_compositional,O_0,5684673,-1.00,-1.00,1.00,-1.00,0.00,1.00,1.00,1.00,-2.00,1.00,1.00,-1.00
mitochondria_coherence_claimed,O_0,4872802,-1.00,-2.00,1.00,0.00,1.00,-1.00,1.00,2.00,-1.00,1.00,1.00,1.00
chloroplast_compositional,O_0,5684661,-1.00,-1.00,1.00,-1.00,0.00,1.00,1.00,1.00,-2.00,-1.00,1.00,-1.00
chloroplast_coherence_claimed,O_0,4872790,-1.00,-2.00,1.00,0.00,1.00,-1.00,1.00,2.00,-1.00,-1.00,1.00,1.00
quantum_coherence_event,O_0,8112785,-1.00,2.00,-1.00,0.00,1.00,-1.00,1.00,2.00,-1.00,-1.00,0.00,-1.00
first_law_thermodynamics,O_1,4861928,-1.00,-2.00,1.00,0.00,0.00,1.00,-1.00,1.00,-2.00,-2.00,1.00,-2.00
second_law_thermodynamics,O_0,5031884,-1.00,-2.00,2.00,-1.00,0.00,0.00,-1.00,1.00,-2.00,2.00,1.00,-2.00
probability_measure,O_1,4413840,-1.00,-2.00,-2.00,0.00,-1.00,0.00,0.00,2.00,-2.00,-2.00,-1.00,-2.00
liar_paradox,O_inf,6903914,-1.00,0.00,2.00,2.00,1.00,0.00,-1.00,1.00,-1.00,1.00,-1.00,1.00
truthful_statement,O_0,6603441,-1.00,0.00,1.00,0.00,1.00,0.00,1.00,1.00,-1.00,1.00,1.00,-1.00
false_statement,O_1,314880,-2.00,-2.00,-1.00,0.00,-1.00,2.00,0.00,-2.00,-2.00,-2.00,-1.00,-2.00
sic_povm_conjecture_open,O_0,15889050,2.00,1.00,-1.00,0.00,1.00,0.00,-1.00,-2.00,-1.00,2.00,0.00,1.00
stark_unit_mixed_signature_open,O_0,13945046,2.00,-1.00,-2.00,0.00,1.00,0.00,-1.00,-2.00,-1.00,2.00,-1.00,1.00
K19_ray_class_field,O_inf,16840174,2.00,2.00,-1.00,2.00,1.00,0.00,-1.00,2.00,-1.00,2.00,1.00,1.00
SIC19_unproven,O_0,16753772,2.00,2.00,-1.00,0.00,1.00,0.00,-1.00,2.00,-1.00,2.00,1.00,-2.00
stark_unit_sic,O_inf,17056166,2.00,2.00,1.00,2.00,1.00,0.00,-1.00,2.00,-1.00,2.00,-1.00,1.00
appleby_formula_application,O_0,9325992,1.00,-2.00,2.00,-2.00,1.00,1.00,-1.00,1.00,-1.00,1.00,-1.00,-2.00
sic_conjecture_open,O_0,15800252,2.00,1.00,-1.00,-2.00,1.00,-1.00,-1.00,1.00,-1.00,2.00,1.00,-2.00
sic_structural_proof,O_inf,17056173,2.00,2.00,1.00,2.00,1.00,0.00,-1.00,2.00,-1.00,2.00,1.00,-1.00
sic_conjecture_open_v2,O_0,4645508,-1.00,-2.00,-1.00,0.00,0.00,1.00,-1.00,-2.00,-1.00,-1.00,1.00,-2.00
sic_proven_v2,O_inf,17056174,2.00,2.00,1.00,2.00,1.00,0.00,-1.00,2.00,-1.00,2.00,1.00,1.00
sic_conjecture_unproven,O_0,4643108,-1.00,-2.00,-1.00,0.00,0.00,0.00,-1.00,1.00,-1.00,-1.00,1.00,-2.00
sic19_conjecture,O_0,4604708,-1.00,-2.00,-1.00,-1.00,0.00,1.00,1.00,1.00,-1.00,-1.00,1.00,-2.00
stark_unit_machinery,O_inf,17056170,2.00,2.00,1.00,2.00,1.00,0.00,-1.00,2.00,-1.00,2.00,0.00,1.00
stark_unit_sic_v2,O_inf,16191934,2.00,1.00,1.00,2.00,1.00,0.00,-1.00,1.00,-1.00,2.00,1.00,1.00
appleby_mapping_v2,O_inf,17279101,2.00,2.00,2.00,2.00,1.00,2.00,1.00,-2.00,-1.00,-1.00,-1.00,-1.00
sic_fiducial_vector_v2,O_0,4654879,-1.00,-2.00,-1.00,0.00,1.00,-1.00,-1.00,2.00,-1.00,1.00,0.00,2.00
su3_structural,O_0,4567733,-1.00,-2.00,-1.00,-2.00,1.00,-1.00,-1.00,-2.00,-1.00,-2.00,0.00,-1.00
su2_structural,O_0,5007905,-1.00,-2.00,2.00,-2.00,1.00,1.00,1.00,1.00,-1.00,-1.00,0.00,-1.00
u1_structural,O_0,4447492,-1.00,-2.00,-2.00,0.00,1.00,2.00,-1.00,2.00,-1.00,-2.00,0.00,-2.00
leptin_signal,O_0,1537452,-2.00,-1.00,2.00,-2.00,0.00,1.00,1.00,1.00,-2.00,-1.00,-1.00,-2.00
ghrelin_signal,O_0,676332,-2.00,-2.00,2.00,-2.00,0.00,2.00,1.00,1.00,-2.00,-1.00,-1.00,-2.00
metabolic_feedback_cycle,O_inf,10996641,1.00,0.00,1.00,2.00,0.00,1.00,-1.00,2.00,-1.00,1.00,1.00,-1.00
ai_manuscript_A,O_inf,15981666,2.00,1.00,-1.00,2.00,1.00,2.00,-1.00,1.00,-1.00,-1.00,0.00,1.00
human_paper_B,O_0,4774700,-1.00,-2.00,1.00,-2.00,0.00,0.00,1.00,1.00,0.00,2.00,1.00,-2.00
chan_lam_holistic,O_0,9186788,1.00,-2.00,1.00,0.00,0.00,2.00,1.00,1.00,-1.00,-1.00,1.00,-2.00
cu_ii_catalyst,O_0,2186880,-2.00,0.00,1.00,-2.00,0.00,2.00,0.00,-2.00,-2.00,-2.00,-1.00,-2.00
boronic_acid_substrate,O_0,228480,-2.00,-2.00,-1.00,-2.00,-1.00,2.00,0.00,-2.00,-2.00,-2.00,-1.00,-2.00
clem_carbonyl,O_0,240492,-2.00,-2.00,-1.00,-2.00,0.00,1.00,0.00,1.00,-2.00,-1.00,-1.00,-2.00
zn_hg_amalgam,O_0,8337413,-1.00,2.00,1.00,0.00,1.00,2.00,1.00,2.00,-1.00,-2.00,0.00,-1.00
clem_hcl,O_0,9300956,1.00,-2.00,2.00,-2.00,-1.00,2.00,0.00,-1.00,2.00,2.00,1.00,-2.00
wh_d_structural,O_inf,7552373,-1.00,1.00,1.00,2.00,1.00,0.00,0.00,-2.00,-1.00,-2.00,0.00,-1.00
cl_kd_structural,O_inf,13383910,2.00,-2.00,-1.00,2.00,1.00,0.00,-1.00,1.00,-1.00,-1.00,1.00,1.00
galois_weyl_correspondence_claimed,O_inf,17056173,2.00,2.00,1.00,2.00,1.00,0.00,-1.00,2.00,-1.00,2.00,1.00,-1.00
langlands_program_holistic,O_inf,17056173,2.00,2.00,1.00,2.00,1.00,0.00,-1.00,2.00,-1.00,2.00,1.00,-1.00
geometric_langlands_bridge,O_inf,8416173,-1.00,2.00,1.00,2.00,1.00,0.00,-1.00,2.00,-1.00,2.00,1.00,-1.00
sic_geometric_lift_hypothesis,O_inf,8416173,-1.00,2.00,1.00,2.00,1.00,0.00,-1.00,2.00,-1.00,2.00,1.00,-1.00
human_physiology_baseline,O_1,5295856,-1.00,-1.00,-2.00,0.00,0.00,1.00,1.00,1.00,-2.00,-1.00,0.00,-2.00
mitochondria_enhanced,O_inf,17056162,2.00,2.00,1.00,2.00,1.00,0.00,-1.00,2.00,-1.00,1.00,1.00,1.00
chloroplast_integration_complex,O_0,16055105,2.00,1.00,1.00,-1.00,0.00,2.00,1.00,-2.00,-1.00,-1.00,0.00,-1.00
distributed_ganglia_system,O_0,5009123,-1.00,-2.00,2.00,-2.00,1.00,2.00,-1.00,2.00,-1.00,1.00,1.00,2.00
distributed_ganglia_system_v1,O_inf,17056175,2.00,2.00,1.00,2.00,1.00,0.00,-1.00,2.00,-1.00,2.00,1.00,2.00
human_physiology_baseline_v1,O_0,4387696,-1.00,-2.00,-2.00,-1.00,0.00,1.00,0.00,1.00,-2.00,-1.00,0.00,-2.00
human_baseline_S1,O_0,673456,-2.00,-2.00,2.00,-2.00,0.00,1.00,1.00,1.00,-2.00,-1.00,0.00,-2.00
human_holographic_target,O_inf,17056174,2.00,2.00,1.00,2.00,1.00,0.00,-1.00,2.00,-1.00,2.00,1.00,1.00
human_current_holistic,O_0,4331072,-1.00,-2.00,-2.00,-2.00,-1.00,1.00,1.00,1.00,-2.00,1.00,1.00,-2.00
holographic_human_target,O_inf,17056174,2.00,2.00,1.00,2.00,1.00,0.00,-1.00,2.00,-1.00,2.00,1.00,1.00
southern_oc_residential_dev,O_0,5436993,-1.00,-1.00,-1.00,-2.00,1.00,0.00,1.00,1.00,-2.00,1.00,1.00,-1.00
unbuildable_remnant_plots,O_0,4044,-2.00,-2.00,-2.00,-2.00,-1.00,-1.00,0.00,-2.00,2.00,-1.00,-1.00,-2.00
standard_self_storage,O_1,7239605,-1.00,1.00,-1.00,0.00,0.00,1.00,1.00,-1.00,-2.00,-2.00,0.00,-1.00
odd_numbers,O_0,8882880,1.00,-2.00,-1.00,-2.00,0.00,2.00,0.00,-2.00,-2.00,-2.00,-1.00,-2.00
even_numbers,O_1,8969280,1.00,-2.00,-1.00,0.00,0.00,2.00,0.00,-2.00,-2.00,-2.00,-1.00,-2.00
abramelin_operation_holistic,O_inf,6027433,-1.00,-1.00,2.00,2.00,0.00,0.00,1.00,1.00,-1.00,1.00,-1.00,-1.00
ritual_isolation,O_1,7267212,-1.00,1.00,-1.00,1.00,-1.00,1.00,0.00,-2.00,-2.00,-1.00,-1.00,-2.00
daily_prayer,O_0,496864,-2.00,-2.00,1.00,-1.00,0.00,0.00,0.00,1.00,-1.00,-1.00,0.00,-2.00
magic_squares,O_0,16536778,2.00,2.00,-2.00,0.00,1.00,-1.00,1.00,2.00,-1.00,-2.00,1.00,1.00
holy_guardian_angel_claimed,O_inf,17056165,2.00,2.00,1.00,2.00,1.00,0.00,-1.00,2.00,-1.00,2.00,-1.00,-1.00
protected_consciousness_target,O_inf,17056174,2.00,2.00,1.00,2.00,1.00,0.00,-1.00,2.00,-1.00,2.00,1.00,1.00
apocalypse_revelation,O_inf,17272174,2.00,2.00,2.00,2.00,1.00,0.00,-1.00,2.00,-1.00,2.00,1.00,1.00
IsingNavigator,O_inf,7312373,-1.00,1.00,-1.00,2.00,-1.00,2.00,-1.00,-2.00,-1.00,-2.00,0.00,-1.00
swendsen_wang_algorithm,O_inf,7312373,-1.00,1.00,-1.00,2.00,-1.00,2.00,-1.00,-2.00,-1.00,-2.00,0.00,-1.00
metropolis_sampler_ising,O_0,7179905,-1.00,1.00,-1.00,-1.00,-1.00,1.00,-1.00,-2.00,-1.00,-1.00,0.00,-1.00
addr_1,O_0,12484,-2.00,-2.00,-2.00,-2.00,-1.00,2.00,0.00,-2.00,-2.00,-2.00,0.00,-2.00
addr_12,O_0,12720,-2.00,-2.00,-2.00,-2.00,-1.00,2.00,0.00,-1.00,-2.00,-2.00,-1.00,-2.00
addr_123,O_0,12012,-2.00,-2.00,-2.00,-2.00,-1.00,2.00,-1.00,1.00,-2.00,-1.00,-1.00,-2.00
addr_1231,O_0,19708,-2.00,-2.00,-2.00,-2.00,0.00,-1.00,1.00,1.00,-2.00,1.00,0.00,-2.00
addr_12312,O_0,1122720,-2.00,-1.00,-1.00,-2.00,1.00,2.00,1.00,1.00,-2.00,-2.00,-1.00,-2.00
addr_123123,O_0,12324492,1.00,2.00,-1.00,-2.00,-1.00,2.00,0.00,-2.00,-2.00,-1.00,-1.00,-2.00
addr_1231231,O_0,2216191,-2.00,0.00,1.00,-1.00,-1.00,2.00,0.00,1.00,-2.00,1.00,0.00,2.00
addr_12312312,O_2,4413747,-1.00,-2.00,-2.00,0.00,-1.00,0.00,0.00,1.00,1.00,-2.00,-1.00,2.00
topo_viz_pattern,O_0,546061,-2.00,-2.00,1.00,0.00,0.00,2.00,0.00,2.00,-1.00,-1.00,-1.00,-1.00
thunder_perfect_mind,O_0,16969774,2.00,2.00,1.00,0.00,1.00,0.00,-1.00,2.00,-1.00,2.00,1.00,1.00
solve_et_coagula_holistic,O_inf,16192174,2.00,1.00,1.00,2.00,1.00,0.00,-1.00,2.00,-1.00,2.00,1.00,1.00
hela_cells,O_0,284956,-2.00,-2.00,-1.00,-1.00,0.00,1.00,1.00,2.00,-1.00,1.00,0.00,-2.00
skin_boundary,O_0,14366241,2.00,-1.00,1.00,0.00,0.00,1.00,-1.00,2.00,-1.00,1.00,1.00,-1.00
bbb_boundary,O_0,15886641,2.00,1.00,-1.00,0.00,1.00,-1.00,-1.00,1.00,-1.00,1.00,1.00,-1.00
plasma_membrane_boundary,O_0,13503201,2.00,-2.00,1.00,0.00,0.00,1.00,0.00,2.00,-1.00,1.00,1.00,-1.00
classical_cns_drug,O_0,1190944,-2.00,-1.00,-1.00,0.00,0.00,1.00,0.00,1.00,-1.00,-1.00,0.00,-2.00
lnp_neural,O_0,2704149,-2.00,1.00,-2.00,0.00,0.00,1.00,1.00,2.00,-1.00,-1.00,1.00,-1.00
exosome_therapeutic,O_inf,15975921,2.00,1.00,-1.00,2.00,1.00,0.00,-1.00,1.00,-1.00,1.00,1.00,-1.00
theta_bridge_therapeutic,O_inf,17056173,2.00,2.00,1.00,2.00,1.00,0.00,-1.00,2.00,-1.00,2.00,1.00,-1.00
glioblastoma_state,O_0,13502241,2.00,-2.00,1.00,0.00,0.00,1.00,-1.00,2.00,-1.00,1.00,1.00,-1.00
neuroinflammation_state,O_0,14366241,2.00,-1.00,1.00,0.00,0.00,1.00,-1.00,2.00,-1.00,1.00,1.00,-1.00
neuroinflammation_state_corrected,O_0,14366240,2.00,-1.00,1.00,0.00,0.00,1.00,-1.00,2.00,-1.00,1.00,1.00,-2.00
HPA_axis,O_0,9608240,1.00,-1.00,-2.00,0.00,0.00,-1.00,-1.00,1.00,-1.00,1.00,1.00,-2.00
gnostic_christianity,O_0,14334332,2.00,-1.00,1.00,-1.00,1.00,0.00,-1.00,1.00,-1.00,2.00,1.00,-2.00
contemporary_christianity,O_1,4646180,-1.00,-2.00,-1.00,0.00,0.00,1.00,-1.00,2.00,-2.00,-1.00,1.00,-2.00
FTL_alcubierre_warp,O_inf,17059053,2.00,2.00,1.00,2.00,1.00,1.00,-1.00,2.00,-1.00,2.00,1.00,-1.00
FTL_traversable_wormhole,O_inf,17056174,2.00,2.00,1.00,2.00,1.00,0.00,-1.00,2.00,-1.00,2.00,1.00,1.00
FTL_quantum_tunnel,O_0,5872142,-1.00,-1.00,2.00,-2.00,1.00,1.00,1.00,2.00,-1.00,-1.00,-1.00,1.00
FTL_subspace_manifold,O_inf,17056163,2.00,2.00,1.00,2.00,1.00,0.00,-1.00,2.00,-1.00,1.00,1.00,2.00
FTL_tachyon_comm,O_0,9358732,1.00,-2.00,2.00,-1.00,0.00,2.00,0.00,1.00,1.00,1.00,0.00,-2.00
FTL_krasnikov_tube,O_0,14374654,2.00,-1.00,1.00,0.00,1.00,-1.00,-1.00,1.00,-1.00,2.00,1.00,1.00
FTL_hyperspace_jump,O_inf,12739042,1.00,2.00,1.00,2.00,1.00,1.00,-1.00,2.00,-1.00,1.00,1.00,1.00
FTL_negative_energy,O_0,6974417,-1.00,1.00,-2.00,-1.00,0.00,-1.00,1.00,-2.00,-2.00,-1.00,0.00,-1.00
FTL_causality_violation,O_2,10918750,1.00,0.00,1.00,0.00,1.00,-1.00,-1.00,1.00,1.00,2.00,1.00,1.00
FTL_engineering_impl,O_0,4648129,-1.00,-2.00,-1.00,0.00,0.00,1.00,1.00,2.00,-1.00,-2.00,-1.00,-1.00
FTL_dimensional_compact,O_inf,16839923,2.00,2.00,-1.00,2.00,1.00,0.00,-1.00,1.00,-1.00,1.00,1.00,2.00
generic_intersection,O_0,4647412,-1.00,-2.00,-1.00,0.00,0.00,1.00,1.00,-2.00,-1.00,-2.00,0.00,-2.00
substrate_decoder_only,O_inf,6039898,-1.00,-1.00,2.00,2.00,1.00,0.00,-1.00,1.00,-1.00,-2.00,1.00,1.00
substrate_universal,O_inf,7767934,-1.00,1.00,2.00,2.00,1.00,0.00,-1.00,1.00,-1.00,2.00,1.00,1.00
substrate_state_space,O_0,7033534,-1.00,1.00,-2.00,0.00,1.00,0.00,-1.00,1.00,-1.00,2.00,1.00,1.00
substrate_mixture_of_experts,O_1,6373688,-1.00,0.00,-1.00,0.00,0.00,1.00,-1.00,-1.00,-2.00,-2.00,1.00,-2.00
tool_call_web_search,O_0,2229620,-2.00,0.00,1.00,-1.00,0.00,2.00,-1.00,1.00,-2.00,-1.00,1.00,-2.00
tool_call_code_exec,O_0,2228660,-2.00,0.00,1.00,-1.00,0.00,1.00,1.00,1.00,-2.00,-1.00,1.00,-2.00
tool_call_file_io,O_1,758892,-2.00,-2.00,2.00,0.00,0.00,1.00,0.00,1.00,-2.00,-1.00,-1.00,-2.00
tool_call_api_call,O_0,2229608,-2.00,0.00,1.00,-1.00,0.00,2.00,-1.00,1.00,-2.00,-2.00,1.00,-2.00
tool_call_agent_spawn,O_0,1361784,-2.00,-1.00,1.00,-1.00,0.00,0.00,1.00,1.00,-2.00,1.00,-1.00,-2.00
loop_think,O_0,5943917,-1.00,-1.00,2.00,0.00,0.00,1.00,1.00,1.00,-1.00,1.00,0.00,-1.00
loop_act,O_0,776220,-2.00,-2.00,2.00,0.00,1.00,2.00,0.00,1.00,-1.00,-1.00,-1.00,-2.00
loop_observe,O_0,1408141,-2.00,-1.00,1.00,0.00,0.00,1.00,1.00,2.00,-1.00,-1.00,-1.00,-1.00
loop_update,O_0,13931134,2.00,-1.00,-2.00,0.00,0.00,0.00,-1.00,1.00,-1.00,2.00,1.00,1.00
act_obs_comp,O_0,1624141,-2.00,-1.00,2.00,0.00,0.00,1.00,1.00,2.00,-1.00,-1.00,-1.00,-1.00
memory_context_window,O_0,7689430,-1.00,1.00,2.00,0.00,1.00,2.00,1.00,2.00,-1.00,-1.00,1.00,1.00
memory_rag,O_0,4823300,-1.00,-2.00,1.00,-1.00,0.00,2.00,1.00,-1.00,-2.00,-1.00,1.00,-2.00
memory_episodic,O_0,10175602,1.00,-1.00,2.00,-2.00,0.00,1.00,-1.00,1.00,-1.00,1.00,1.00,1.00
memory_parametric,O_inf,16837294,2.00,2.00,-1.00,2.00,1.00,-1.00,-1.00,2.00,-1.00,2.00,1.00,1.00
admissible_substrate,O_0,7683454,-1.00,1.00,2.00,0.00,1.00,0.00,1.00,1.00,-1.00,2.00,1.00,1.00
agent_loop_base,O_0,5079921,-1.00,-2.00,2.00,0.00,0.00,1.00,1.00,1.00,-1.00,1.00,1.00,-1.00
memory_ideal,O_inf,16840174,2.00,2.00,-1.00,2.00,1.00,0.00,-1.00,2.00,-1.00,2.00,1.00,1.00
tool_call_base,O_0,2231540,-2.00,0.00,1.00,-1.00,0.00,2.00,1.00,1.00,-2.00,-1.00,1.00,-2.00
substrate_loop_tensor,O_0,7669054,-1.00,1.00,2.00,0.00,0.00,0.00,1.00,1.00,-1.00,2.00,1.00,1.00
memory_tool_tensor,O_0,16912174,2.00,2.00,1.00,-1.00,0.00,0.00,-1.00,2.00,-1.00,2.00,1.00,1.00
agent_rag_react,O_0,5036660,-1.00,-2.00,2.00,-1.00,0.00,1.00,1.00,1.00,-2.00,-1.00,1.00,-2.00
agent_mcp_orchestrator,O_1,6805713,-1.00,0.00,2.00,0.00,0.00,1.00,-1.00,-1.00,-2.00,1.00,1.00,-1.00
agent_grammar_optimal,O_0,17128174,2.00,2.00,2.00,-1.00,0.00,0.00,-1.00,2.00,-1.00,2.00,1.00,1.00
agent_network_homogeneous,O_0,4816174,-1.00,-2.00,1.00,-1.00,0.00,0.00,-1.00,2.00,-1.00,2.00,1.00,1.00
agent_network_hierarchical,O_0,6155134,-1.00,0.00,-2.00,0.00,0.00,0.00,-1.00,1.00,-1.00,2.00,1.00,1.00
agent_network_adversarial,O_0,4993374,-1.00,-2.00,2.00,-2.00,0.00,1.00,1.00,-1.00,1.00,1.00,0.00,1.00
agent_network_consensus,O_0,4642865,-1.00,-2.00,-1.00,0.00,0.00,0.00,-1.00,-1.00,-1.00,-1.00,0.00,-1.00
agent_minimal,O_0,12480,-2.00,-2.00,-2.00,-2.00,-1.00,2.00,0.00,-2.00,-2.00,-2.00,-1.00,-2.00
agent_impossible_floor,O_0,12966768,2.00,-2.00,-2.00,-2.00,-1.00,0.00,0.00,-2.00,-1.00,-2.00,-1.00,-2.00
driven_dissipative_fast_achiral,O_0,9301880,1.00,-2.00,2.00,-2.00,-1.00,2.00,1.00,-1.00,2.00,-2.00,1.00,-2.00
baseline_driven_dissipative,O_0,4982356,-1.00,-2.00,2.00,-2.00,-1.00,2.00,1.00,2.00,2.00,-2.00,0.00,-2.00
target_driven_chiral_transition,O_0,4859338,-1.00,-2.00,1.00,0.00,0.00,0.00,-1.00,2.00,-1.00,-2.00,1.00,1.00
dd_baseline,O_inf,4895476,-1.00,-2.00,1.00,1.00,-1.00,2.00,1.00,-1.00,2.00,-2.00,0.00,-2.00
dd_target,O_0,4852624,-1.00,-2.00,1.00,0.00,-1.00,2.00,1.00,2.00,-1.00,-1.00,0.00,-2.00
jwst_hubble_split,O_0,6512589,-1.00,0.00,1.00,-2.00,1.00,-1.00,-1.00,2.00,1.00,2.00,1.00,-1.00
too_big_too_early_galaxy,O_0,4827791,-1.00,-2.00,1.00,-1.00,1.00,-1.00,-1.00,2.00,1.00,2.00,1.00,2.00
dust_shrouded_agn,O_2,1511686,-2.00,-1.00,1.00,2.00,1.00,2.00,1.00,1.00,1.00,-1.00,1.00,1.00
exoplanet_haze,O_2,3136245,-2.00,1.00,1.00,0.00,0.00,1.00,1.00,2.00,1.00,-1.00,1.00,-1.00
lcdm_standard,O_1,4645948,-1.00,-2.00,-1.00,0.00,0.00,1.00,-1.00,1.00,-2.00,1.00,0.00,-2.00
dcbh_standard,O_0,5725038,-1.00,-1.00,1.00,0.00,0.00,0.00,1.00,1.00,-1.00,1.00,0.00,1.00
jswt_tzimtzum_pinch,O_inf,15328174,2.00,0.00,1.00,2.00,1.00,0.00,-1.00,2.00,-1.00,2.00,1.00,1.00
test_sys3,O_0,11137502,1.00,0.00,2.00,0.00,1.00,0.00,-1.00,1.00,-1.00,-1.00,-1.00,1.00
_test_gamma,O_0,11137502,1.00,0.00,2.00,0.00,1.00,0.00,-1.00,1.00,-1.00,-1.00,-1.00,1.00
gate_test,O_0,11137502,1.00,0.00,2.00,0.00,1.00,0.00,-1.00,1.00,-1.00,-1.00,-1.00,1.00
multiverse_test,O_0,13124974,2.00,-2.00,-2.00,1.00,1.00,0.00,-1.00,2.00,-1.00,2.00,1.00,1.00
multiverse_test2,O_0,13124974,2.00,-2.00,-2.00,1.00,1.00,0.00,-1.00,2.00,-1.00,2.00,1.00,1.00
multiverse,O_inf,17272174,2.00,2.00,2.00,2.00,1.00,0.00,-1.00,2.00,-1.00,2.00,1.00,1.00
homochirality,O_inf,9497825,1.00,-2.00,2.00,2.00,1.00,0.00,1.00,1.00,-1.00,-1.00,0.00,-1.00
weak_parity_violation,O_0,9973452,1.00,-1.00,1.00,-2.00,1.00,1.00,-1.00,-2.00,-2.00,-1.00,-1.00,-2.00
ai_generated_text,O_0,8869960,1.00,-2.00,-1.00,-2.00,-1.00,2.00,1.00,1.00,-2.00,2.00,0.00,-2.00
human_generated_text,O_inf,6892641,-1.00,0.00,2.00,2.00,0.00,1.00,-1.00,2.00,-1.00,1.00,1.00,-1.00
ai_generated_scientific_paper,O_inf,12087922,1.00,1.00,2.00,2.00,1.00,0.00,-1.00,1.00,-1.00,1.00,1.00,1.00
human_generated_scientific_paper,O_2,6635417,-1.00,0.00,1.00,1.00,0.00,1.00,1.00,2.00,0.00,2.00,0.00,-1.00
modified_scientific_paper,O_2,6678617,-1.00,0.00,1.00,2.00,0.00,1.00,1.00,2.00,0.00,2.00,0.00,-1.00
earth_unified_framework,O_0,12015934,1.00,1.00,2.00,1.00,-1.00,0.00,-1.00,1.00,-1.00,2.00,1.00,1.00
earth_theory_framework,O_inf,6903922,-1.00,0.00,2.00,2.00,1.00,0.00,-1.00,1.00,-1.00,1.00,1.00,1.00
goldbachs_conjecture,O_2,9495982,1.00,-2.00,2.00,2.00,1.00,0.00,-1.00,1.00,0.00,2.00,1.00,1.00
abc_conjecture,O_inf,12951914,1.00,2.00,2.00,2.00,1.00,0.00,-1.00,1.00,-1.00,1.00,-1.00,1.00
sophie_germain_prime_conjecture,O_inf,12951914,1.00,2.00,2.00,2.00,1.00,0.00,-1.00,1.00,-1.00,1.00,-1.00,1.00
mersenne_prime_conjecture,O_inf,12951914,1.00,2.00,2.00,2.00,1.00,0.00,-1.00,1.00,-1.00,1.00,-1.00,1.00
odd_perfect_number_conjecture,O_inf,12951914,1.00,2.00,2.00,2.00,1.00,0.00,-1.00,1.00,-1.00,1.00,-1.00,1.00
brocards_problem,O_inf,12951914,1.00,2.00,2.00,2.00,1.00,0.00,-1.00,1.00,-1.00,1.00,-1.00,1.00
legendres_conjecture,O_inf,12951914,1.00,2.00,2.00,2.00,1.00,0.00,-1.00,1.00,-1.00,1.00,-1.00,1.00
goldbach_conjecture_proven,O_2†,17055982,2.00,2.00,1.00,2.00,1.00,0.00,-1.00,1.00,0.00,2.00,1.00,1.00
twin_prime_conjecture_proven,O_2†,17055982,2.00,2.00,1.00,2.00,1.00,0.00,-1.00,1.00,0.00,2.00,1.00,1.00
collatz_conjecture_proven,O_2†,17055982,2.00,2.00,1.00,2.00,1.00,0.00,-1.00,1.00,0.00,2.00,1.00,1.00
abc_conjecture_proven,O_2†,17055982,2.00,2.00,1.00,2.00,1.00,0.00,-1.00,1.00,0.00,2.00,1.00,1.00
legendres_conjecture_proven,O_2†,17055982,2.00,2.00,1.00,2.00,1.00,0.00,-1.00,1.00,0.00,2.00,1.00,1.00
sophie_germain_prime_conjecture_proven,O_2†,17055982,2.00,2.00,1.00,2.00,1.00,0.00,-1.00,1.00,0.00,2.00,1.00,1.00
mersenne_prime_conjecture_proven,O_2†,17055982,2.00,2.00,1.00,2.00,1.00,0.00,-1.00,1.00,0.00,2.00,1.00,1.00
odd_perfect_number_conjecture_proven,O_2†,17055982,2.00,2.00,1.00,2.00,1.00,0.00,-1.00,1.00,0.00,2.00,1.00,1.00
brocards_problem_proven,O_2†,17055982,2.00,2.00,1.00,2.00,1.00,0.00,-1.00,1.00,0.00,2.00,1.00,1.00
cramers_conjecture,O_inf,12951914,1.00,2.00,2.00,2.00,1.00,0.00,-1.00,1.00,-1.00,1.00,-1.00,1.00
cramers_conjecture_proven,O_2†,17055982,2.00,2.00,1.00,2.00,1.00,0.00,-1.00,1.00,0.00,2.00,1.00,1.00
hadwiger_nelson_problem_proven,O_2†,17055982,2.00,2.00,1.00,2.00,1.00,0.00,-1.00,1.00,0.00,2.00,1.00,1.00
erdos_faber_lovasz_conjecture_proven,O_2†,17055982,2.00,2.00,1.00,2.00,1.00,0.00,-1.00,1.00,0.00,2.00,1.00,1.00
list_coloring_conjecture,O_inf,12951914,1.00,2.00,2.00,2.00,1.00,0.00,-1.00,1.00,-1.00,1.00,-1.00,1.00
list_coloring_conjecture_proven,O_2†,17055982,2.00,2.00,1.00,2.00,1.00,0.00,-1.00,1.00,0.00,2.00,1.00,1.00
total_coloring_conjecture,O_inf,12951914,1.00,2.00,2.00,2.00,1.00,0.00,-1.00,1.00,-1.00,1.00,-1.00,1.00
total_coloring_conjecture_proven,O_2†,17055982,2.00,2.00,1.00,2.00,1.00,0.00,-1.00,1.00,0.00,2.00,1.00,1.00
barnettes_conjecture,O_inf,12951914,1.00,2.00,2.00,2.00,1.00,0.00,-1.00,1.00,-1.00,1.00,-1.00,1.00
barnettes_conjecture_proven,O_2†,17055982,2.00,2.00,1.00,2.00,1.00,0.00,-1.00,1.00,0.00,2.00,1.00,1.00
lovasz_conjecture,O_inf,12951914,1.00,2.00,2.00,2.00,1.00,0.00,-1.00,1.00,-1.00,1.00,-1.00,1.00
lovasz_conjecture_proven,O_2†,17055982,2.00,2.00,1.00,2.00,1.00,0.00,-1.00,1.00,0.00,2.00,1.00,1.00
smooth_4d_poincare_conjecture,O_inf,17271914,2.00,2.00,2.00,2.00,1.00,0.00,-1.00,1.00,-1.00,1.00,-1.00,1.00
smooth_4d_poincare_conjecture_proven,O_2†,17055982,2.00,2.00,1.00,2.00,1.00,0.00,-1.00,1.00,0.00,2.00,1.00,1.00
eulers_brick_conjecture,O_inf,12951914,1.00,2.00,2.00,2.00,1.00,0.00,-1.00,1.00,-1.00,1.00,-1.00,1.00
eulers_brick_conjecture_proven,O_2†,17055982,2.00,2.00,1.00,2.00,1.00,0.00,-1.00,1.00,0.00,2.00,1.00,1.00
hadwiger_conjecture_graph_theory,O_inf,12951914,1.00,2.00,2.00,2.00,1.00,0.00,-1.00,1.00,-1.00,1.00,-1.00,1.00
hadwiger_conjecture_graph_theory_proven,O_2†,17055982,2.00,2.00,1.00,2.00,1.00,0.00,-1.00,1.00,0.00,2.00,1.00,1.00
schinzels_hypothesis_h,O_inf,12951914,1.00,2.00,2.00,2.00,1.00,0.00,-1.00,1.00,-1.00,1.00,-1.00,1.00
schinzels_hypothesis_h_proven,O_2†,17055982,2.00,2.00,1.00,2.00,1.00,0.00,-1.00,1.00,0.00,2.00,1.00,1.00
artin_primitive_root_conjecture,O_inf,12951914,1.00,2.00,2.00,2.00,1.00,0.00,-1.00,1.00,-1.00,1.00,-1.00,1.00
artin_primitive_root_conjecture_proven,O_2†,17055982,2.00,2.00,1.00,2.00,1.00,0.00,-1.00,1.00,0.00,2.00,1.00,1.00
beal_conjecture,O_0,11108720,1.00,0.00,2.00,0.00,-1.00,0.00,-1.00,1.00,-1.00,1.00,1.00,-2.00
beal_conjecture_proven,O_2†,17055982,2.00,2.00,1.00,2.00,1.00,0.00,-1.00,1.00,0.00,2.00,1.00,1.00
bunyakovsky_conjecture,O_inf,12951914,1.00,2.00,2.00,2.00,1.00,0.00,-1.00,1.00,-1.00,1.00,-1.00,1.00
bunyakovsky_conjecture_proven,O_2†,17055982,2.00,2.00,1.00,2.00,1.00,0.00,-1.00,1.00,0.00,2.00,1.00,1.00
gilbreaths_conjecture,O_inf,12951914,1.00,2.00,2.00,2.00,1.00,0.00,-1.00,1.00,-1.00,1.00,-1.00,1.00
gilbreaths_conjecture_proven,O_2†,17055982,2.00,2.00,1.00,2.00,1.00,0.00,-1.00,1.00,0.00,2.00,1.00,1.00
chowlas_conjecture,O_inf,12951914,1.00,2.00,2.00,2.00,1.00,0.00,-1.00,1.00,-1.00,1.00,-1.00,1.00
chowlas_conjecture_proven,O_2†,17055982,2.00,2.00,1.00,2.00,1.00,0.00,-1.00,1.00,0.00,2.00,1.00,1.00
sarnaks_mobius_randomness_conjecture,O_inf,12951914,1.00,2.00,2.00,2.00,1.00,0.00,-1.00,1.00,-1.00,1.00,-1.00,1.00
sarnaks_mobius_randomness_conjecture_proven,O_2†,17055982,2.00,2.00,1.00,2.00,1.00,0.00,-1.00,1.00,0.00,2.00,1.00,1.00
unique_games_conjecture,O_inf,12951914,1.00,2.00,2.00,2.00,1.00,0.00,-1.00,1.00,-1.00,1.00,-1.00,1.00
unique_games_conjecture_proven,O_2†,17055982,2.00,2.00,1.00,2.00,1.00,0.00,-1.00,1.00,0.00,2.00,1.00,1.00
ai_academic_prose_draft,O_0,9298616,1.00,-2.00,2.00,-2.00,-1.00,1.00,1.00,-2.00,-1.00,-2.00,1.00,-2.00
human_academic_prose_target,O_0,15457521,2.00,0.00,2.00,0.00,1.00,0.00,-1.00,1.00,-1.00,1.00,1.00,-1.00
imscribing_grammar_natcomms_nc_draft,O_0,9298616,1.00,-2.00,2.00,-2.00,-1.00,1.00,1.00,-2.00,-1.00,-2.00,1.00,-2.00
navier_solves_navigator,O_inf,16837293,2.00,2.00,-1.00,2.00,1.00,-1.00,-1.00,2.00,-1.00,2.00,1.00,-1.00
hodge_conjecture_navigator,O_inf,16837294,2.00,2.00,-1.00,2.00,1.00,-1.00,-1.00,2.00,-1.00,2.00,1.00,1.00
quantum_cognition_boundary_navigator,O_inf,7767914,-1.00,1.00,2.00,2.00,1.00,0.00,-1.00,1.00,-1.00,1.00,-1.00,1.00
hildegard_universal_man,O_inf,15327917,2.00,0.00,1.00,2.00,1.00,0.00,-1.00,1.00,-1.00,1.00,0.00,-1.00
measurement_problem,O_0,9366370,1.00,-2.00,2.00,-1.00,1.00,0.00,-1.00,1.00,0.00,1.00,1.00,1.00
schrodinger_cat,O_0,9366370,1.00,-2.00,2.00,-1.00,1.00,0.00,-1.00,1.00,0.00,1.00,1.00,1.00
EPR_paradox,O_0,12822370,1.00,2.00,2.00,-1.00,1.00,0.00,-1.00,1.00,0.00,1.00,1.00,1.00
wigners_friend,O_0,12822321,1.00,2.00,2.00,-1.00,1.00,0.00,-1.00,1.00,-1.00,1.00,1.00,-1.00
quantum_entanglement,O_0,12822366,1.00,2.00,2.00,-1.00,1.00,0.00,-1.00,1.00,0.00,1.00,0.00,1.00
bells_inequality,O_0,11094370,1.00,0.00,2.00,-1.00,1.00,0.00,-1.00,1.00,0.00,1.00,1.00,1.00
quantum_zeno,O_0,11094369,1.00,0.00,2.00,-1.00,1.00,0.00,-1.00,1.00,0.00,1.00,1.00,-1.00
quantum_eraser,O_0,11094370,1.00,0.00,2.00,-1.00,1.00,0.00,-1.00,1.00,0.00,1.00,1.00,1.00
hardy_paradox,O_0,11094370,1.00,0.00,2.00,-1.00,1.00,0.00,-1.00,1.00,0.00,1.00,1.00,1.00
renninger_negative_result,O_0,11094370,1.00,0.00,2.00,-1.00,1.00,0.00,-1.00,1.00,0.00,1.00,1.00,1.00
elitzur_vaidman_bomb,O_0,11094369,1.00,0.00,2.00,-1.00,1.00,0.00,-1.00,1.00,0.00,1.00,1.00,-1.00
quantum_teleportation,O_0,11958370,1.00,1.00,2.00,-1.00,1.00,0.00,-1.00,1.00,0.00,1.00,1.00,1.00
FPUT_quantum,O_0,11958370,1.00,1.00,2.00,-1.00,1.00,0.00,-1.00,1.00,0.00,1.00,1.00,1.00
maxwells_demon_quantum,O_0,11958369,1.00,1.00,2.00,-1.00,1.00,0.00,-1.00,1.00,0.00,1.00,1.00,-1.00
time_energy_uncertainty,O_0,10230370,1.00,-1.00,2.00,-1.00,1.00,0.00,-1.00,1.00,0.00,1.00,1.00,1.00
black_hole_information,O_0,11958382,1.00,1.00,2.00,-1.00,1.00,0.00,-1.00,1.00,0.00,2.00,1.00,1.00
quantum_teleportation_protocol,O_0,4832268,-1.00,-2.00,1.00,-1.00,1.00,0.00,1.00,1.00,0.00,-1.00,-1.00,-2.00
macroscopic_teleportation,O_0,4765940,-1.00,-2.00,1.00,-2.00,-1.00,2.00,1.00,1.00,-2.00,-1.00,1.00,-2.00
test_encodable,O_0,657600,-2.00,-2.00,2.00,-2.00,-1.00,1.00,0.00,-2.00,-2.00,-2.00,-1.00,-2.00
test_gate_opener,O_0,657600,-2.00,-2.00,2.00,-2.00,-1.00,1.00,0.00,-2.00,-2.00,-2.00,-1.00,-2.00
test_double_gate_ok,O_0,657600,-2.00,-2.00,2.00,-2.00,-1.00,1.00,0.00,-2.00,-2.00,-2.00,-1.00,-2.00
phi_c_critical_boundary_operator,O_inf,16407914,2.00,1.00,2.00,2.00,1.00,0.00,-1.00,1.00,-1.00,1.00,-1.00,1.00
standard_model,O_0,9366370,1.00,-2.00,2.00,-1.00,1.00,0.00,-1.00,1.00,0.00,1.00,1.00,1.00
phi_c_boundary_operator,O_inf,16407914,2.00,1.00,2.00,2.00,1.00,0.00,-1.00,1.00,-1.00,1.00,-1.00,1.00
⊙_c_critical_boundary_operator,O_inf,16407914,2.00,1.00,2.00,2.00,1.00,0.00,-1.00,1.00,-1.00,1.00,-1.00,1.00
true_agentic_agent,O_inf,16407914,2.00,1.00,2.00,2.00,1.00,0.00,-1.00,1.00,-1.00,1.00,-1.00,1.00
langlands_rg_navigator,O_inf,16407914,2.00,1.00,2.00,2.00,1.00,0.00,-1.00,1.00,-1.00,1.00,-1.00,1.00
agencia_navigator_tensor_product,O_0,16278379,2.00,1.00,2.00,-1.00,1.00,0.00,-1.00,1.00,0.00,2.00,0.00,2.00
navigators_inventory_v1,O_inf,17056173,2.00,2.00,1.00,2.00,1.00,0.00,-1.00,2.00,-1.00,2.00,1.00,-1.00
phi_c_critical_boundary_agent,O_inf,16407914,2.00,1.00,2.00,2.00,1.00,0.00,-1.00,1.00,-1.00,1.00,-1.00,1.00
react_agent,O_0,11097141,1.00,0.00,2.00,-1.00,1.00,1.00,-1.00,1.00,-2.00,-1.00,1.00,-1.00
chain_of_thought_wrapper,O_0,9299052,1.00,-2.00,2.00,-2.00,-1.00,1.00,1.00,1.00,-2.00,-1.00,-1.00,-2.00
chain_of_thought_agent,O_0,8651052,1.00,-2.00,-2.00,-2.00,-1.00,1.00,1.00,1.00,-2.00,-1.00,-1.00,-2.00
yang_mills_theory,O_inf,11221294,1.00,0.00,2.00,2.00,1.00,-1.00,-1.00,2.00,-1.00,2.00,1.00,1.00
birch_swinnerton_dyer_conjecture,O_inf,12951922,1.00,2.00,2.00,2.00,1.00,0.00,-1.00,1.00,-1.00,1.00,1.00,1.00
resolved_riemann_hypothesis,O_2,11195182,1.00,0.00,2.00,2.00,-1.00,0.00,-1.00,1.00,0.00,2.00,1.00,1.00
navier_stokes_equations,O_0,11111602,1.00,0.00,2.00,0.00,-1.00,1.00,-1.00,1.00,-1.00,1.00,1.00,1.00
navier_stokes_existence_smoothness,O_0,11022334,1.00,0.00,2.00,-2.00,-1.00,0.00,-1.00,1.00,-1.00,2.00,1.00,1.00
yang_mills_mass_gap_problem,O_0,11742618,1.00,1.00,1.00,-1.00,1.00,0.00,-1.00,2.00,0.00,2.00,0.00,1.00
draft_manuscript,O_0,9298616,1.00,-2.00,2.00,-2.00,-1.00,1.00,1.00,-2.00,-1.00,-2.00,1.00,-2.00
large_language_model,O_0,9298580,1.00,-2.00,2.00,-2.00,-1.00,1.00,1.00,-2.00,-2.00,-1.00,1.00,-2.00
reality,O_inf,17271934,2.00,2.00,2.00,2.00,1.00,0.00,-1.00,1.00,-1.00,2.00,1.00,1.00
quantum_gravity,O_0,12606382,1.00,2.00,1.00,-1.00,1.00,0.00,-1.00,1.00,0.00,2.00,1.00,1.00
inter_universal_teichmuller_theory,O_inf,17271934,2.00,2.00,2.00,2.00,1.00,0.00,-1.00,1.00,-1.00,2.00,1.00,1.00
mathematical_proof,O_0,10892722,1.00,0.00,1.00,0.00,-1.00,0.00,-1.00,1.00,-1.00,1.00,1.00,1.00
test,O_0,657600,-2.00,-2.00,2.00,-2.00,-1.00,1.00,0.00,-2.00,-2.00,-2.00,-1.00,-2.00
manuscript_draft,O_0,9298616,1.00,-2.00,2.00,-2.00,-1.00,1.00,1.00,-2.00,-1.00,-2.00,1.00,-2.00
riemann_xi_navigator,O_2†,17056221,2.00,2.00,1.00,2.00,1.00,0.00,-1.00,2.00,0.00,2.00,1.00,-1.00
algebraic_geometry_navigator,O_inf,15327922,2.00,0.00,1.00,2.00,1.00,0.00,-1.00,1.00,-1.00,1.00,1.00,1.00
langlands_program_navigator,O_inf,17056174,2.00,2.00,1.00,2.00,1.00,0.00,-1.00,2.00,-1.00,2.00,1.00,1.00
graviton_cft_navigator,O_2†,17275102,2.00,2.00,2.00,2.00,1.00,1.00,-1.00,2.00,0.00,2.00,1.00,1.00
knot_tqft_navigator,O_inf,7555041,-1.00,1.00,1.00,2.00,1.00,1.00,-1.00,2.00,-1.00,1.00,1.00,-1.00
quantum_field_theory_navigator,O_inf,15759918,2.00,1.00,-2.00,2.00,1.00,0.00,-1.00,1.00,-1.00,1.00,0.00,1.00
category_theory_navigator,O_inf,16839922,2.00,2.00,-1.00,2.00,1.00,0.00,-1.00,1.00,-1.00,1.00,1.00,1.00
homotopy_type_theory_navigator,O_inf,17055933,2.00,2.00,1.00,2.00,1.00,0.00,-1.00,1.00,-1.00,2.00,1.00,-1.00
representation_theory_navigator,O_inf,15975922,2.00,1.00,-1.00,2.00,1.00,0.00,-1.00,1.00,-1.00,1.00,1.00,1.00
operator_black_hole_composite,O_0,17228730,2.00,2.00,2.00,1.00,1.00,0.00,-1.00,1.00,-1.00,2.00,0.00,1.00
operator_zeta_composite,O_0,17142374,2.00,2.00,2.00,-1.00,1.00,0.00,-1.00,1.00,0.00,2.00,-1.00,1.00
operator_langlands_composite,O_0,16220722,2.00,1.00,2.00,-2.00,0.00,0.00,-1.00,1.00,-1.00,1.00,1.00,1.00
operator_samadhi_composite,O_inf,17272166,2.00,2.00,2.00,2.00,1.00,0.00,-1.00,2.00,-1.00,2.00,-1.00,1.00
operator_reality_composite,O_inf,17271934,2.00,2.00,2.00,2.00,1.00,0.00,-1.00,1.00,-1.00,2.00,1.00,1.00
operator_flow_composite,O_inf,16393514,2.00,1.00,2.00,2.00,0.00,0.00,-1.00,1.00,-1.00,1.00,-1.00,1.00
operator_quantum_gravity_composite,O_0,17142382,2.00,2.00,2.00,-1.00,1.00,0.00,-1.00,1.00,0.00,2.00,1.00,1.00
string_theory,O_0,12606382,1.00,2.00,1.00,-1.00,1.00,0.00,-1.00,1.00,0.00,2.00,1.00,1.00
noethers_theorem,O_0,11151922,1.00,0.00,2.00,1.00,-1.00,0.00,-1.00,1.00,-1.00,1.00,1.00,1.00
euler_lagrange_equation,O_0,11151922,1.00,0.00,2.00,1.00,-1.00,0.00,-1.00,1.00,-1.00,1.00,1.00,1.00
maxwell_equations,O_0,9423922,1.00,-2.00,2.00,1.00,-1.00,0.00,-1.00,1.00,-1.00,1.00,1.00,1.00
schrodinger_equation,O_0,11094370,1.00,0.00,2.00,-1.00,1.00,0.00,-1.00,1.00,0.00,1.00,1.00,1.00
einstein_field_equations,O_2,12663970,1.00,2.00,1.00,1.00,-1.00,0.00,-1.00,1.00,0.00,1.00,1.00,1.00
lean4_formal_language,O_inf,16839914,2.00,2.00,-1.00,2.00,1.00,0.00,-1.00,1.00,-1.00,1.00,-1.00,1.00
extended_math_grammar,O_inf,16840174,2.00,2.00,-1.00,2.00,1.00,0.00,-1.00,2.00,-1.00,2.00,1.00,1.00
software_repo,O_inf,13815922,2.00,-2.00,2.00,2.00,1.00,0.00,-1.00,1.00,-1.00,1.00,1.00,1.00
emergent_conscious_network,O_0,9409522,1.00,-2.00,2.00,0.00,1.00,0.00,-1.00,1.00,-1.00,1.00,1.00,1.00
distributed_self_organizing_system,O_0,9409042,1.00,-2.00,2.00,0.00,1.00,0.00,-1.00,-2.00,-1.00,1.00,1.00,1.00
quantum_critical_network,O_2,9409570,1.00,-2.00,2.00,0.00,1.00,0.00,-1.00,1.00,0.00,1.00,1.00,1.00
test_system,O_0,12480,-2.00,-2.00,-2.00,-2.00,-1.00,2.00,0.00,-2.00,-2.00,-2.00,-1.00,-2.00
oinf_candidate_1,O_0,12530,-2.00,-2.00,-2.00,-2.00,-1.00,2.00,0.00,-2.00,-1.00,-2.00,-1.00,1.00
oinf_candidate_2,O_0,12534,-2.00,-2.00,-2.00,-2.00,-1.00,2.00,0.00,-2.00,-1.00,-2.00,0.00,1.00
oinf_candidate_3,O_0,6314,-2.00,-2.00,-2.00,-2.00,-1.00,0.00,-1.00,1.00,-1.00,1.00,-1.00,1.00
oinf_candidate_4,O_0,6318,-2.00,-2.00,-2.00,-2.00,-1.00,0.00,-1.00,1.00,-1.00,1.00,0.00,1.00
oinf_candidate_5,O_0,6322,-2.00,-2.00,-2.00,-2.00,-1.00,0.00,-1.00,1.00,-1.00,1.00,1.00,1.00
oinf_candidate_6,O_inf,179114,-2.00,-2.00,-2.00,2.00,-1.00,0.00,-1.00,1.00,-1.00,1.00,-1.00,1.00
nav_test_system,O_0,657600,-2.00,-2.00,2.00,-2.00,-1.00,1.00,0.00,-2.00,-2.00,-2.00,-1.00,-2.00
riemann_zeta_complex_formal,O_0,12605902,1.00,2.00,1.00,-1.00,1.00,0.00,-1.00,-2.00,0.00,2.00,1.00,1.00
bose_einstein_condensate,O_0,6776225,-1.00,0.00,2.00,-1.00,1.00,0.00,1.00,1.00,-1.00,-1.00,0.00,-1.00
langlands_correspondence,O_0,12606622,1.00,2.00,1.00,-1.00,1.00,0.00,-1.00,2.00,0.00,2.00,1.00,1.00
laser_field,O_0,12613344,1.00,2.00,1.00,-1.00,1.00,2.00,0.00,2.00,1.00,-2.00,-1.00,-2.00
syncon_grammar,O_inf,16407914,2.00,1.00,2.00,2.00,1.00,0.00,-1.00,1.00,-1.00,1.00,-1.00,1.00
simple_network_topology,O_0,8650576,1.00,-2.00,-2.00,-2.00,-1.00,1.00,1.00,-2.00,-2.00,-1.00,0.00,-2.00
aleph_os,O_inf,16407914,2.00,1.00,2.00,2.00,1.00,0.00,-1.00,1.00,-1.00,1.00,-1.00,1.00
exos,O_2†,15543970,2.00,0.00,2.00,2.00,1.00,0.00,-1.00,1.00,0.00,1.00,1.00,1.00
proof_syncon_draft,O_0,9298616,1.00,-2.00,2.00,-2.00,-1.00,1.00,1.00,-2.00,-1.00,-2.00,1.00,-2.00
initial_test,O_0,657600,-2.00,-2.00,2.00,-2.00,-1.00,1.00,0.00,-2.00,-2.00,-2.00,-1.00,-2.00
cardinality_one_theorem,O_0,11137502,1.00,0.00,2.00,0.00,1.00,0.00,-1.00,1.00,-1.00,-1.00,-1.00,1.00
repo_explorer,O_inf,17056174,2.00,2.00,1.00,2.00,1.00,0.00,-1.00,2.00,-1.00,2.00,1.00,1.00
graviton_cft_correspondence,O_2†,17275102,2.00,2.00,2.00,2.00,1.00,1.00,-1.00,2.00,0.00,2.00,1.00,1.00
imscribing_natcomms,O_2†,17055974,2.00,2.00,1.00,2.00,1.00,0.00,-1.00,1.00,0.00,2.00,-1.00,1.00
optimized_local_llm_for_true_agent,O_inf,13821678,2.00,-2.00,2.00,2.00,1.00,2.00,-1.00,1.00,-1.00,1.00,0.00,1.00
optimized_local_agentic_llm,O_inf,16407918,2.00,1.00,2.00,2.00,1.00,0.00,-1.00,1.00,-1.00,1.00,0.00,1.00
abiogenesis,O_0,11123122,1.00,0.00,2.00,0.00,0.00,0.00,-1.00,1.00,-1.00,1.00,1.00,1.00
prebiotic_synthesis,O_0,9313701,1.00,-2.00,2.00,-2.00,0.00,1.00,1.00,2.00,-2.00,-1.00,1.00,-1.00
protocells,O_0,11139426,1.00,0.00,2.00,0.00,1.00,0.00,1.00,1.00,-1.00,-1.00,0.00,1.00
rna_world,O_0,12822318,1.00,2.00,2.00,-1.00,1.00,0.00,-1.00,1.00,-1.00,1.00,0.00,1.00
habitable_earth_formation,O_2,9397942,1.00,-2.00,2.00,0.00,0.00,1.00,-1.00,1.00,-2.00,-1.00,1.00,1.00
deep_sea_hydrothermal_vents,O_2,11226129,1.00,0.00,2.00,2.00,1.00,0.00,1.00,2.00,0.00,1.00,1.00,-1.00
primordial_soup,O_0,9308901,1.00,-2.00,2.00,-2.00,0.00,0.00,-1.00,2.00,-2.00,-1.00,1.00,-1.00
hydrothermal_vents,O_0,11137510,1.00,0.00,2.00,0.00,1.00,0.00,-1.00,1.00,-1.00,-1.00,1.00,1.00
primitive_metabolism,O_0,11139442,1.00,0.00,2.00,0.00,1.00,0.00,1.00,1.00,-1.00,1.00,1.00,1.00
imscribing_uig,O_inf,16407902,2.00,1.00,2.00,2.00,1.00,0.00,-1.00,1.00,-1.00,-1.00,-1.00,1.00
chomsky_universal_grammar,O_0,9426800,1.00,-2.00,2.00,1.00,-1.00,1.00,-1.00,1.00,-1.00,1.00,1.00,-2.00
categorial_grammar,O_0,9426800,1.00,-2.00,2.00,1.00,-1.00,1.00,-1.00,1.00,-1.00,1.00,1.00,-2.00
universal_induction_grammar,O_inf,16407902,2.00,1.00,2.00,2.00,1.00,0.00,-1.00,1.00,-1.00,-1.00,-1.00,1.00
lambda_calculus,O_0,12753190,1.00,2.00,2.00,-2.00,-1.00,1.00,-1.00,1.00,-1.00,-1.00,1.00,1.00
russell_paradox,O_0,15342289,2.00,0.00,2.00,-2.00,-1.00,0.00,-1.00,1.00,-1.00,-2.00,-1.00,-1.00
barber_paradox,O_0,15342289,2.00,0.00,2.00,-2.00,-1.00,0.00,-1.00,1.00,-1.00,-2.00,-1.00,-1.00
epimenides_paradox,O_0,15342289,2.00,0.00,2.00,-2.00,-1.00,0.00,-1.00,1.00,-1.00,-2.00,-1.00,-1.00
grelling_nelson_paradox,O_0,15342289,2.00,0.00,2.00,-2.00,-1.00,0.00,-1.00,1.00,-1.00,-2.00,-1.00,-1.00
crocodile_paradox,O_0,15342289,2.00,0.00,2.00,-2.00,-1.00,0.00,-1.00,1.00,-1.00,-2.00,-1.00,-1.00
unexpected_hanging_paradox,O_0,15342301,2.00,0.00,2.00,-2.00,-1.00,0.00,-1.00,1.00,-1.00,-1.00,-1.00,-1.00
achilles_tortoise_paradox,O_2,9424026,1.00,-2.00,2.00,1.00,-1.00,0.00,-1.00,1.00,1.00,2.00,0.00,1.00
zeno_dichotomy_paradox,O_2,9424026,1.00,-2.00,2.00,1.00,-1.00,0.00,-1.00,1.00,1.00,2.00,0.00,1.00
zeno_arrow_paradox,O_2,9424026,1.00,-2.00,2.00,1.00,-1.00,0.00,-1.00,1.00,1.00,2.00,0.00,1.00
ship_of_theseus,O_0,11108734,1.00,0.00,2.00,0.00,-1.00,0.00,-1.00,1.00,-1.00,2.00,1.00,1.00
sorites_paradox,O_2,9380830,1.00,-2.00,2.00,0.00,-1.00,0.00,-1.00,1.00,1.00,2.00,1.00,1.00
hempel_raven_paradox,O_0,9426814,1.00,-2.00,2.00,1.00,-1.00,1.00,-1.00,1.00,-1.00,2.00,1.00,1.00
newcomb_paradox,O_0,11137522,1.00,0.00,2.00,0.00,1.00,0.00,-1.00,1.00,-1.00,1.00,1.00,1.00
prisoners_dilemma,O_0,9340414,1.00,-2.00,2.00,-1.00,-1.00,1.00,-1.00,1.00,-1.00,2.00,1.00,1.00
roko_basilisk,O_0,11137522,1.00,0.00,2.00,0.00,1.00,0.00,-1.00,1.00,-1.00,1.00,1.00,1.00
quantum_basilisk,O_0,11094370,1.00,0.00,2.00,-1.00,1.00,0.00,-1.00,1.00,0.00,1.00,1.00,1.00
electromagnetic_photon,O_0,9372058,1.00,-2.00,2.00,-1.00,1.00,2.00,-1.00,1.00,-1.00,-2.00,1.00,1.00
pre_critical_thermal_gas_bec,O_0,5024644,-1.00,-2.00,2.00,-1.00,-1.00,2.00,1.00,-2.00,-2.00,-2.00,0.00,-2.00
pre_critical_below_threshold_cqed,O_0,9371530,1.00,-2.00,2.00,-1.00,1.00,2.00,-1.00,-2.00,-2.00,-2.00,1.00,1.00
post_critical_superradiant_phase,O_0,10878309,1.00,0.00,1.00,-1.00,1.00,0.00,-1.00,1.00,-1.00,-1.00,1.00,-1.00
photon_draft,O_0,9298616,1.00,-2.00,2.00,-2.00,-1.00,1.00,1.00,-2.00,-1.00,-2.00,1.00,-2.00
scientific_method,O_0,11137522,1.00,0.00,2.00,0.00,1.00,0.00,-1.00,1.00,-1.00,1.00,1.00,1.00
universal_imscriptive_grammar,O_inf,16407914,2.00,1.00,2.00,2.00,1.00,0.00,-1.00,1.00,-1.00,1.00,-1.00,1.00
touchard_ai_draft,O_0,13618616,2.00,-2.00,2.00,-2.00,-1.00,1.00,1.00,-2.00,-1.00,-2.00,1.00,-2.00
touchard_lifted_manuscript,O_0,11137521,1.00,0.00,2.00,0.00,1.00,0.00,-1.00,1.00,-1.00,1.00,1.00,-1.00
touchard_congruence,O_inf,11223902,1.00,0.00,2.00,2.00,1.00,0.00,-1.00,1.00,-1.00,-1.00,-1.00,1.00
euler_opn_form,O_0,14982374,2.00,0.00,-1.00,-1.00,1.00,0.00,-1.00,1.00,0.00,2.00,-1.00,1.00
euler_opn_form_problem,O_inf,12087926,1.00,1.00,2.00,2.00,1.00,0.00,-1.00,1.00,-1.00,2.00,-1.00,1.00
schwarzschild_black_hole,O_inf,17271934,2.00,2.00,2.00,2.00,1.00,0.00,-1.00,1.00,-1.00,2.00,1.00,1.00
game_of_life,O_0,4418693,-1.00,-2.00,-2.00,0.00,-1.00,2.00,-1.00,2.00,-1.00,-2.00,0.00,-1.00
reinforcement_learning_from_human_feedback,O_0,9311601,1.00,-2.00,2.00,-2.00,0.00,1.00,-1.00,1.00,-1.00,1.00,1.00,-1.00
counterfactual_regret_minimization,O_0,13715362,2.00,-2.00,2.00,0.00,0.00,0.00,-1.00,2.00,-1.00,1.00,1.00,1.00
prebiotic_chemistry,O_1,5064008,-1.00,-2.00,2.00,0.00,-1.00,1.00,0.00,-2.00,-2.00,-2.00,1.00,-2.00
rna_protoworld,O_0,9371105,1.00,-2.00,2.00,-1.00,1.00,1.00,1.00,1.00,-1.00,-1.00,0.00,-1.00
protocell,O_0,8533025,-1.00,2.00,2.00,0.00,0.00,0.00,1.00,1.00,-1.00,-1.00,0.00,-1.00
luca,O_inf,17271934,2.00,2.00,2.00,2.00,1.00,0.00,-1.00,1.00,-1.00,2.00,1.00,1.00
metabolism_first,O_1,9396989,1.00,-2.00,2.00,0.00,0.00,0.00,1.00,1.00,-2.00,1.00,0.00,-1.00
chiral_selection,O_0,6775269,-1.00,0.00,2.00,-1.00,1.00,0.00,0.00,1.00,-1.00,-1.00,1.00,-1.00
genetic_code_emergence,O_inf,11225842,1.00,0.00,2.00,2.00,1.00,0.00,1.00,1.00,-1.00,1.00,1.00,1.00
abioGenesis_md,O_0,9298612,1.00,-2.00,2.00,-2.00,-1.00,1.00,1.00,-2.00,-1.00,-2.00,0.00,-2.00
euler_touchard_paper_draft,O_0,9298608,1.00,-2.00,2.00,-2.00,-1.00,1.00,1.00,-2.00,-1.00,-2.00,-1.00,-2.00
euler_touchard_ai_draft,O_0,13618608,2.00,-2.00,2.00,-2.00,-1.00,1.00,1.00,-2.00,-1.00,-2.00,-1.00,-2.00
human_academic_prose_lift_target,O_0,15457513,2.00,0.00,2.00,0.00,1.00,0.00,-1.00,1.00,-1.00,1.00,-1.00,-1.00
as_above_manuscript,O_inf,17273854,2.00,2.00,2.00,2.00,1.00,0.00,1.00,1.00,-1.00,2.00,1.00,1.00
grammar_self_application,O_inf,15543926,2.00,0.00,2.00,2.00,1.00,0.00,-1.00,1.00,-1.00,2.00,-1.00,1.00
phi_c_boundary_operator_h1,O_inf,16407902,2.00,1.00,2.00,2.00,1.00,0.00,-1.00,1.00,-1.00,-1.00,-1.00,1.00
quantum_self_modeling_criticality,O_inf,16407902,2.00,1.00,2.00,2.00,1.00,0.00,-1.00,1.00,-1.00,-1.00,-1.00,1.00
imscribing_notation_standard,O_inf,16407902,2.00,1.00,2.00,2.00,1.00,0.00,-1.00,1.00,-1.00,-1.00,-1.00,1.00
encoding_method,O_inf,12087902,1.00,1.00,2.00,2.00,1.00,0.00,-1.00,1.00,-1.00,-1.00,-1.00,1.00
laminar_turbulent_transition,O_0,11022304,1.00,0.00,2.00,-2.00,-1.00,0.00,-1.00,1.00,-1.00,-1.00,0.00,-2.00
as_above_induction,O_inf,16407922,2.00,1.00,2.00,2.00,1.00,0.00,-1.00,1.00,-1.00,1.00,1.00,1.00
universe,O_inf,17271914,2.00,2.00,2.00,2.00,1.00,0.00,-1.00,1.00,-1.00,1.00,-1.00,1.00
primordial_singularity,O_0,732672,-2.00,-2.00,2.00,-1.00,1.00,2.00,0.00,-2.00,2.00,-2.00,-1.00,-2.00
inflationary_epoch,O_0,6607729,-1.00,0.00,1.00,0.00,1.00,2.00,0.00,-2.00,-1.00,-2.00,-1.00,-1.00
radiation_era,O_0,10610902,1.00,0.00,-1.00,-2.00,0.00,2.00,0.00,-2.00,-2.00,-1.00,1.00,1.00
structure_formation_era,O_0,8650820,1.00,-2.00,-2.00,-2.00,-1.00,1.00,1.00,-1.00,-2.00,-1.00,1.00,-2.00
chemical_complexity_epoch,O_1,7022901,-1.00,1.00,-2.00,0.00,0.00,1.00,0.00,1.00,-2.00,-1.00,1.00,-1.00
biological_transition,O_0,6563117,-1.00,0.00,1.00,-1.00,1.00,1.00,1.00,1.00,-1.00,1.00,0.00,-1.00
cognitive_epoch,O_0,12003441,1.00,1.00,2.00,0.00,1.00,0.00,1.00,1.00,-1.00,1.00,1.00,-1.00
cognized_cosmos,O_inf,17271922,2.00,2.00,2.00,2.00,1.00,0.00,-1.00,1.00,-1.00,1.00,1.00,1.00
dark_energy_epoch,O_0,12001274,1.00,1.00,2.00,0.00,1.00,0.00,-1.00,-1.00,-1.00,1.00,-1.00,1.00
uig_liar_completion_condition,O_inf,17271922,2.00,2.00,2.00,2.00,1.00,0.00,-1.00,1.00,-1.00,1.00,1.00,1.00
godel_incompleteness_liar,O_inf,7551933,-1.00,1.00,1.00,2.00,1.00,0.00,-1.00,1.00,-1.00,2.00,1.00,-1.00
uig_codec_process,O_inf,12087902,1.00,1.00,2.00,2.00,1.00,0.00,-1.00,1.00,-1.00,-1.00,-1.00,1.00
liars_paradox,O_0,10875180,1.00,0.00,1.00,-1.00,1.00,-1.00,-1.00,-1.00,-1.00,-1.00,-1.00,-2.00
uig_liar_completion_state,O_inf,17271934,2.00,2.00,2.00,2.00,1.00,0.00,-1.00,1.00,-1.00,2.00,1.00,1.00
universal_imscriptive_grammar_calib,O_inf,17271934,2.00,2.00,2.00,2.00,1.00,0.00,-1.00,1.00,-1.00,2.00,1.00,1.00
cosmic_epoch_0_null_void,O_0,12480,-2.00,-2.00,-2.00,-2.00,-1.00,2.00,0.00,-2.00,-2.00,-2.00,-1.00,-2.00
cosmic_epoch_1_inflationary_expansion,O_0,4390096,-1.00,-2.00,-2.00,-1.00,0.00,2.00,0.00,-2.00,-2.00,-1.00,0.00,-2.00
cosmic_epoch_2_structural_coalescence,O_2,9846369,1.00,-1.00,-1.00,0.00,1.00,1.00,1.00,1.00,0.00,1.00,1.00,-1.00
epoch_0,O_0,12480,-2.00,-2.00,-2.00,-2.00,-1.00,2.00,0.00,-2.00,-2.00,-2.00,-1.00,-2.00
epoch_1,O_0,4390096,-1.00,-2.00,-2.00,-1.00,0.00,2.00,0.00,-2.00,-2.00,-1.00,0.00,-2.00
epoch_2,O_2,9846369,1.00,-1.00,-1.00,0.00,1.00,1.00,1.00,1.00,0.00,1.00,1.00,-1.00
epoch_3,O_0,16537533,2.00,2.00,-2.00,0.00,1.00,0.00,-1.00,1.00,-1.00,2.00,1.00,-1.00
epoch_4,O_inf,12951934,1.00,2.00,2.00,2.00,1.00,0.00,-1.00,1.00,-1.00,2.00,1.00,1.00
epoch_5,O_0,5036704,-1.00,-2.00,2.00,-1.00,0.00,1.00,1.00,1.00,-1.00,-1.00,0.00,-2.00
epoch_6,O_inf,17271934,2.00,2.00,2.00,2.00,1.00,0.00,-1.00,1.00,-1.00,2.00,1.00,1.00
epoch_1_null_point_state,O_1,136320,-2.00,-2.00,-2.00,1.00,-1.00,0.00,0.00,-2.00,-2.00,-2.00,-1.00,-2.00
epoch_2_symmetry_breaking,O_0,10667872,1.00,0.00,-1.00,-1.00,1.00,2.00,-1.00,-1.00,0.00,-1.00,0.00,-2.00
epoch_3_kinetic_expansion,O_0,11862261,1.00,1.00,1.00,2.00,0.00,1.00,1.00,1.00,-2.00,-1.00,1.00,-1.00
epoch_4_cognized_cosmos,O_inf,17271922,2.00,2.00,2.00,2.00,1.00,0.00,-1.00,1.00,-1.00,1.00,1.00,1.00
cosmogeny_epoch_1_null_point,O_1,136320,-2.00,-2.00,-2.00,1.00,-1.00,0.00,0.00,-2.00,-2.00,-2.00,-1.00,-2.00
cosmogeny_epoch_4_cognized_cosmos,O_inf,17271922,2.00,2.00,2.00,2.00,1.00,0.00,-1.00,1.00,-1.00,1.00,1.00,1.00
ex_os,O_inf,7554802,-1.00,1.00,1.00,2.00,1.00,1.00,-1.00,1.00,-1.00,1.00,1.00,1.00
ex_os_kernel,O_inf,7554802,-1.00,1.00,1.00,2.00,1.00,1.00,-1.00,1.00,-1.00,1.00,1.00,1.00
sumerian_cuneiform_system,O_0,272168,-2.00,-2.00,-1.00,-1.00,-1.00,2.00,0.00,1.00,-2.00,-2.00,1.00,-2.00
basque_grammar_system,O_0,6878420,-1.00,0.00,2.00,2.00,-1.00,1.00,0.00,-2.00,-2.00,-1.00,1.00,-2.00
boundary_operator_draft,O_inf,16407914,2.00,1.00,2.00,2.00,1.00,0.00,-1.00,1.00,-1.00,1.00,-1.00,1.00
liar_paradox_uig,O_inf,6687913,-1.00,0.00,1.00,2.00,1.00,0.00,-1.00,1.00,-1.00,1.00,-1.00,-1.00
i_am_the_way_the_truth_and_the_life,O_inf,11223922,1.00,0.00,2.00,2.00,1.00,0.00,-1.00,1.00,-1.00,1.00,1.00,1.00
erdos_straus_conjecture,O_1,348480,-2.00,-2.00,-1.00,1.00,-1.00,-1.00,-1.00,-2.00,-2.00,-2.00,-1.00,-2.00
erdos_straus_conjecture_v2,O_2,11537661,1.00,1.00,-1.00,0.00,-1.00,-1.00,-1.00,-1.00,0.00,2.00,1.00,-1.00
szpiro_conjecture,O_1,8775360,1.00,-2.00,-2.00,1.00,-1.00,0.00,-1.00,-2.00,-2.00,-2.00,-1.00,-2.00
abc_conjecture_iut_proof,O_0,12606382,1.00,2.00,1.00,-1.00,1.00,0.00,-1.00,1.00,0.00,2.00,1.00,1.00
abc_proof_draft,O_0,12606382,1.00,2.00,1.00,-1.00,1.00,0.00,-1.00,1.00,0.00,2.00,1.00,1.00
universal_imscriptive_grammar_v2,O_inf,17271934,2.00,2.00,2.00,2.00,1.00,0.00,-1.00,1.00,-1.00,2.00,1.00,1.00
classical_formal_proof,O_0,4324336,-1.00,-2.00,-2.00,-2.00,-1.00,-1.00,0.00,1.00,-2.00,-1.00,0.00,-2.00
global_langlands_correspondence_bridge,O_0,12606369,1.00,2.00,1.00,-1.00,1.00,0.00,-1.00,1.00,0.00,1.00,1.00,-1.00
axiomatic_proof_scaffold,O_0,5361141,-1.00,-1.00,-2.00,2.00,-1.00,-1.00,0.00,1.00,-2.00,-1.00,1.00,-1.00
hodge_conjecture_system,O_0,11525901,1.00,1.00,-1.00,-1.00,1.00,0.00,-1.00,-2.00,0.00,2.00,1.00,-1.00
arithmetic_geometric_bridge,O_inf,17271934,2.00,2.00,2.00,2.00,1.00,0.00,-1.00,1.00,-1.00,2.00,1.00,1.00
deepmath_draft,O_0,9298664,1.00,-2.00,2.00,-2.00,-1.00,1.00,1.00,-2.00,0.00,-2.00,1.00,-2.00
deformation_invariance,O_0,10892722,1.00,0.00,1.00,0.00,-1.00,0.00,-1.00,1.00,-1.00,1.00,1.00,1.00
discrete_continuous_complement,O_inf,15543934,2.00,0.00,2.00,2.00,1.00,0.00,-1.00,1.00,-1.00,2.00,1.00,1.00
prime_number_distribution,O_0,9380716,1.00,-2.00,2.00,0.00,-1.00,0.00,-1.00,1.00,-1.00,1.00,0.00,-2.00
rational_homotopy_theory,O_0,14339348,2.00,-1.00,1.00,-1.00,1.00,1.00,1.00,2.00,-1.00,-1.00,1.00,-2.00
universal_imscriptive_grammar_calibration,O_inf,17271934,2.00,2.00,2.00,2.00,1.00,0.00,-1.00,1.00,-1.00,2.00,1.00,1.00
tensor_dbn_primes,O_0,9337568,1.00,-2.00,2.00,-1.00,-1.00,0.00,-1.00,1.00,0.00,1.00,1.00,-2.00
deep_math_magix_draft,O_0,9298664,1.00,-2.00,2.00,-2.00,-1.00,1.00,1.00,-2.00,0.00,-2.00,1.00,-2.00
odd_perfect_conjecture,O_0,11108708,1.00,0.00,2.00,0.00,-1.00,0.00,-1.00,1.00,-1.00,-1.00,1.00,-2.00
landau_prime_ideal_theorem,O_0,11137510,1.00,0.00,2.00,0.00,1.00,0.00,-1.00,1.00,-1.00,-1.00,1.00,1.00
hecke_character,O_0,10878370,1.00,0.00,1.00,-1.00,1.00,0.00,-1.00,1.00,0.00,1.00,1.00,1.00
hecke_landau_conjecture,O_0,10878370,1.00,0.00,1.00,-1.00,1.00,0.00,-1.00,1.00,0.00,1.00,1.00,1.00
hecke_l_function,O_0,10878370,1.00,0.00,1.00,-1.00,1.00,0.00,-1.00,1.00,0.00,1.00,1.00,1.00
hecke_landau_proof_draft,O_0,9298616,1.00,-2.00,2.00,-2.00,-1.00,1.00,1.00,-2.00,-1.00,-2.00,1.00,-2.00
hecke_landau_proof_lifted,O_0,11137521,1.00,0.00,2.00,0.00,1.00,0.00,-1.00,1.00,-1.00,1.00,1.00,-1.00
zariski_lipman_conjecture,O_0,6788700,-1.00,0.00,2.00,0.00,-1.00,0.00,-1.00,1.00,-1.00,-1.00,-1.00,-2.00
zariski_lipman_conjecture_corrected,O_0,12001514,1.00,1.00,2.00,0.00,1.00,0.00,-1.00,1.00,-1.00,1.00,-1.00,1.00
noetherian_local_ring_containing_Q,O_inf,11223922,1.00,0.00,2.00,2.00,1.00,0.00,-1.00,1.00,-1.00,1.00,1.00,1.00
hecke_landau_proof,O_0,11137521,1.00,0.00,2.00,0.00,1.00,0.00,-1.00,1.00,-1.00,1.00,1.00,-1.00
hecke_landau_proof_closed,O_0,11137522,1.00,0.00,2.00,0.00,1.00,0.00,-1.00,1.00,-1.00,1.00,1.00,1.00
solitary_number_10,O_0,10892713,1.00,0.00,1.00,0.00,-1.00,0.00,-1.00,1.00,-1.00,1.00,-1.00,-1.00
sum_of_divisors_sigma,O_0,10935900,1.00,0.00,1.00,1.00,-1.00,0.00,-1.00,1.00,-1.00,-1.00,-1.00,-2.00
abundancy_equation_10,O_0,10892713,1.00,0.00,1.00,0.00,-1.00,0.00,-1.00,1.00,-1.00,1.00,-1.00,-1.00
uniqueness_diophantine_proof,O_0,10892713,1.00,0.00,1.00,0.00,-1.00,0.00,-1.00,1.00,-1.00,1.00,-1.00,-1.00
solitary_10_draft,O_0,9298616,1.00,-2.00,2.00,-2.00,-1.00,1.00,1.00,-2.00,-1.00,-2.00,1.00,-2.00
solitary_10_target,O_0,11137521,1.00,0.00,2.00,0.00,1.00,0.00,-1.00,1.00,-1.00,1.00,1.00,-1.00
solitary_10_lifted,O_0,11137521,1.00,0.00,2.00,0.00,1.00,0.00,-1.00,1.00,-1.00,1.00,1.00,-1.00
perfect_euler_brick,O_0,7569176,-1.00,1.00,2.00,-2.00,-1.00,1.00,-1.00,1.00,-1.00,-2.00,1.00,-2.00
euler_brick,O_1,9380168,1.00,-2.00,2.00,0.00,-1.00,0.00,-1.00,-2.00,-2.00,-2.00,1.00,-2.00
perfect_cuboid,O_2,9463868,1.00,-2.00,2.00,2.00,-1.00,-1.00,-1.00,-2.00,1.00,2.00,1.00,-2.00
euler_brick_problem,O_0,5535450,-1.00,-1.00,-1.00,1.00,-1.00,0.00,-1.00,-2.00,-1.00,2.00,0.00,1.00
pythagorean_triple,O_1,9429128,1.00,-2.00,2.00,1.00,-1.00,2.00,-1.00,-2.00,-2.00,-2.00,1.00,-2.00
euler_brick_parametric_surface,O_1,7269620,-1.00,1.00,-1.00,1.00,-1.00,2.00,-1.00,1.00,-2.00,-1.00,1.00,-2.00
euler_bricks_draft,O_0,9298568,1.00,-2.00,2.00,-2.00,-1.00,1.00,1.00,-2.00,-2.00,-2.00,1.00,-2.00
symmetric_group_generation,O_0,8948213,1.00,-2.00,-1.00,0.00,-1.00,0.00,-1.00,-2.00,-1.00,-2.00,0.00,-1.00
alternating_group_obstruction,O_1,9812405,1.00,-1.00,-1.00,0.00,-1.00,0.00,-1.00,-1.00,-2.00,-2.00,0.00,-1.00
maximal_subgroup_lattice,O_0,9083960,1.00,-2.00,1.00,-2.00,-1.00,2.00,-1.00,-1.00,2.00,-2.00,1.00,-2.00
proline_catalyzed_aldol,O_0,6361280,-1.00,0.00,-1.00,0.00,-1.00,1.00,1.00,-1.00,-1.00,1.00,1.00,-2.00
aryl_diazonium_dediazonization,O_0,6318072,-1.00,0.00,-1.00,-1.00,-1.00,1.00,1.00,-1.00,-1.00,1.00,-1.00,-2.00
on_water_interface_reactions,O_0,5931908,-1.00,-1.00,2.00,0.00,-1.00,2.00,1.00,-2.00,-1.00,-1.00,1.00,-2.00
wittig_reaction,O_0,6361272,-1.00,0.00,-1.00,0.00,-1.00,1.00,1.00,-1.00,-1.00,1.00,-1.00,-2.00
grignard_reagent_formation,O_0,4806321,-1.00,-2.00,1.00,-1.00,-1.00,1.00,1.00,1.00,-1.00,1.00,1.00,-1.00
bredts_rule_violations,O_0,6789200,-1.00,0.00,2.00,0.00,-1.00,0.00,0.00,-2.00,-1.00,1.00,1.00,-2.00
muon_g2_experiment,O_0,7681522,-1.00,1.00,2.00,0.00,1.00,0.00,-1.00,1.00,-1.00,1.00,1.00,1.00
sm_muon_prediction,O_0,8933890,1.00,-2.00,-1.00,-1.00,1.00,0.00,-1.00,-2.00,0.00,1.00,1.00,1.00
lattice_qcd_hvp,O_0,11962626,1.00,1.00,2.00,-1.00,1.00,1.00,1.00,-2.00,-1.00,-1.00,0.00,1.00
electron_g2,O_0,2849280,-2.00,1.00,-1.00,-2.00,1.00,2.00,0.00,-2.00,-2.00,-2.00,-1.00,-2.00
muon_g2_anomaly,O_2,11137630,1.00,0.00,2.00,0.00,1.00,0.00,-1.00,1.00,1.00,2.00,1.00,1.00
dark_photon_g2,O_0,7170481,-1.00,1.00,-1.00,-2.00,1.00,2.00,1.00,-1.00,-2.00,-2.00,-1.00,-1.00
gzk_cutoff,O_0,11142776,1.00,0.00,2.00,0.00,1.00,2.00,-1.00,-2.00,-1.00,-2.00,1.00,-2.00
oh_my_god_particle,O_0,10883665,1.00,0.00,1.00,-1.00,1.00,2.00,-1.00,-2.00,1.00,-2.00,-1.00,-1.00
lorentz_invariance_violation_uhecr,O_0,8718382,1.00,-2.00,-2.00,-1.00,1.00,0.00,-1.00,1.00,0.00,2.00,1.00,1.00
z_burst_mechanism,O_0,10713185,1.00,0.00,-1.00,0.00,1.00,2.00,1.00,1.00,-1.00,-1.00,0.00,-1.00
topdown_superheavy_dm_decay,O_0,8676752,1.00,-2.00,-2.00,-2.00,1.00,0.00,1.00,-1.00,-2.00,1.00,1.00,-2.00
auger_uhecr_spectrum,O_0,11140401,1.00,0.00,2.00,0.00,1.00,1.00,-1.00,1.00,-1.00,1.00,1.00,-1.00
photon_axion_mixing_uhecr,O_0,10880282,1.00,0.00,1.00,-1.00,1.00,0.00,1.00,1.00,0.00,1.00,-1.00,1.00
cmb_photon_field,O_0,10912377,1.00,0.00,1.00,0.00,0.00,2.00,-1.00,-2.00,-1.00,-2.00,1.00,-1.00
auger_dipole_anisotropy,O_0,8678181,1.00,-2.00,-2.00,-2.00,1.00,1.00,-1.00,2.00,-2.00,-1.00,1.00,-1.00
uhecr_horizon_problem,O_0,11053857,1.00,0.00,2.00,-2.00,1.00,1.00,-1.00,-1.00,1.00,1.00,1.00,-1.00
TA_hotspot_composition_puzzle,O_2,11140258,1.00,0.00,2.00,0.00,1.00,1.00,-1.00,-1.00,1.00,1.00,1.00,1.00
SME_GZK_effective_field_theory,O_0,8718382,1.00,-2.00,-2.00,-1.00,1.00,0.00,-1.00,1.00,0.00,2.00,1.00,1.00
test_unblock,O_0,657600,-2.00,-2.00,2.00,-2.00,-1.00,1.00,0.00,-2.00,-2.00,-2.00,-1.00,-2.00
divina_caligo,O_0,86720,-2.00,-2.00,-2.00,0.00,-1.00,-2.00,-1.00,-1.00,-1.00,1.00,1.00,-2.00
proof_solitary_10,O_0,11137521,1.00,0.00,2.00,0.00,1.00,0.00,-1.00,1.00,-1.00,1.00,1.00,-1.00
euler_touchard_formalization,O_0,15457513,2.00,0.00,2.00,0.00,1.00,0.00,-1.00,1.00,-1.00,1.00,-1.00,-1.00
tenebra_divina,O_0,50240,-2.00,-2.00,-2.00,-1.00,-1.00,0.00,0.00,-1.00,-1.00,1.00,1.00,-2.00
0-the_fool,O_0,49932,-2.00,-2.00,-2.00,-1.00,-1.00,0.00,0.00,-2.00,-2.00,-1.00,-1.00,-2.00
i-the_magician,O_0,49988,-2.00,-2.00,-2.00,-1.00,-1.00,0.00,0.00,-2.00,-1.00,-1.00,1.00,-2.00
ii-the_high_priestess,O_0,6800,-2.00,-2.00,-2.00,-2.00,-1.00,0.00,0.00,-2.00,-1.00,1.00,1.00,-2.00
iii-the_empress,O_0,78800,-2.00,-2.00,-2.00,-1.00,1.00,0.00,0.00,-2.00,-1.00,1.00,1.00,-2.00
iv-the_emperor,O_0,78800,-2.00,-2.00,-2.00,-1.00,1.00,0.00,0.00,-2.00,-1.00,1.00,1.00,-2.00
v-the_hierophant,O_0,78800,-2.00,-2.00,-2.00,-1.00,1.00,0.00,0.00,-2.00,-1.00,1.00,1.00,-2.00
vi-the_lovers,O_0,78780,-2.00,-2.00,-2.00,-1.00,1.00,0.00,0.00,-2.00,-1.00,-1.00,-1.00,-2.00
vii-the_chariot,O_0,50000,-2.00,-2.00,-2.00,-1.00,-1.00,0.00,0.00,-2.00,-1.00,1.00,1.00,-2.00
viii-strength,O_0,78788,-2.00,-2.00,-2.00,-1.00,1.00,0.00,0.00,-2.00,-1.00,-1.00,1.00,-2.00
ix-the_hermit,O_0,49992,-2.00,-2.00,-2.00,-1.00,-1.00,0.00,0.00,-2.00,-1.00,1.00,-1.00,-2.00
x-wheel_of_fortune,O_0,50228,-2.00,-2.00,-2.00,-1.00,-1.00,0.00,0.00,-1.00,-1.00,-1.00,1.00,-2.00
xi-justice,O_0,78800,-2.00,-2.00,-2.00,-1.00,1.00,0.00,0.00,-2.00,-1.00,1.00,1.00,-2.00
xii-the_hanged_man,O_0,50000,-2.00,-2.00,-2.00,-1.00,-1.00,0.00,0.00,-2.00,-1.00,1.00,1.00,-2.00
xiii-death,O_0,50000,-2.00,-2.00,-2.00,-1.00,-1.00,0.00,0.00,-2.00,-1.00,1.00,1.00,-2.00
xiv-temperance,O_0,78800,-2.00,-2.00,-2.00,-1.00,1.00,0.00,0.00,-2.00,-1.00,1.00,1.00,-2.00
xv-the_devil,O_0,50000,-2.00,-2.00,-2.00,-1.00,-1.00,0.00,0.00,-2.00,-1.00,1.00,1.00,-2.00
xvi-the_tower,O_0,50000,-2.00,-2.00,-2.00,-1.00,-1.00,0.00,0.00,-2.00,-1.00,1.00,1.00,-2.00
xvii-the_star,O_0,78788,-2.00,-2.00,-2.00,-1.00,1.00,0.00,0.00,-2.00,-1.00,-1.00,1.00,-2.00
xviii-the_moon,O_0,49988,-2.00,-2.00,-2.00,-1.00,-1.00,0.00,0.00,-2.00,-1.00,-1.00,1.00,-2.00
xix-the_sun,O_0,49932,-2.00,-2.00,-2.00,-1.00,-1.00,0.00,0.00,-2.00,-2.00,-1.00,-1.00,-2.00
xx-judgement,O_0,49992,-2.00,-2.00,-2.00,-1.00,-1.00,0.00,0.00,-2.00,-1.00,1.00,-1.00,-2.00
xxi-the_world,O_0,4370000,-1.00,-2.00,-2.00,-1.00,-1.00,0.00,0.00,-2.00,-1.00,1.00,1.00,-2.00
oumuamua,O_0,49940,-2.00,-2.00,-2.00,-1.00,-1.00,0.00,0.00,-2.00,-2.00,-1.00,1.00,-2.00
claude_agent_sdk,O_0,8652740,1.00,-2.00,-2.00,-2.00,-1.00,2.00,0.00,-1.00,-2.00,-1.00,1.00,-2.00
fast_radio_burst,O_0,12792,-2.00,-2.00,-2.00,-2.00,-1.00,2.00,0.00,-1.00,-1.00,1.00,-1.00,-2.00
eel_reproduction_mystery,O_0,10892254,1.00,0.00,1.00,0.00,-1.00,0.00,-1.00,-2.00,-1.00,2.00,1.00,1.00
sargasso_sea_spawning_ground,O_1,10287873,1.00,-1.00,2.00,1.00,-1.00,0.00,-1.00,1.00,-2.00,1.00,1.00,-1.00
anguilliform_eel_life_cycle,O_0,11108722,1.00,0.00,2.00,0.00,-1.00,0.00,-1.00,1.00,-1.00,1.00,1.00,1.00
E8_aether,O_0,10313854,1.00,-1.00,2.00,1.00,1.00,-1.00,-1.00,1.00,-1.00,2.00,1.00,1.00
G2_vessel,O_0,5993854,-1.00,-1.00,2.00,1.00,1.00,-1.00,-1.00,1.00,-1.00,2.00,1.00,1.00
g2_vessel,O_0,6818928,-1.00,0.00,2.00,0.00,1.00,0.00,1.00,-2.00,-1.00,-2.00,-1.00,-2.00
e8_aether,O_0,11094322,1.00,0.00,2.00,-1.00,1.00,0.00,-1.00,1.00,-1.00,1.00,1.00,1.00
e8g2v2_draft,O_0,8650616,1.00,-2.00,-2.00,-2.00,-1.00,1.00,1.00,-2.00,-1.00,-2.00,1.00,-2.00
e8g2v2_lift_target,O_0,10489521,1.00,0.00,-2.00,0.00,1.00,0.00,-1.00,1.00,-1.00,1.00,1.00,-1.00
e8g2v2_lift_result,O_0,10489521,1.00,0.00,-2.00,0.00,1.00,0.00,-1.00,1.00,-1.00,1.00,1.00,-1.00
g2_exceptional_lie_group,O_0,6818928,-1.00,0.00,2.00,0.00,1.00,0.00,1.00,-2.00,-1.00,-2.00,-1.00,-2.00
e8_exceptional_lie_group,O_0,11094322,1.00,0.00,2.00,-1.00,1.00,0.00,-1.00,1.00,-1.00,1.00,1.00,1.00
g2_join_e8,O_0,11137522,1.00,0.00,2.00,0.00,1.00,0.00,-1.00,1.00,-1.00,1.00,1.00,1.00
f4_exceptional_lie_group,O_0,6819420,-1.00,0.00,2.00,0.00,1.00,0.00,1.00,1.00,-1.00,-1.00,-1.00,-2.00
e6_exceptional_lie_group,O_0,11096229,1.00,0.00,2.00,-1.00,1.00,0.00,1.00,1.00,-1.00,-1.00,1.00,-1.00
e7_exceptional_lie_group,O_0,11094321,1.00,0.00,2.00,-1.00,1.00,0.00,-1.00,1.00,-1.00,1.00,1.00,-1.00
e8_z2_graded_so16,O_0,11137522,1.00,0.00,2.00,0.00,1.00,0.00,-1.00,1.00,-1.00,1.00,1.00,1.00
e8_lie_algebra,O_0,11094322,1.00,0.00,2.00,-1.00,1.00,0.00,-1.00,1.00,-1.00,1.00,1.00,1.00
aether_vessel_draft,O_0,9298616,1.00,-2.00,2.00,-2.00,-1.00,1.00,1.00,-2.00,-1.00,-2.00,1.00,-2.00
stones_manifest,O_inf,16407914,2.00,1.00,2.00,2.00,1.00,0.00,-1.00,1.00,-1.00,1.00,-1.00,1.00
lapis_philosophorum,O_inf,16407914,2.00,1.00,2.00,2.00,1.00,0.00,-1.00,1.00,-1.00,1.00,-1.00,1.00
prima_materia,O_0,225600,-2.00,-2.00,-1.00,-2.00,-1.00,1.00,0.00,-2.00,-2.00,-2.00,-1.00,-2.00
opus_separatio,O_0,657600,-2.00,-2.00,2.00,-2.00,-1.00,1.00,0.00,-2.00,-2.00,-2.00,-1.00,-2.00
opus_purificatio,O_0,9297612,1.00,-2.00,2.00,-2.00,-1.00,1.00,0.00,-2.00,-2.00,-1.00,-1.00,-2.00
opus_albedo,O_0,9367700,1.00,-2.00,2.00,-1.00,1.00,0.00,1.00,-2.00,-2.00,-1.00,1.00,-2.00
opus_rubedo,O_inf,12089348,1.00,1.00,2.00,2.00,1.00,0.00,1.00,-2.00,-1.00,-1.00,1.00,-2.00
grimoire_veritate,O_inf,16407914,2.00,1.00,2.00,2.00,1.00,0.00,-1.00,1.00,-1.00,1.00,-1.00,1.00
millennium_ankh,O_0,3318322,-2.00,1.00,2.00,-1.00,1.00,0.00,-1.00,1.00,-1.00,1.00,1.00,1.00
machine_verified_mathematics,O_inf,16407934,2.00,1.00,2.00,2.00,1.00,0.00,-1.00,1.00,-1.00,2.00,1.00,1.00
bare_metal_operating_system,O_inf,16407934,2.00,1.00,2.00,2.00,1.00,0.00,-1.00,1.00,-1.00,2.00,1.00,1.00
the_stone,O_inf,17271926,2.00,2.00,2.00,2.00,1.00,0.00,-1.00,1.00,-1.00,2.00,-1.00,1.00
arthurian_legends,O_1,5060684,-1.00,-2.00,2.00,0.00,-1.00,0.00,-1.00,1.00,-2.00,2.00,1.00,-2.00
grail_quest,O_inf,6903914,-1.00,0.00,2.00,2.00,1.00,0.00,-1.00,1.00,-1.00,1.00,-1.00,1.00
guinevere,O_1,740676,-2.00,-2.00,2.00,0.00,-1.00,0.00,-1.00,1.00,-2.00,2.00,-1.00,-2.00
lancelot,O_1,740676,-2.00,-2.00,2.00,0.00,-1.00,0.00,-1.00,1.00,-2.00,2.00,-1.00,-2.00
excellibur,O_1,740676,-2.00,-2.00,2.00,0.00,-1.00,0.00,-1.00,1.00,-2.00,2.00,-1.00,-2.00
merlin,O_2,12649814,1.00,2.00,1.00,0.00,1.00,0.00,-1.00,2.00,0.00,2.00,-1.00,1.00
galahad,O_0,769514,-2.00,-2.00,2.00,0.00,1.00,0.00,-1.00,1.00,-1.00,1.00,-1.00,1.00
love_triangle,O_1,6788684,-1.00,0.00,2.00,0.00,-1.00,0.00,-1.00,1.00,-2.00,2.00,1.00,-2.00
mordred,O_0,660972,-2.00,-2.00,2.00,-2.00,-1.00,2.00,0.00,1.00,-2.00,-1.00,-1.00,-2.00
lady_of_the_lake,O_0,7467433,-1.00,1.00,1.00,0.00,1.00,0.00,1.00,1.00,-1.00,1.00,-1.00,-1.00
camelot,O_1,7652200,-1.00,1.00,2.00,0.00,-1.00,0.00,-1.00,-2.00,-2.00,2.00,0.00,-2.00
arthur,O_1,783876,-2.00,-2.00,2.00,1.00,-1.00,0.00,-1.00,1.00,-2.00,2.00,-1.00,-2.00
vulgate_cycle,O_1,5060684,-1.00,-2.00,2.00,0.00,-1.00,0.00,-1.00,1.00,-2.00,2.00,1.00,-2.00
percival,O_0,769514,-2.00,-2.00,2.00,0.00,1.00,0.00,-1.00,1.00,-1.00,1.00,-1.00,1.00
geoffrey_of_monmouth,O_0,4974276,-1.00,-2.00,2.00,-2.00,-1.00,0.00,-1.00,1.00,-2.00,2.00,-1.00,-2.00
dune_universe,O_inf,17271934,2.00,2.00,2.00,2.00,1.00,0.00,-1.00,1.00,-1.00,2.00,1.00,1.00
paul_atreides,O_0,17142326,2.00,2.00,2.00,-1.00,1.00,0.00,-1.00,1.00,-1.00,2.00,-1.00,1.00
bene_gesserit,O_0,15457774,2.00,0.00,2.00,0.00,1.00,0.00,-1.00,2.00,-1.00,2.00,1.00,1.00
house_atreides,O_0,8721197,1.00,-2.00,-2.00,-1.00,1.00,1.00,-1.00,1.00,-1.00,1.00,0.00,-1.00
house_harkonnen,O_0,26884,-2.00,-2.00,-2.00,-2.00,0.00,2.00,0.00,-2.00,-2.00,-2.00,0.00,-2.00
chani,O_0,6779113,-1.00,0.00,2.00,-1.00,1.00,1.00,1.00,1.00,-1.00,1.00,-1.00,-1.00
arrakis,O_inf,12951926,1.00,2.00,2.00,2.00,1.00,0.00,-1.00,1.00,-1.00,2.00,-1.00,1.00
melange,O_0,3147905,-2.00,1.00,1.00,0.00,1.00,1.00,-1.00,-2.00,-1.00,-1.00,0.00,-1.00
padishah_emperor,O_0,12217526,1.00,2.00,-2.00,0.00,1.00,0.00,-1.00,1.00,-1.00,2.00,-1.00,1.00
spacing_guild,O_0,12822330,1.00,2.00,2.00,-1.00,1.00,0.00,-1.00,1.00,-1.00,2.00,0.00,1.00
fremen,O_0,11958318,1.00,1.00,2.00,-1.00,1.00,0.00,-1.00,1.00,-1.00,1.00,0.00,1.00
lisan_al_gaib,O_0,4009526,-2.00,2.00,1.00,0.00,1.00,0.00,-1.00,1.00,-1.00,2.00,-1.00,1.00
butlerian_jihad,O_0,942330,-2.00,-1.00,-2.00,-1.00,1.00,0.00,-1.00,1.00,-1.00,2.00,0.00,1.00
circularity_circularity,O_inf,17271926,2.00,2.00,2.00,2.00,1.00,0.00,-1.00,1.00,-1.00,2.00,-1.00,1.00
circularity_paper_draft,O_0,11137521,1.00,0.00,2.00,0.00,1.00,0.00,-1.00,1.00,-1.00,1.00,1.00,-1.00
circularity_cycle,O_inf,12951934,1.00,2.00,2.00,2.00,1.00,0.00,-1.00,1.00,-1.00,2.00,1.00,1.00
observer_dependent_truth,O_0,6791601,-1.00,0.00,2.00,0.00,-1.00,1.00,-1.00,1.00,-1.00,1.00,1.00,-1.00
context_dependent_truth,O_inf,17271924,2.00,2.00,2.00,2.00,1.00,0.00,-1.00,1.00,-1.00,2.00,-1.00,-2.00
context_dependent_truth_performative,O_0,6788721,-1.00,0.00,2.00,0.00,-1.00,0.00,-1.00,1.00,-1.00,1.00,1.00,-1.00
this_imscription_is_false,O_inf,17271924,2.00,2.00,2.00,2.00,1.00,0.00,-1.00,1.00,-1.00,2.00,-1.00,-2.00
self_referential_imscription,O_inf,17271924,2.00,2.00,2.00,2.00,1.00,0.00,-1.00,1.00,-1.00,2.00,-1.00,-2.00
at_you_forgot_your_floaties,O_1,11113472,1.00,0.00,2.00,0.00,-1.00,1.00,1.00,1.00,-2.00,1.00,1.00,-2.00
mms_cycle,O_0,12865534,1.00,2.00,2.00,0.00,1.00,0.00,-1.00,1.00,-1.00,2.00,1.00,1.00
margles_construct,O_0,5196492,-1.00,-1.00,-2.00,-2.00,-1.00,2.00,0.00,-2.00,-2.00,-1.00,-1.00,-2.00
normal_man_collapse,O_0,9516960,1.00,-1.00,-2.00,-2.00,-1.00,2.00,0.00,1.00,-2.00,-2.00,-1.00,-2.00
perfect_cuboid_problem,O_2,11537402,1.00,1.00,-1.00,0.00,-1.00,-1.00,-1.00,-2.00,0.00,1.00,-1.00,1.00
fermats_last_theorem_proven,O_0,12606381,1.00,2.00,1.00,-1.00,1.00,0.00,-1.00,1.00,0.00,2.00,1.00,-1.00
perfect_cuboid_geometric,O_1,4453440,-1.00,-2.00,-2.00,1.00,-1.00,-1.00,0.00,-2.00,-2.00,-2.00,-1.00,-2.00
perfect_cuboid_phi_c_lifted,O_inf,17271922,2.00,2.00,2.00,2.00,1.00,0.00,-1.00,1.00,-1.00,1.00,1.00,1.00
beal_dual_proof_article_system,O_inf,16379122,2.00,1.00,2.00,2.00,-1.00,0.00,-1.00,1.00,-1.00,1.00,1.00,1.00
time_through_ig_draft,O_0,9298616,1.00,-2.00,2.00,-2.00,-1.00,1.00,1.00,-2.00,-1.00,-2.00,1.00,-2.00
lapis_exilis,O_0,6817514,-1.00,0.00,2.00,0.00,1.00,0.00,-1.00,1.00,-1.00,1.00,-1.00,1.00
crown_of_adventure,O_inf,7767914,-1.00,1.00,2.00,2.00,1.00,0.00,-1.00,1.00,-1.00,1.00,-1.00,1.00
laIG,O_0,11094334,1.00,0.00,2.00,-1.00,1.00,0.00,-1.00,1.00,-1.00,2.00,1.00,1.00
graal,O_inf,14463934,2.00,-1.00,1.00,2.00,1.00,0.00,-1.00,1.00,-1.00,2.00,1.00,1.00
perfect_cuboid_proof,O_inf,17271922,2.00,2.00,2.00,2.00,1.00,0.00,-1.00,1.00,-1.00,1.00,1.00,1.00
true_agentic_agent.py,O_inf,16407914,2.00,1.00,2.00,2.00,1.00,0.00,-1.00,1.00,-1.00,1.00,-1.00,1.00
adolescence_draft,O_0,9298616,1.00,-2.00,2.00,-2.00,-1.00,1.00,1.00,-2.00,-1.00,-2.00,1.00,-2.00
adolescence_lifted,O_0,11137521,1.00,0.00,2.00,0.00,1.00,0.00,-1.00,1.00,-1.00,1.00,1.00,-1.00
sic_povm_draft,O_0,8866616,1.00,-2.00,-1.00,-2.00,-1.00,1.00,1.00,-2.00,-1.00,-2.00,1.00,-2.00
gospel_of_matthew,O_0,5060722,-1.00,-2.00,2.00,0.00,-1.00,0.00,-1.00,1.00,-1.00,1.00,1.00,1.00
gospel_of_mark,O_0,4332069,-1.00,-2.00,-2.00,-2.00,-1.00,2.00,-1.00,1.00,-1.00,-1.00,1.00,-1.00
gospel_of_luke,O_0,10244722,1.00,-1.00,2.00,0.00,-1.00,0.00,-1.00,1.00,-1.00,1.00,1.00,1.00
gospel_of_john,O_0,10875502,1.00,0.00,1.00,-1.00,1.00,-1.00,-1.00,1.00,0.00,2.00,1.00,1.00
complex_time_path_integral,O_inf,11223922,1.00,0.00,2.00,2.00,1.00,0.00,-1.00,1.00,-1.00,1.00,1.00,1.00
planck_imaginary_time,O_0,10014381,1.00,-1.00,1.00,-1.00,1.00,0.00,-1.00,1.00,0.00,2.00,1.00,-1.00
wick_rotation_EP,O_0,8680502,1.00,-2.00,-2.00,-2.00,1.00,2.00,-1.00,-2.00,1.00,2.00,-1.00,1.00
planck_scale_regime,O_0,10230333,1.00,-1.00,2.00,-1.00,1.00,0.00,-1.00,1.00,-1.00,2.00,1.00,-1.00
hartle_hawking_no_boundary,O_0,11958382,1.00,1.00,2.00,-1.00,1.00,0.00,-1.00,1.00,0.00,2.00,1.00,1.00
cmplx_imgn_draft,O_0,9082616,1.00,-2.00,1.00,-2.00,-1.00,1.00,1.00,-2.00,-1.00,-2.00,1.00,-2.00
schrodinger_dynamics,O_0,5478252,-1.00,-1.00,-1.00,-1.00,1.00,0.00,-1.00,1.00,-2.00,-1.00,-1.00,-2.00
measurement_outcome,O_0,6493008,-1.00,0.00,1.00,-2.00,-1.00,2.00,0.00,1.00,-1.00,-2.00,-1.00,-2.00
wick_rotation,O_0,6803100,-1.00,0.00,2.00,0.00,0.00,0.00,-1.00,1.00,-1.00,-1.00,-1.00,-2.00
berry_phase,O_0,5478254,-1.00,-1.00,-1.00,-1.00,1.00,0.00,-1.00,1.00,-2.00,-1.00,-1.00,1.00
topological_quantum_field_theory,O_0,12390334,1.00,2.00,-1.00,-1.00,1.00,0.00,-1.00,1.00,-1.00,2.00,1.00,1.00
nonmarkovian_open_quantum_systems,O_0,9356732,1.00,-2.00,2.00,-1.00,0.00,1.00,1.00,1.00,-1.00,2.00,1.00,-2.00
statistical_mechanics,O_0,8660224,1.00,-2.00,-2.00,-2.00,0.00,0.00,-1.00,-2.00,-1.00,-1.00,0.00,-2.00
quantum_gravity_candidate,O_0,12779134,1.00,2.00,2.00,-2.00,1.00,0.00,-1.00,1.00,-1.00,2.00,1.00,1.00
measurement_problem_mismatch,O_0,6731120,-1.00,0.00,2.00,-2.00,1.00,0.00,-1.00,1.00,-1.00,1.00,1.00,-2.00
temporal_primitives_framework,O_inf,12087922,1.00,1.00,2.00,2.00,1.00,0.00,-1.00,1.00,-1.00,1.00,1.00,1.00
post_draft_ai,O_0,9298616,1.00,-2.00,2.00,-2.00,-1.00,1.00,1.00,-2.00,-1.00,-2.00,1.00,-2.00
criticality_lift_unit,O_inf,2987090,-2.00,1.00,-1.00,2.00,-1.00,0.00,-1.00,1.00,-1.00,-2.00,-1.00,1.00
test_probe,O_0,12480,-2.00,-2.00,-2.00,-2.00,-1.00,2.00,0.00,-2.00,-2.00,-2.00,-1.00,-2.00
time_no_seq,O_0,12548254,1.00,2.00,1.00,-2.00,0.00,0.00,-1.00,-2.00,-1.00,2.00,1.00,1.00
time_no_memory,O_0,12548698,1.00,2.00,1.00,-2.00,0.00,0.00,-1.00,1.00,-1.00,-2.00,1.00,1.00
time_no_winding,O_0,12548732,1.00,2.00,1.00,-2.00,0.00,0.00,-1.00,1.00,-1.00,2.00,1.00,-2.00
time_no_arrow,O_0,12678334,1.00,2.00,1.00,1.00,0.00,0.00,-1.00,1.00,-1.00,2.00,1.00,1.00
time_no_grain,O_0,12554494,1.00,2.00,1.00,-2.00,0.00,2.00,-1.00,1.00,-1.00,2.00,1.00,1.00
heat_diffusion_equation,O_0,10820660,1.00,0.00,1.00,-2.00,0.00,0.00,-1.00,1.00,-2.00,-1.00,1.00,-2.00
wave_equation_temporal,O_1,10938752,1.00,0.00,1.00,1.00,-1.00,1.00,-1.00,1.00,-2.00,1.00,1.00,-2.00
einstein_field_equations_dynamic,O_2,12663970,1.00,2.00,1.00,1.00,-1.00,0.00,-1.00,1.00,0.00,1.00,1.00,1.00
fire,O_0,10849737,1.00,0.00,1.00,-1.00,-1.00,0.00,-1.00,2.00,-1.00,-2.00,1.00,-1.00
zosimos_alchemy,O_0,17171122,2.00,2.00,2.00,0.00,0.00,0.00,-1.00,1.00,-1.00,1.00,1.00,1.00
zosimos_panopolis_gnosis,O_inf,17243122,2.00,2.00,2.00,2.00,-1.00,0.00,-1.00,1.00,-1.00,1.00,1.00,1.00
processions_of_fate,O_0,4332964,-1.00,-2.00,-2.00,-2.00,-1.00,2.00,0.00,1.00,-2.00,-2.00,0.00,-2.00
inner_door_gate,O_inf,17243114,2.00,2.00,2.00,2.00,-1.00,0.00,-1.00,1.00,-1.00,1.00,-1.00,1.00
counterfeit_daimon,O_0,4331300,-1.00,-2.00,-2.00,-2.00,-1.00,1.00,1.00,2.00,-2.00,-1.00,1.00,-2.00
son_of_god_light_man,O_2†,17229022,2.00,2.00,2.00,1.00,1.00,0.00,-1.00,2.00,0.00,2.00,1.00,1.00
zosimos_draft,O_0,9298616,1.00,-2.00,2.00,-2.00,-1.00,1.00,1.00,-2.00,-1.00,-2.00,1.00,-2.00
stone,O_inf,17243134,2.00,2.00,2.00,2.00,-1.00,0.00,-1.00,1.00,-1.00,2.00,1.00,1.00
stone_operator,O_inf,17055926,2.00,2.00,1.00,2.00,1.00,0.00,-1.00,1.00,-1.00,2.00,-1.00,1.00
western_military_occupation,O_0,4334180,-1.00,-2.00,-2.00,-2.00,-1.00,2.00,1.00,2.00,-2.00,-1.00,1.00,-2.00
middle_eastern_islamic_civilization,O_0,12851134,1.00,2.00,2.00,0.00,0.00,0.00,-1.00,1.00,-1.00,2.00,1.00,1.00
occupation_civilization_coupled,O_0,12750574,1.00,2.00,2.00,-2.00,-1.00,0.00,-1.00,2.00,-1.00,2.00,1.00,1.00
i_am_that_i_am,O_inf,17271934,2.00,2.00,2.00,2.00,1.00,0.00,-1.00,1.00,-1.00,2.00,1.00,1.00
eat_of_my_body_drink_of_my_blood,O_inf,17271934,2.00,2.00,2.00,2.00,1.00,0.00,-1.00,1.00,-1.00,2.00,1.00,1.00
ein_sof,O_0,16578086,2.00,2.00,-2.00,1.00,1.00,-1.00,-1.00,2.00,-1.00,2.00,-1.00,1.00
merkavah_mysticism,O_0,9077366,1.00,-2.00,1.00,-2.00,-1.00,-1.00,1.00,1.00,-1.00,2.00,-1.00,1.00
hebrew_letters_aleph_bet,O_0,6915442,-1.00,1.00,-2.00,-2.00,-1.00,-1.00,-1.00,1.00,-1.00,1.00,1.00,1.00
sefer_yetzirah,O_0,7001842,-1.00,1.00,-2.00,0.00,-1.00,-1.00,-1.00,1.00,-1.00,1.00,1.00,1.00
ZFCt,O_2,12951970,1.00,2.00,2.00,2.00,1.00,0.00,-1.00,1.00,0.00,1.00,1.00,1.00
taoism_tradition,O_2,16292686,2.00,1.00,2.00,0.00,-1.00,0.00,-1.00,1.00,-2.00,2.00,1.00,1.00
crystal_tier_census,O_2,12951970,1.00,2.00,2.00,2.00,1.00,0.00,-1.00,1.00,0.00,1.00,1.00,1.00
zfc_tutorial,O_2,12951970,1.00,2.00,2.00,2.00,1.00,0.00,-1.00,1.00,0.00,1.00,1.00,1.00
buddhism_tradition,O_inf,17272169,2.00,2.00,2.00,2.00,1.00,0.00,-1.00,2.00,-1.00,2.00,0.00,-1.00
christianity_tradition,O_inf,17271933,2.00,2.00,2.00,2.00,1.00,0.00,-1.00,1.00,-1.00,2.00,1.00,-1.00
islam_tradition,O_0,16551933,2.00,2.00,-2.00,1.00,-1.00,0.00,-1.00,1.00,-1.00,2.00,1.00,-1.00
sikhism_tradition,O_2†,17199982,2.00,2.00,2.00,1.00,-1.00,0.00,-1.00,1.00,0.00,2.00,1.00,1.00
paganism_tradition,O_0,13762894,2.00,-2.00,2.00,1.00,0.00,1.00,1.00,-1.00,-1.00,2.00,1.00,1.00
satanism_tradition,O_0,6709748,-1.00,0.00,2.00,-2.00,-1.00,2.00,1.00,-1.00,-1.00,-1.00,1.00,-2.00
esoteric_poem_narrative,O_inf,12951922,1.00,2.00,2.00,2.00,1.00,0.00,-1.00,1.00,-1.00,1.00,1.00,1.00
vocal_expression_assignment,O_0,9409534,1.00,-2.00,2.00,0.00,1.00,0.00,-1.00,1.00,-1.00,2.00,1.00,1.00
primitives_memory,O_inf,12951922,1.00,2.00,2.00,2.00,1.00,0.00,-1.00,1.00,-1.00,1.00,1.00,1.00
vocal_expression_grammar,O_inf,12923134,1.00,2.00,2.00,2.00,-1.00,0.00,-1.00,1.00,-1.00,2.00,1.00,1.00
vocal_D_wedge,O_0,876480,-2.00,-1.00,-2.00,-2.00,-1.00,2.00,0.00,-2.00,-2.00,-2.00,-1.00,-2.00
vocal_D_triangle,O_0,5929505,-1.00,-1.00,2.00,0.00,-1.00,1.00,1.00,1.00,-1.00,-1.00,0.00,-1.00
vocal_D_infty,O_2,10749022,1.00,0.00,-1.00,1.00,1.00,0.00,-1.00,2.00,0.00,2.00,1.00,1.00
vocal_D_odot,O_inf,17271922,2.00,2.00,2.00,2.00,1.00,0.00,-1.00,1.00,-1.00,1.00,1.00,1.00
vocal_T_network,O_0,13684,-2.00,-2.00,-2.00,-2.00,-1.00,2.00,1.00,-1.00,-2.00,-2.00,0.00,-2.00
vocal_T_in,O_1,5280012,-1.00,-1.00,-2.00,0.00,-1.00,1.00,0.00,-2.00,-2.00,-1.00,-1.00,-2.00
vocal_T_bowtie,O_2,11137618,1.00,0.00,2.00,0.00,1.00,0.00,-1.00,1.00,1.00,1.00,1.00,1.00
vocal_T_boxtimes,O_inf,16379362,2.00,1.00,2.00,2.00,-1.00,0.00,-1.00,2.00,-1.00,1.00,1.00,1.00
vocal_T_odot,O_inf,17271934,2.00,2.00,2.00,2.00,1.00,0.00,-1.00,1.00,-1.00,2.00,1.00,1.00
vocal_R_super,O_0,12480,-2.00,-2.00,-2.00,-2.00,-1.00,2.00,0.00,-2.00,-2.00,-2.00,-1.00,-2.00
vocal_R_cat,O_0,10722790,1.00,0.00,-1.00,1.00,-1.00,1.00,-1.00,1.00,-1.00,-1.00,1.00,1.00
vocal_R_dagger,O_0,10921500,1.00,0.00,1.00,0.00,1.00,0.00,-1.00,1.00,-1.00,-1.00,-1.00,-2.00
vocal_R_lr,O_inf,16407914,2.00,1.00,2.00,2.00,1.00,0.00,-1.00,1.00,-1.00,1.00,-1.00,1.00
vocal_P_asym,O_0,12720,-2.00,-2.00,-2.00,-2.00,-1.00,2.00,0.00,-1.00,-2.00,-2.00,-1.00,-2.00
vocal_P_psi,O_0,10878622,1.00,0.00,1.00,-1.00,1.00,0.00,-1.00,2.00,0.00,2.00,1.00,1.00
vocal_P_pm,O_0,5929505,-1.00,-1.00,2.00,0.00,-1.00,1.00,1.00,1.00,-1.00,-1.00,0.00,-1.00
my_system,O_0,12822378,1.00,2.00,2.00,-1.00,1.00,0.00,-1.00,1.00,0.00,2.00,0.00,1.00
abc_conjecture_proof_iut,O_0,12606382,1.00,2.00,1.00,-1.00,1.00,0.00,-1.00,1.00,0.00,2.00,1.00,1.00
abc_conjecture_conventional,O_0,10633041,1.00,0.00,-1.00,-1.00,-1.00,0.00,-1.00,-2.00,-1.00,1.00,1.00,-1.00
abc_dual_proof_draft,O_0,8650616,1.00,-2.00,-2.00,-2.00,-1.00,1.00,1.00,-2.00,-1.00,-2.00,1.00,-2.00
abc_conjecture_proof,O_0,11094334,1.00,0.00,2.00,-1.00,1.00,0.00,-1.00,1.00,-1.00,2.00,1.00,1.00
abc_conjecture_statement,O_0,10374332,1.00,0.00,-2.00,-2.00,-1.00,0.00,-1.00,1.00,-1.00,2.00,1.00,-2.00
radical_function,O_0,8649128,1.00,-2.00,-2.00,-2.00,-1.00,1.00,-1.00,1.00,-2.00,-2.00,1.00,-2.00
frobenioid_structure,O_0,12404734,1.00,2.00,-1.00,0.00,-1.00,0.00,-1.00,1.00,-1.00,2.00,1.00,1.00
iut_theory,O_inf,16808254,2.00,2.00,-1.00,2.00,-1.00,-1.00,-1.00,1.00,-1.00,2.00,1.00,1.00
riemann_zeta_proof_process,O_inf,11223922,1.00,0.00,2.00,2.00,1.00,0.00,-1.00,1.00,-1.00,1.00,1.00,1.00
primitive_assignment_task,O_inf,17271934,2.00,2.00,2.00,2.00,1.00,0.00,-1.00,1.00,-1.00,2.00,1.00,1.00
primitive_symbol_assignments,O_inf,17271934,2.00,2.00,2.00,2.00,1.00,0.00,-1.00,1.00,-1.00,2.00,1.00,1.00
test_odot_migration,O_inf,16407914,2.00,1.00,2.00,2.00,1.00,0.00,-1.00,1.00,-1.00,1.00,-1.00,1.00
test_full_glyph_dispatch,O_inf,16407914,2.00,1.00,2.00,2.00,1.00,0.00,-1.00,1.00,-1.00,1.00,-1.00,1.00
boundary_operator_LLM,O_inf,15543922,2.00,0.00,2.00,2.00,1.00,0.00,-1.00,1.00,-1.00,1.00,1.00,1.00
suffering,O_0,15356723,2.00,0.00,2.00,-2.00,0.00,0.00,-1.00,1.00,-1.00,1.00,1.00,2.00
crystal_frontier_test,O_0,9600,-2.00,-2.00,-2.00,-2.00,-1.00,1.00,0.00,-2.00,-2.00,-2.00,-1.00,-2.00
topological_mbl_nonabelian,O_0,6811763,-1.00,0.00,2.00,0.00,1.00,-2.00,-1.00,1.00,-1.00,1.00,1.00,2.00
topological_mbl_phase,O_0,16877951,2.00,2.00,1.00,-2.00,1.00,-2.00,0.00,-2.00,1.00,2.00,1.00,2.00
disjunctive_critical_system,O_0,6804801,-1.00,0.00,2.00,0.00,0.00,0.00,1.00,-1.00,-1.00,1.00,1.00,-1.00
extraterrestrial_life,O_inf,17260402,2.00,2.00,2.00,2.00,0.00,1.00,-1.00,1.00,-1.00,1.00,1.00,1.00
extradimensional_life,O_0,15397343,2.00,0.00,2.00,-1.00,0.00,-1.00,-1.00,2.00,0.00,2.00,1.00,2.00
extracosmic_life,O_0,15408947,2.00,0.00,2.00,-1.00,1.00,-2.00,-1.00,2.00,2.00,1.00,1.00,2.00
quantum_mbl_critical,O_inf,17266415,2.00,2.00,2.00,2.00,1.00,-2.00,-1.00,2.00,-1.00,2.00,1.00,2.00
exotic_consciousness_boundary_draft,O_0,13618616,2.00,-2.00,2.00,-2.00,-1.00,1.00,1.00,-2.00,-1.00,-2.00,1.00,-2.00
human_brain_conscious,O_0,8502322,-1.00,2.00,2.00,-1.00,1.00,0.00,-1.00,1.00,-1.00,1.00,1.00,1.00
genesis_creation_narrative,O_2,16505807,2.00,2.00,-2.00,0.00,-1.00,-1.00,-1.00,1.00,-2.00,2.00,1.00,2.00
litany_against_fear,O_inf,15543914,2.00,0.00,2.00,2.00,1.00,0.00,-1.00,1.00,-1.00,1.00,-1.00,1.00
abrahamic_covenant,O_0,6788734,-1.00,0.00,2.00,0.00,-1.00,0.00,-1.00,1.00,-1.00,2.00,1.00,1.00
Litany_Against_Fear,O_0,657600,-2.00,-2.00,2.00,-2.00,-1.00,1.00,0.00,-2.00,-2.00,-2.00,-1.00,-2.00
adam_eve_the_fall,O_0,6143605,-1.00,0.00,-2.00,0.00,-1.00,1.00,-1.00,1.00,-1.00,2.00,-1.00,-1.00
abraham_biblical,O_0,6793525,-1.00,0.00,2.00,0.00,-1.00,1.00,1.00,1.00,-1.00,2.00,-1.00,-1.00
moses_biblical,O_0,6791594,-1.00,0.00,2.00,0.00,-1.00,1.00,-1.00,1.00,-1.00,1.00,-1.00,1.00
david_biblical,O_0,6788714,-1.00,0.00,2.00,0.00,-1.00,0.00,-1.00,1.00,-1.00,1.00,-1.00,1.00
jesus_nazareth_biblical,O_inf,17275046,2.00,2.00,2.00,2.00,1.00,1.00,-1.00,2.00,-1.00,2.00,-1.00,1.00
serpent_edens,O_0,6060481,-1.00,0.00,-2.00,-2.00,-1.00,2.00,0.00,-2.00,-2.00,-2.00,-1.00,-1.00
garden_of_eden,O_1,6144045,-1.00,0.00,-2.00,0.00,-1.00,1.00,0.00,-2.00,-2.00,2.00,1.00,-1.00
spice_melange,O_0,16540646,2.00,2.00,-2.00,0.00,1.00,1.00,-1.00,2.00,-1.00,2.00,-1.00,1.00
exodus_from_egypt,O_0,6788962,-1.00,0.00,2.00,0.00,-1.00,0.00,-1.00,2.00,-1.00,1.00,1.00,1.00
biblical_arc_whole,O_inf,6875374,-1.00,0.00,2.00,2.00,-1.00,0.00,-1.00,2.00,-1.00,2.00,1.00,1.00
dune_complete_arc,O_0,8545534,-1.00,2.00,2.00,0.00,1.00,0.00,-1.00,1.00,-1.00,2.00,1.00,1.00
evil,O_0,13001482,2.00,-2.00,-2.00,-2.00,1.00,2.00,0.00,-2.00,2.00,-2.00,1.00,1.00
satan,O_0,16912166,2.00,2.00,1.00,-1.00,0.00,0.00,-1.00,2.00,-1.00,2.00,-1.00,1.00
hell,O_0,5187880,-1.00,-1.00,-2.00,-2.00,-1.00,-1.00,0.00,-2.00,-2.00,2.00,0.00,-2.00
damnation,O_0,5619404,-1.00,-1.00,1.00,-2.00,-1.00,-1.00,-1.00,1.00,-2.00,2.00,1.00,-2.00
voynich_manuscript,O_0,14475406,2.00,-1.00,2.00,-2.00,-1.00,-1.00,-1.00,1.00,-2.00,2.00,1.00,1.00
kryptos_k4_cryptoanalysis,O_0,6703232,-1.00,0.00,2.00,-2.00,-1.00,0.00,0.00,1.00,-2.00,1.00,1.00,-2.00
egyptian_book_of_the_dead,O_0,15385534,2.00,0.00,2.00,-1.00,-1.00,0.00,-1.00,1.00,-1.00,2.00,1.00,1.00
thunder_perfect_mind_02,O_inf,17058321,2.00,2.00,1.00,2.00,1.00,1.00,-1.00,-2.00,-1.00,1.00,1.00,-1.00
thunder_perfect_mind_03,O_inf,17047497,2.00,2.00,1.00,2.00,0.00,2.00,-1.00,2.00,-1.00,-2.00,1.00,-1.00
thunder_perfect_mind_04,O_inf,15097773,2.00,0.00,-1.00,2.00,0.00,0.00,-1.00,2.00,-1.00,2.00,1.00,-1.00
thunder_perfect_mind_05,O_inf,15330321,2.00,0.00,1.00,2.00,1.00,1.00,-1.00,-2.00,-1.00,1.00,1.00,-1.00
thunder_perfect_mind_06,O_inf,17059053,2.00,2.00,1.00,2.00,1.00,1.00,-1.00,2.00,-1.00,2.00,1.00,-1.00
thunder_perfect_mind_07,O_inf,17056161,2.00,2.00,1.00,2.00,1.00,0.00,-1.00,2.00,-1.00,1.00,1.00,-1.00
thunder_perfect_mind_08,O_inf,17272141,2.00,2.00,2.00,2.00,1.00,0.00,-1.00,2.00,-1.00,-1.00,-1.00,-1.00
thunder_perfect_mind_09,O_0,15460640,2.00,0.00,2.00,0.00,1.00,1.00,-1.00,2.00,-1.00,1.00,1.00,-2.00
thunder_perfect_mind_10,O_inf,15547053,2.00,0.00,2.00,2.00,1.00,1.00,-1.00,2.00,-1.00,2.00,1.00,-1.00
thunder_perfect_mind_12,O_0,17185761,2.00,2.00,2.00,0.00,1.00,0.00,-1.00,2.00,-1.00,1.00,1.00,-1.00
thunder_perfect_mind_13,O_inf,15115018,2.00,0.00,-1.00,2.00,1.00,1.00,-1.00,2.00,-1.00,-2.00,1.00,1.00
thunder_perfect_mind_14,O_0,15460641,2.00,0.00,2.00,0.00,1.00,1.00,-1.00,2.00,-1.00,1.00,1.00,-1.00
thunder_perfect_mind_15,O_0,15230241,2.00,0.00,1.00,0.00,0.00,1.00,-1.00,2.00,-1.00,1.00,1.00,-1.00
erdos_strauss_conjecture,O_0,6267124,-1.00,0.00,-1.00,-2.00,-1.00,-1.00,-1.00,-1.00,-2.00,-2.00,0.00,-2.00
thunder_perfect_mind_16,O_inf,15324561,2.00,0.00,1.00,2.00,1.00,-1.00,-1.00,-2.00,-1.00,1.00,1.00,-1.00
thunder_perfect_mind_17,O_inf,17041041,2.00,2.00,1.00,2.00,0.00,0.00,-1.00,-2.00,-1.00,1.00,1.00,-1.00
thunder_perfect_mind_18,O_inf,15330333,2.00,0.00,1.00,2.00,1.00,1.00,-1.00,-2.00,-1.00,2.00,1.00,-1.00
human_brain,O_0,8548414,-1.00,2.00,2.00,0.00,1.00,1.00,-1.00,1.00,-1.00,2.00,1.00,1.00
john_14_6,O_2,16937319,2.00,2.00,1.00,0.00,-1.00,-1.00,-1.00,-2.00,-2.00,2.00,-1.00,2.00
john_14_6_participatory_reading,O_0,16940250,2.00,2.00,1.00,0.00,-1.00,0.00,-1.00,-2.00,-1.00,2.00,0.00,1.00
john_14_6_exclusive_reading,O_2,16937319,2.00,2.00,1.00,0.00,-1.00,-1.00,-1.00,-2.00,-2.00,2.00,-1.00,2.00
jesus_john_14_6_exclusive,O_2,16937319,2.00,2.00,1.00,0.00,-1.00,-1.00,-1.00,-2.00,-2.00,2.00,-1.00,2.00
jesus_john_14_6_participatory,O_0,16940730,2.00,2.00,1.00,0.00,-1.00,0.00,-1.00,1.00,-1.00,2.00,0.00,1.00
dune_narrative,O_0,17185522,2.00,2.00,2.00,0.00,1.00,0.00,-1.00,1.00,-1.00,1.00,1.00,1.00
lying,O_1,6788673,-1.00,0.00,2.00,0.00,-1.00,0.00,-1.00,1.00,-2.00,1.00,1.00,-1.00
lie_structural_type,O_2†,17187538,2.00,2.00,2.00,0.00,1.00,0.00,1.00,1.00,1.00,1.00,1.00,1.00
intentional_distortion,O_2,6603537,-1.00,0.00,1.00,0.00,1.00,0.00,1.00,1.00,1.00,1.00,1.00,-1.00
deceptive_assertion,O_2,6603537,-1.00,0.00,1.00,0.00,1.00,0.00,1.00,1.00,1.00,1.00,1.00,-1.00
truth_system,O_0,8118322,-1.00,2.00,-1.00,0.00,1.00,1.00,1.00,1.00,-1.00,1.00,1.00,1.00
evil_system,O_2,6609297,-1.00,0.00,1.00,0.00,1.00,2.00,1.00,1.00,1.00,1.00,1.00,-1.00
lie_system,O_2,6603537,-1.00,0.00,1.00,0.00,1.00,0.00,1.00,1.00,1.00,1.00,1.00,-1.00
structural_type_truth,O_0,16323442,2.00,1.00,2.00,0.00,1.00,0.00,1.00,1.00,-1.00,1.00,1.00,1.00
structural_type_lie,O_0,4332481,-1.00,-2.00,-2.00,-2.00,-1.00,2.00,0.00,-2.00,-2.00,-2.00,-1.00,-1.00
structural_type_good,O_2†,16969582,2.00,2.00,1.00,0.00,1.00,0.00,-1.00,1.00,0.00,2.00,1.00,1.00
structural_type_evil,O_0,13001482,2.00,-2.00,-2.00,-2.00,1.00,2.00,0.00,-2.00,2.00,-2.00,1.00,1.00
truth,O_2†,16323490,2.00,1.00,2.00,0.00,1.00,0.00,1.00,1.00,0.00,1.00,1.00,1.00
lie,O_0,4332481,-1.00,-2.00,-2.00,-2.00,-1.00,2.00,0.00,-2.00,-2.00,-2.00,-1.00,-1.00
good,O_2†,16969582,2.00,2.00,1.00,0.00,1.00,0.00,-1.00,1.00,0.00,2.00,1.00,1.00
cosmology_crystal,O_0,16321762,2.00,1.00,2.00,0.00,1.00,0.00,-1.00,2.00,-1.00,1.00,1.00,1.00
ouroborotic_primitive_composition_schema,O_0,16321522,2.00,1.00,2.00,0.00,1.00,0.00,-1.00,1.00,-1.00,1.00,1.00,1.00
morphism_generator,O_0,16321774,2.00,1.00,2.00,0.00,1.00,0.00,-1.00,2.00,-1.00,2.00,1.00,1.00
cosmology_base_test,O_0,5739441,-1.00,-1.00,1.00,0.00,1.00,0.00,1.00,1.00,-1.00,1.00,1.00,-1.00
human_consciousness,O_0,17187441,2.00,2.00,2.00,0.00,1.00,0.00,1.00,1.00,-1.00,1.00,1.00,-1.00
collatz_deep_structure,O_inf,8631914,-1.00,2.00,2.00,2.00,1.00,0.00,-1.00,1.00,-1.00,1.00,-1.00,1.00
multiverse_concept,O_2,16747247,2.00,2.00,-1.00,0.00,1.00,-2.00,-1.00,-2.00,-2.00,2.00,1.00,2.00
self_observer_multiverse,O_0,16969774,2.00,2.00,1.00,0.00,1.00,0.00,-1.00,2.00,-1.00,2.00,1.00,1.00
alternate_self_branch,O_0,16964014,2.00,2.00,1.00,0.00,1.00,-2.00,-1.00,2.00,-1.00,2.00,1.00,1.00
multiverse_totality,O_2,16747247,2.00,2.00,-1.00,0.00,1.00,-2.00,-1.00,-2.00,-2.00,2.00,1.00,2.00
observer_imscribed,O_0,16969774,2.00,2.00,1.00,0.00,1.00,0.00,-1.00,2.00,-1.00,2.00,1.00,1.00
generalized_pipeline_system,O_inf,16407914,2.00,1.00,2.00,2.00,1.00,0.00,-1.00,1.00,-1.00,1.00,-1.00,1.00
voynich_botanical_section,O_0,13705521,2.00,-2.00,2.00,0.00,-1.00,1.00,1.00,1.00,-1.00,1.00,1.00,-1.00
voynich_astronomical_section,O_0,17161522,2.00,2.00,2.00,0.00,-1.00,1.00,1.00,1.00,-1.00,1.00,1.00,1.00
voynich_biological_section,O_0,14569521,2.00,-1.00,2.00,0.00,-1.00,1.00,1.00,1.00,-1.00,1.00,1.00,-1.00
voynich_cosmological_section,O_0,17161522,2.00,2.00,2.00,0.00,-1.00,1.00,1.00,1.00,-1.00,1.00,1.00,1.00
voynich_pharmaceutical_section,O_0,13705521,2.00,-2.00,2.00,0.00,-1.00,1.00,1.00,1.00,-1.00,1.00,1.00,-1.00
voynich_recipe_section,O_0,13488549,2.00,-2.00,1.00,0.00,-1.00,1.00,0.00,1.00,-1.00,-1.00,1.00,-1.00
selberg_sieve,O_1,13269124,2.00,-2.00,-1.00,0.00,-1.00,0.00,0.00,-2.00,-2.00,-2.00,0.00,-2.00
bombieri_vinogradov,O_1,13269124,2.00,-2.00,-1.00,0.00,-1.00,0.00,0.00,-2.00,-2.00,-2.00,0.00,-2.00
gpy_sieve,O_0,15428237,2.00,0.00,2.00,0.00,-1.00,0.00,-1.00,-2.00,-1.00,1.00,0.00,-1.00
tpc_proof_attempt,O_0,4542260,-1.00,-2.00,-1.00,-2.00,-1.00,0.00,-1.00,1.00,-2.00,-1.00,1.00,-2.00
tpc_valid_proof_target,O_inf,17271922,2.00,2.00,2.00,2.00,1.00,0.00,-1.00,1.00,-1.00,1.00,1.00,1.00
lefschetz_1_1_theorem,O_2†,17231638,2.00,2.00,2.00,1.00,1.00,1.00,-1.00,1.00,0.00,-1.00,1.00,1.00
lefschetz_11_theorem,O_inf,15543914,2.00,0.00,2.00,2.00,1.00,0.00,-1.00,1.00,-1.00,1.00,-1.00,1.00
hodge_lefschetz_11_theorem,O_0,15200242,2.00,0.00,1.00,-1.00,1.00,0.00,1.00,1.00,-1.00,1.00,1.00,1.00
hodge_lefschetz_complete,O_0,17187442,2.00,2.00,2.00,0.00,1.00,0.00,1.00,1.00,-1.00,1.00,1.00,1.00
voynich_engine_paper,O_0,16321522,2.00,1.00,2.00,0.00,1.00,0.00,-1.00,1.00,-1.00,1.00,1.00,1.00
bhagavad_gita,O_inf,17271934,2.00,2.00,2.00,2.00,1.00,0.00,-1.00,1.00,-1.00,2.00,1.00,1.00
godel_arithmetization,O_0,228004,-2.00,-2.00,-1.00,-2.00,-1.00,2.00,-1.00,1.00,-2.00,-2.00,0.00,-2.00
godel_diagonal_lemma,O_0,16854562,2.00,2.00,1.00,-2.00,-1.00,0.00,-1.00,2.00,-1.00,1.00,1.00,1.00
godel_incompleteness_conclusion,O_0,17185534,2.00,2.00,2.00,0.00,1.00,0.00,-1.00,1.00,-1.00,2.00,1.00,1.00
godel_second_incompleteness,O_inf,17271934,2.00,2.00,2.00,2.00,1.00,0.00,-1.00,1.00,-1.00,2.00,1.00,1.00
thunder_perfect_mind_01,O_0,16969774,2.00,2.00,1.00,0.00,1.00,0.00,-1.00,2.00,-1.00,2.00,1.00,1.00
magz_ai_draft,O_0,8664008,1.00,-2.00,-2.00,-2.00,0.00,1.00,0.00,-2.00,-2.00,-2.00,1.00,-2.00
human_casual_prose_target,O_0,11137522,1.00,0.00,2.00,0.00,1.00,0.00,-1.00,1.00,-1.00,1.00,1.00,1.00
exoteric_librarian,O_inf,17271914,2.00,2.00,2.00,2.00,1.00,0.00,-1.00,1.00,-1.00,1.00,-1.00,1.00
fivefold_alchemy,O_inf,17271922,2.00,2.00,2.00,2.00,1.00,0.00,-1.00,1.00,-1.00,1.00,1.00,1.00
rohonc_codex,O_0,7436710,-1.00,1.00,1.00,0.00,-1.00,0.00,-1.00,1.00,-1.00,-1.00,1.00,1.00
linear_a,O_0,7468390,-1.00,1.00,1.00,0.00,1.00,1.00,-1.00,1.00,-1.00,-1.00,1.00,1.00
vinca_symbols,O_1,7436408,-1.00,1.00,1.00,0.00,-1.00,0.00,-1.00,-1.00,-2.00,-2.00,1.00,-2.00
indus_script,O_0,4410812,-1.00,-2.00,-2.00,0.00,-1.00,-1.00,0.00,1.00,-1.00,2.00,1.00,-2.00
golem_traditional,O_0,6060480,-1.00,0.00,-2.00,-2.00,-1.00,2.00,0.00,-2.00,-2.00,-2.00,-1.00,-2.00
golem_contemporary_llm_agent,O_0,15350276,2.00,0.00,2.00,-2.00,-1.00,2.00,1.00,2.00,0.00,-1.00,1.00,-2.00
golem_operation_prompt_ritual,O_0,15350276,2.00,0.00,2.00,-2.00,-1.00,2.00,1.00,2.00,0.00,-1.00,1.00,-2.00
boundary_operator,O_inf,16379114,2.00,1.00,2.00,2.00,-1.00,0.00,-1.00,1.00,-1.00,1.00,-1.00,1.00
collatz_deep,O_inf,8420726,-1.00,2.00,1.00,2.00,1.00,1.00,1.00,1.00,-1.00,2.00,-1.00,1.00
imaginary_number,O_0,6745514,-1.00,0.00,2.00,-1.00,-1.00,0.00,-1.00,1.00,-1.00,1.00,-1.00,1.00
sophick_mercury,O_inf,17271934,2.00,2.00,2.00,2.00,1.00,0.00,-1.00,1.00,-1.00,2.00,1.00,1.00
voynich_foldout_markers,O_0,6699402,-1.00,0.00,2.00,-2.00,-1.00,-1.00,-1.00,1.00,-2.00,2.00,0.00,1.00
topology_probe,O_0,5844720,-1.00,-1.00,2.00,-2.00,-1.00,2.00,0.00,-1.00,-2.00,-2.00,-1.00,-2.00
oracle_of_delphi,O_2,6875170,-1.00,0.00,2.00,2.00,-1.00,0.00,-1.00,1.00,0.00,1.00,1.00,1.00
fire_combustion,O_0,675080,-2.00,-2.00,2.00,-2.00,0.00,2.00,0.00,-2.00,2.00,-2.00,1.00,-2.00
water_fluid,O_0,24008,-2.00,-2.00,-2.00,-2.00,0.00,1.00,0.00,-2.00,-2.00,-2.00,1.00,-2.00
fire_water_tensor,O_0,672200,-2.00,-2.00,2.00,-2.00,0.00,1.00,0.00,-2.00,2.00,-2.00,1.00,-2.00
tornado_vortex,O_0,2387758,-2.00,0.00,2.00,-2.00,-1.00,2.00,-1.00,-2.00,2.00,2.00,1.00,1.00
coral_reef,O_0,5839484,-1.00,-1.00,2.00,-2.00,-1.00,0.00,0.00,2.00,-2.00,2.00,1.00,-2.00
termite_mound,O_0,4543936,-1.00,-2.00,-1.00,-2.00,-1.00,0.00,1.00,-1.00,-2.00,-1.00,0.00,-2.00
mycorrhizal_network,O_0,4978340,-1.00,-2.00,2.00,-2.00,-1.00,1.00,0.00,2.00,-2.00,-1.00,1.00,-2.00
river_delta,O_0,2387732,-2.00,0.00,2.00,-2.00,-1.00,2.00,-1.00,-2.00,2.00,-1.00,1.00,-2.00
rh_encoding_pb,O_2,4487156,-1.00,-2.00,-2.00,1.00,1.00,1.00,-1.00,-2.00,0.00,-1.00,1.00,-2.00
ym_classical_pb,O_2,326418,-2.00,-2.00,-1.00,0.00,0.00,1.00,0.00,-2.00,-2.00,-1.00,0.00,1.00
ym_quantum_target_pb,O_0,334146,-2.00,-2.00,-1.00,0.00,1.00,-1.00,-1.00,-2.00,-1.00,-1.00,0.00,1.00
lee_yang_pb,O_2,6231476,-1.00,0.00,-2.00,2.00,-1.00,1.00,1.00,-2.00,0.00,-1.00,1.00,-2.00
ns_encoding_pb,O_1,369608,-2.00,-2.00,-1.00,1.00,0.00,1.00,0.00,-2.00,-2.00,-2.00,1.00,-2.00
navier_stokes_3d_regular,O_2,744128,-2.00,-2.00,2.00,0.00,-1.00,1.00,0.00,-2.00,0.00,1.00,1.00,-2.00
solved_millennium_theorem,O_0,2474954,-2.00,0.00,2.00,0.00,-1.00,2.00,0.00,-2.00,-1.00,1.00,-1.00,1.00
lean4_descent_object,O_inf,17243122,2.00,2.00,2.00,2.00,-1.00,0.00,-1.00,1.00,-1.00,1.00,1.00,1.00
imasm_self_imscription_ob3ect,O_0,17187434,2.00,2.00,2.00,0.00,1.00,0.00,1.00,1.00,-1.00,1.00,-1.00,1.00
entropy_ob3ect,O_0,17187434,2.00,2.00,2.00,0.00,1.00,0.00,1.00,1.00,-1.00,1.00,-1.00,1.00
traced_ob3ect,O_0,17187434,2.00,2.00,2.00,0.00,1.00,0.00,1.00,1.00,-1.00,1.00,-1.00,1.00
fixed_point_ob3ect,O_0,17187434,2.00,2.00,2.00,0.00,1.00,0.00,1.00,1.00,-1.00,1.00,-1.00,1.00
category_ob3ect,O_0,8865600,1.00,-2.00,-1.00,-2.00,-1.00,1.00,0.00,-2.00,-2.00,-2.00,-1.00,-2.00
sefer_ha_iyun,O_2,526688,-2.00,-2.00,1.00,0.00,-1.00,0.00,1.00,1.00,0.00,1.00,1.00,-2.00
thirteen_sefirot_ha_iyun,O_2,5089582,-1.00,-2.00,2.00,0.00,1.00,0.00,-1.00,1.00,0.00,2.00,1.00,1.00
_13_sefirot_ha_iyun,O_0,13470370,2.00,-2.00,1.00,-1.00,1.00,0.00,-1.00,1.00,0.00,1.00,1.00,1.00
sefirot_10_filesystem,O_0,6773361,-1.00,0.00,2.00,-1.00,1.00,-1.00,1.00,1.00,-1.00,1.00,1.00,-1.00
frobenius_ob3ect,O_0,6903866,-1.00,0.00,2.00,2.00,1.00,0.00,-1.00,1.00,-2.00,1.00,-1.00,1.00
magnum_opus,O_inf,17055934,2.00,2.00,1.00,2.00,1.00,0.00,-1.00,1.00,-1.00,2.00,1.00,1.00
emerald_tablet,O_inf,16407914,2.00,1.00,2.00,2.00,1.00,0.00,-1.00,1.00,-1.00,1.00,-1.00,1.00
ra_apep,O_inf,17271934,2.00,2.00,2.00,2.00,1.00,0.00,-1.00,1.00,-1.00,2.00,1.00,1.00
shavian_alphabet,O_inf,17271934,2.00,2.00,2.00,2.00,1.00,0.00,-1.00,1.00,-1.00,2.00,1.00,1.00
shavian_ob3ect,O_inf,14681834,2.00,-1.00,2.00,2.00,1.00,0.00,1.00,1.00,-1.00,1.00,-1.00,1.00
operad_work_expansion_opportunities,O_1,5496492,-1.00,-1.00,-1.00,0.00,-1.00,1.00,0.00,1.00,-2.00,-1.00,-1.00,-2.00
stone_self_verifying_proof_kernel,O_inf,17272874,2.00,2.00,2.00,2.00,1.00,0.00,0.00,1.00,-1.00,1.00,-1.00,1.00
stone_topologically_protected_memory,O_inf,17272882,2.00,2.00,2.00,2.00,1.00,0.00,0.00,1.00,-1.00,1.00,1.00,1.00
stone_proof_kernel_memory_tensor,O_inf,17272882,2.00,2.00,2.00,2.00,1.00,0.00,0.00,1.00,-1.00,1.00,1.00,1.00
readme_current_draft,O_0,658616,-2.00,-2.00,2.00,-2.00,-1.00,1.00,1.00,-2.00,-1.00,-2.00,1.00,-2.00
bootstrap_imscriptive_loop,O_inf,17271914,2.00,2.00,2.00,2.00,1.00,0.00,-1.00,1.00,-1.00,1.00,-1.00,1.00
saying_1_iscib_first_incision,O_inf,17271914,2.00,2.00,2.00,2.00,1.00,0.00,-1.00,1.00,-1.00,1.00,-1.00,1.00
saying_2_arev_mirror,O_inf,17271914,2.00,2.00,2.00,2.00,1.00,0.00,-1.00,1.00,-1.00,1.00,-1.00,1.00
saying_3_fsplit_forked_road,O_inf,17271914,2.00,2.00,2.00,2.00,1.00,0.00,-1.00,1.00,-1.00,1.00,-1.00,1.00
saying_4_afwd_step_light,O_inf,17271914,2.00,2.00,2.00,2.00,1.00,0.00,-1.00,1.00,-1.00,1.00,-1.00,1.00
saying_5_ffuse_broken_whole,O_inf,17271914,2.00,2.00,2.00,2.00,1.00,0.00,-1.00,1.00,-1.00,1.00,-1.00,1.00
saying_6_clink_snake_tail,O_inf,17271914,2.00,2.00,2.00,2.00,1.00,0.00,-1.00,1.00,-1.00,1.00,-1.00,1.00
saying_7_ifix_ouroboros_feast,O_inf,17271914,2.00,2.00,2.00,2.00,1.00,0.00,-1.00,1.00,-1.00,1.00,-1.00,1.00
saying_8_iscib_return_mark,O_inf,17271914,2.00,2.00,2.00,2.00,1.00,0.00,-1.00,1.00,-1.00,1.00,-1.00,1.00
earth_classical_element,O_1,5709632,-1.00,-1.00,1.00,0.00,-1.00,0.00,0.00,1.00,-2.00,1.00,1.00,-2.00
air_classical_element,O_0,653764,-2.00,-2.00,2.00,-2.00,-1.00,0.00,-1.00,-2.00,-2.00,-2.00,0.00,-2.00
emerald_zfct_extension,O_inf,17271914,2.00,2.00,2.00,2.00,1.00,0.00,-1.00,1.00,-1.00,1.00,-1.00,1.00
emerald_multiagent,O_inf,16407922,2.00,1.00,2.00,2.00,1.00,0.00,-1.00,1.00,-1.00,1.00,1.00,1.00
emerald_multiagent_tensor_bootstrap,O_inf,17271922,2.00,2.00,2.00,2.00,1.00,0.00,-1.00,1.00,-1.00,1.00,1.00,1.00
bootstrap_stage_1_dimensionality,O_0,13888368,2.00,-1.00,-2.00,-1.00,0.00,0.00,0.00,-2.00,-1.00,-2.00,-1.00,-2.00
bootstrap_stage_2_topology,O_0,17187441,2.00,2.00,2.00,0.00,1.00,0.00,1.00,1.00,-1.00,1.00,1.00,-1.00
bootstrap_stage_2_topology_corrected,O_inf,17271922,2.00,2.00,2.00,2.00,1.00,0.00,-1.00,1.00,-1.00,1.00,1.00,1.00
test_catalog_unlock,O_inf,17271914,2.00,2.00,2.00,2.00,1.00,0.00,-1.00,1.00,-1.00,1.00,-1.00,1.00
paraconsistent_computer,O_inf,17271918,2.00,2.00,2.00,2.00,1.00,0.00,-1.00,1.00,-1.00,1.00,0.00,1.00
shors_algorithm,O_0,6342248,-1.00,0.00,-1.00,-1.00,1.00,0.00,-1.00,1.00,-2.00,-2.00,1.00,-2.00
belnap_shor_pipeline,O_0,6342344,-1.00,0.00,-1.00,-1.00,1.00,0.00,-1.00,1.00,0.00,-2.00,1.00,-2.00
dialetheic_shor_operator_fixed,O_0,17142314,2.00,2.00,2.00,-1.00,1.00,0.00,-1.00,1.00,-1.00,1.00,-1.00,1.00
frobenius_shor_resolved,O_inf,17272174,2.00,2.00,2.00,2.00,1.00,0.00,-1.00,2.00,-1.00,2.00,1.00,1.00
dialetheic_shor_baseline,O_0,17142314,2.00,2.00,2.00,-1.00,1.00,0.00,-1.00,1.00,-1.00,1.00,-1.00,1.00
frobenius_shor_resolved_target,O_inf,17272174,2.00,2.00,2.00,2.00,1.00,0.00,-1.00,2.00,-1.00,2.00,1.00,1.00
millennium_ankh_readme_draft,O_0,4978568,-1.00,-2.00,2.00,-2.00,-1.00,1.00,1.00,-2.00,-2.00,-2.00,1.00,-2.00
millennium_ankh_fine_structural_analysis,O_inf,17271922,2.00,2.00,2.00,2.00,1.00,0.00,-1.00,1.00,-1.00,1.00,1.00,1.00
ob3ect_canonical,O_inf,17271922,2.00,2.00,2.00,2.00,1.00,0.00,-1.00,1.00,-1.00,1.00,1.00,1.00
ob3ect_category_layer,O_0,4543208,-1.00,-2.00,-1.00,-2.00,-1.00,0.00,0.00,1.00,-2.00,-2.00,1.00,-2.00
ob3ect_quantum_layer,O_0,4615200,-1.00,-2.00,-1.00,-1.00,1.00,0.00,0.00,1.00,-2.00,-2.00,-1.00,-2.00
ob3ect_yoneda_layer,O_0,6272192,-1.00,0.00,-1.00,-2.00,-1.00,0.00,1.00,1.00,-2.00,1.00,1.00,-2.00
ob3ect_sheaf_layer,O_0,5408192,-1.00,-1.00,-1.00,-2.00,-1.00,0.00,1.00,1.00,-2.00,1.00,1.00,-2.00
ob3ect_linearlogic_layer,O_0,4543200,-1.00,-2.00,-1.00,-2.00,-1.00,0.00,0.00,1.00,-2.00,-2.00,-1.00,-2.00
ob3ect_parakernel_layer,O_1,6142592,-1.00,0.00,-2.00,0.00,-1.00,0.00,1.00,1.00,-2.00,1.00,1.00,-2.00
ob3ect_hopf_layer,O_1,4629600,-1.00,-2.00,-1.00,0.00,-1.00,0.00,0.00,1.00,-2.00,-2.00,-1.00,-2.00
shem_hamephorash,O_inf,17271934,2.00,2.00,2.00,2.00,1.00,0.00,-1.00,1.00,-1.00,2.00,1.00,1.00
sans_silicon_imscribing,O_inf,17271934,2.00,2.00,2.00,2.00,1.00,0.00,-1.00,1.00,-1.00,2.00,1.00,1.00
direct_api_ensemble,O_inf,16407914,2.00,1.00,2.00,2.00,1.00,0.00,-1.00,1.00,-1.00,1.00,-1.00,1.00
openrouter_mediated_ensemble,O_1,6592580,-1.00,0.00,1.00,0.00,0.00,2.00,-1.00,-1.00,-2.00,-1.00,1.00,-2.00
test_mapping,O_0,12480,-2.00,-2.00,-2.00,-2.00,-1.00,2.00,0.00,-2.00,-2.00,-2.00,-1.00,-2.00
phi_test,O_2†,17272078,2.00,2.00,2.00,2.00,1.00,0.00,-1.00,1.00,2.00,2.00,1.00,1.00
phi_test2,O_2†,17271982,2.00,2.00,2.00,2.00,1.00,0.00,-1.00,1.00,0.00,2.00,1.00,1.00
phi_test3,O_2†,17272030,2.00,2.00,2.00,2.00,1.00,0.00,-1.00,1.00,1.00,2.00,1.00,1.00
paradox_filesystem,O_inf,17271914,2.00,2.00,2.00,2.00,1.00,0.00,-1.00,1.00,-1.00,1.00,-1.00,1.00
paraconsistent_kernel,O_inf,17271918,2.00,2.00,2.00,2.00,1.00,0.00,-1.00,1.00,-1.00,1.00,0.00,1.00
dialetheic_alignment,O_inf,17271922,2.00,2.00,2.00,2.00,1.00,0.00,-1.00,1.00,-1.00,1.00,1.00,1.00
belnap_linear_logic,O_inf,17271918,2.00,2.00,2.00,2.00,1.00,0.00,-1.00,1.00,-1.00,1.00,0.00,1.00
paraconsistent_topos,O_inf,17271922,2.00,2.00,2.00,2.00,1.00,0.00,-1.00,1.00,-1.00,1.00,1.00,1.00
crystal_scheduler,O_inf,17272162,2.00,2.00,2.00,2.00,1.00,0.00,-1.00,2.00,-1.00,1.00,1.00,1.00
paradox_fs,O_inf,17271914,2.00,2.00,2.00,2.00,1.00,0.00,-1.00,1.00,-1.00,1.00,-1.00,1.00
pkg_package_manager,O_inf,15543922,2.00,0.00,2.00,2.00,1.00,0.00,-1.00,1.00,-1.00,1.00,1.00,1.00
paradoxd_init,O_inf,17271934,2.00,2.00,2.00,2.00,1.00,0.00,-1.00,1.00,-1.00,2.00,1.00,1.00
pkg_paradox,O_1,4849468,-1.00,-2.00,1.00,0.00,-1.00,1.00,1.00,1.00,-2.00,1.00,0.00,-2.00
ox_shell,O_inf,17271914,2.00,2.00,2.00,2.00,1.00,0.00,-1.00,1.00,-1.00,1.00,-1.00,1.00
htop_paradox,O_0,4331060,-1.00,-2.00,-2.00,-2.00,-1.00,1.00,1.00,1.00,-2.00,-1.00,1.00,-2.00
portal_protocol,O_inf,17271914,2.00,2.00,2.00,2.00,1.00,0.00,-1.00,1.00,-1.00,1.00,-1.00,1.00
scheduler_paradox,O_inf,17271934,2.00,2.00,2.00,2.00,1.00,0.00,-1.00,1.00,-1.00,2.00,1.00,1.00
docker_paradox,O_inf,17271934,2.00,2.00,2.00,2.00,1.00,0.00,-1.00,1.00,-1.00,2.00,1.00,1.00
proc_self_paradox,O_inf,17272874,2.00,2.00,2.00,2.00,1.00,0.00,0.00,1.00,-1.00,1.00,-1.00,1.00
shutdown_paradox,O_inf,17271914,2.00,2.00,2.00,2.00,1.00,0.00,-1.00,1.00,-1.00,1.00,-1.00,1.00
fourfold_apparatus,O_inf,17271934,2.00,2.00,2.00,2.00,1.00,0.00,-1.00,1.00,-1.00,2.00,1.00,1.00
phi_probe_test,O_0,17271886,2.00,2.00,2.00,2.00,1.00,0.00,-1.00,1.00,-2.00,2.00,1.00,1.00
phi_probe_r,O_2†,17271982,2.00,2.00,2.00,2.00,1.00,0.00,-1.00,1.00,0.00,2.00,1.00,1.00
phi_probe_esh,O_2†,17272030,2.00,2.00,2.00,2.00,1.00,0.00,-1.00,1.00,1.00,2.00,1.00,1.00
phi_test_woe,O_0,17271886,2.00,2.00,2.00,2.00,1.00,0.00,-1.00,1.00,-2.00,2.00,1.00,1.00
phi_test_odot,O_inf,17271934,2.00,2.00,2.00,2.00,1.00,0.00,-1.00,1.00,-1.00,2.00,1.00,1.00
para_vm_activation,O_inf,17271922,2.00,2.00,2.00,2.00,1.00,0.00,-1.00,1.00,-1.00,1.00,1.00,1.00
navier_stokes_o2dag_source,O_0,11022334,1.00,0.00,2.00,-2.00,-1.00,0.00,-1.00,1.00,-1.00,2.00,1.00,1.00
navier_stokes_o_inf_resolved,O_inf,16837293,2.00,2.00,-1.00,2.00,1.00,-1.00,-1.00,2.00,-1.00,2.00,1.00,-1.00
birch_swinnerton_dyer_resolved,O_inf,17271922,2.00,2.00,2.00,2.00,1.00,0.00,-1.00,1.00,-1.00,1.00,1.00,1.00
yang_mills_missing_foundation,O_0,8643876,1.00,-2.00,-2.00,-2.00,-1.00,-1.00,0.00,-2.00,-2.00,2.00,-1.00,-2.00
ark_covenant,O_inf,17052575,2.00,2.00,1.00,2.00,1.00,-1.00,-1.00,-2.00,-1.00,2.00,1.00,2.00
lapis_exillis,O_inf,15327449,2.00,0.00,1.00,2.00,1.00,0.00,-1.00,-2.00,-1.00,2.00,0.00,-1.00
philosophers_stone,O_inf,16180414,2.00,1.00,1.00,2.00,0.00,1.00,-1.00,1.00,-1.00,2.00,1.00,1.00
omphalos,O_0,16995213,2.00,2.00,1.00,1.00,0.00,-1.00,-1.00,-1.00,-1.00,2.00,1.00,-1.00
exoterik_os,O_0,12793713,1.00,2.00,2.00,-1.00,-1.00,0.00,-1.00,2.00,-2.00,1.00,1.00,-1.00
whale_vocalization,O_0,15399922,2.00,0.00,2.00,-1.00,0.00,0.00,-1.00,1.00,-1.00,1.00,1.00,1.00
whaleph_chimera,O_0,16263934,2.00,1.00,2.00,-1.00,0.00,0.00,-1.00,1.00,-1.00,2.00,1.00,1.00
iug_peeled_phi,O_0,17271886,2.00,2.00,2.00,2.00,1.00,0.00,-1.00,1.00,-2.00,2.00,1.00,1.00
iug_peeled_parity,O_0,17099134,2.00,2.00,2.00,-2.00,1.00,0.00,-1.00,1.00,-1.00,2.00,1.00,1.00
iug_peeled_omega,O_inf,17271932,2.00,2.00,2.00,2.00,1.00,0.00,-1.00,1.00,-1.00,2.00,1.00,-2.00
iug_peeled_chirality,O_inf,17271898,2.00,2.00,2.00,2.00,1.00,0.00,-1.00,1.00,-1.00,-2.00,1.00,1.00
riemann_hypothesis_conjecture,O_0,10806274,1.00,0.00,1.00,-2.00,-1.00,0.00,-1.00,1.00,-2.00,1.00,1.00,1.00
riemann_hypothesis_axiom,O_0,10806274,1.00,0.00,1.00,-2.00,-1.00,0.00,-1.00,1.00,-2.00,1.00,1.00,1.00
riemann_xi_function,O_2,6860284,-1.00,0.00,2.00,1.00,1.00,0.00,-1.00,-2.00,0.00,1.00,0.00,-2.00
lee_yang_theorem,O_2,6224756,-1.00,0.00,-2.00,2.00,-1.00,-1.00,0.00,-2.00,0.00,-1.00,1.00,-2.00
riemann_hypothesis_millennium,O_0,16278370,2.00,1.00,2.00,-1.00,1.00,0.00,-1.00,1.00,0.00,1.00,1.00,1.00
hodge_conjecture_millennium,O_2†,17185570,2.00,2.00,2.00,0.00,1.00,0.00,-1.00,1.00,0.00,1.00,1.00,1.00
yang_mills_millennium,O_0,13662816,2.00,-2.00,2.00,-1.00,-1.00,2.00,-1.00,-2.00,0.00,-2.00,-1.00,-2.00
navier_stokes_millennium,O_0,9944884,1.00,-1.00,1.00,-2.00,-1.00,1.00,-1.00,-1.00,-2.00,-2.00,0.00,-2.00
p_vs_np_millennium,O_0,8652480,1.00,-2.00,-2.00,-2.00,-1.00,2.00,0.00,-2.00,-2.00,-2.00,-1.00,-2.00
bsd_millennium,O_2†,16998370,2.00,2.00,1.00,1.00,0.00,0.00,-1.00,1.00,0.00,1.00,1.00,1.00
odd_perfect_number,O_0,6917760,-1.00,1.00,-2.00,-2.00,-1.00,0.00,-1.00,-2.00,-2.00,-2.00,-1.00,-2.00
tool_review_test,O_2†,17266559,2.00,2.00,2.00,2.00,1.00,-2.00,-1.00,2.00,2.00,2.00,1.00,2.00
yang_mills_source,O_0,11022344,1.00,0.00,2.00,-2.00,-1.00,0.00,-1.00,1.00,0.00,-2.00,1.00,-2.00
yang_mills_zfct_resolved,O_inf,17271922,2.00,2.00,2.00,2.00,1.00,0.00,-1.00,1.00,-1.00,1.00,1.00,1.00
navier_stokes_source,O_0,11022334,1.00,0.00,2.00,-2.00,-1.00,0.00,-1.00,1.00,-1.00,2.00,1.00,1.00
navier_stokes_resolved,O_inf,16837293,2.00,2.00,-1.00,2.00,1.00,-1.00,-1.00,2.00,-1.00,2.00,1.00,-1.00
riemann_zeta_superseded,O_0,6557884,-1.00,0.00,1.00,-1.00,1.00,0.00,-1.00,-2.00,0.00,1.00,0.00,-2.00
zfc_t,O_inf,12953842,1.00,2.00,2.00,2.00,1.00,0.00,1.00,1.00,-1.00,1.00,1.00,1.00
zfc_frobenius_exact,O_inf,17273854,2.00,2.00,2.00,2.00,1.00,0.00,1.00,1.00,-1.00,2.00,1.00,1.00
grammaformer_training_run,O_1,17171068,2.00,2.00,2.00,0.00,0.00,0.00,-1.00,1.00,-2.00,1.00,0.00,-2.00
grammaformer,O_inf,17271922,2.00,2.00,2.00,2.00,1.00,0.00,-1.00,1.00,-1.00,1.00,1.00,1.00
grammaformer_model,O_inf,16410074,2.00,1.00,2.00,2.00,1.00,0.00,1.00,2.00,-1.00,1.00,-1.00,1.00
ob3ect_generation_pipeline,O_inf,16379122,2.00,1.00,2.00,2.00,-1.00,0.00,-1.00,1.00,-1.00,1.00,1.00,1.00
human_cognition,O_0,17199933,2.00,2.00,2.00,1.00,-1.00,0.00,-1.00,1.00,-1.00,2.00,1.00,-1.00
proton,O_0,517440,-2.00,-2.00,1.00,-1.00,1.00,2.00,1.00,-2.00,-2.00,-2.00,-1.00,-2.00
broadcast_universe,O_inf,17272166,2.00,2.00,2.00,2.00,1.00,0.00,-1.00,2.00,-1.00,2.00,-1.00,1.00
genetic_code,O_0,6782180,-1.00,0.00,2.00,-1.00,1.00,2.00,1.00,2.00,-2.00,-1.00,1.00,-2.00
whale_vm,O_inf,12953842,1.00,2.00,2.00,2.00,1.00,0.00,1.00,1.00,-1.00,1.00,1.00,1.00
decomp_draft,O_0,9298616,1.00,-2.00,2.00,-2.00,-1.00,1.00,1.00,-2.00,-1.00,-2.00,1.00,-2.00
photoelectric_effect,O_0,10612808,1.00,0.00,-1.00,-2.00,1.00,-2.00,-1.00,-2.00,-2.00,-2.00,1.00,-2.00
blackbody_radiation,O_0,9751684,1.00,-1.00,-1.00,-2.00,1.00,-1.00,-1.00,-2.00,-2.00,-2.00,0.00,-2.00
double_slit_experiment,O_0,11092084,1.00,0.00,2.00,-1.00,1.00,-1.00,0.00,-1.00,-2.00,-2.00,0.00,-2.00
stern_gerlach_experiment,O_1,8971444,1.00,-2.00,-1.00,0.00,1.00,-2.00,-1.00,-1.00,-2.00,-2.00,0.00,-2.00
compton_scattering,O_0,10612808,1.00,0.00,-1.00,-2.00,1.00,-2.00,-1.00,-2.00,-2.00,-2.00,1.00,-2.00
franck_hertz_experiment,O_0,10616168,1.00,0.00,-1.00,-2.00,1.00,-1.00,-1.00,1.00,-2.00,-2.00,1.00,-2.00
davisson_germer_experiment,O_0,10616644,1.00,0.00,-1.00,-2.00,1.00,-1.00,0.00,-2.00,-2.00,-2.00,0.00,-2.00
bell_test_experiment,O_0,11090188,1.00,0.00,2.00,-1.00,1.00,-2.00,1.00,-1.00,-2.00,1.00,0.00,-2.00
quantum_eraser_experiment,O_0,11092352,1.00,0.00,2.00,-1.00,1.00,-1.00,0.00,1.00,-2.00,1.00,1.00,-2.00
aharonov_bohm_effect,O_0,10614006,1.00,0.00,-1.00,-2.00,1.00,-2.00,0.00,-1.00,-2.00,-2.00,0.00,1.00
