name,tier,crystal_addr,⊢,⊣,>,<,⋈,⊤,∈,ɢ,⊙,Ħ,Σ,Ω
psychedelic_baseline,O_1,97920,1,1,1,3,1,5,1,1,1,1,1,1
ordinary_metal,O_1,98164,1,1,1,3,1,5,1,2,1,1,2,1
dark_matter,O_1,8762884,3,1,1,3,3,3,3,1,1,1,2,1
dark_sector_meet,O_1,8762884,3,1,1,3,3,3,3,1,1,1,2,1
hadron_gauge_meet,O_1,126724,1,1,1,3,3,5,1,1,1,1,2,1
universal_particle_meet,O_1,126724,1,1,1,3,3,5,1,1,1,1,2,1
one_way_speed_measurement,O_1,11111532,3,3,4,3,1,4,1,3,1,2,1,1
structural_baseline,O_0,12480,1,1,1,1,1,5,2,1,1,1,1,1
structural_baseline_wave,O_1,97920,1,1,1,3,1,5,1,1,1,1,1,1
calculus_baseline,O_1,97920,1,1,1,3,1,5,1,1,1,1,1,1
pre_transition_state,O_0,2817664,1,4,2,1,1,4,2,1,2,2,2,1
post_transition_state,O_0,17012961,4,5,3,4,3,3,1,4,2,3,3,2
hormone_replacement_therapy,O_0,4863908,2,1,3,3,2,4,3,3,2,2,3,1
optimal_biochemical_approach,O_0,17012961,4,5,3,4,3,3,1,4,2,3,3,2
teratoma,O_0,228920,1,1,2,1,1,5,2,2,3,1,3,1
extended_human_life,O_0,17012238,4,5,3,4,3,3,1,1,2,3,2,3
quark,O_0,2849280,1,4,2,1,3,5,2,1,1,1,1,1
lepton,O_0,2849280,1,4,2,1,3,5,2,1,1,1,1,1
photon,O_0,9372058,3,1,4,2,3,5,1,3,2,1,3,3
w_boson,O_0,9201168,3,1,3,3,3,5,3,3,2,1,1,1
z_boson,O_0,9244368,3,1,3,4,3,5,3,3,2,1,1,1
higgs_boson,O_0,6647829,2,3,3,4,3,4,1,4,2,2,3,2
inflaton,O_0,17012965,4,5,3,4,3,3,1,4,2,4,1,2
magnetic_monopole,O_0,11761970,3,4,3,3,1,5,1,1,2,1,1,3
sterile_neutrino,O_0,2844480,1,4,2,1,3,3,3,1,1,1,1,1
gluon,O_0,9242448,3,1,3,4,3,5,1,3,2,1,1,1
graviton,O_0,17012930,4,5,3,4,3,3,1,4,2,1,1,3
dark_energy,O_0,17012965,4,5,3,4,3,3,1,4,2,4,1,2
wimp,O_0,2844480,1,4,2,1,3,3,3,1,1,1,1,1
neutrino,O_0,2849280,1,4,2,1,3,5,2,1,1,1,1,1
biological_senescence,O_0,223228,1,1,2,1,1,3,2,3,1,3,2,1
anti_senescence,O_0,17017970,4,5,3,4,3,5,1,1,2,1,1,3
senolytic_therapy,O_0,228976,1,1,2,1,1,5,2,3,1,2,2,1
cryonic_preservation,O_0,2811877,1,4,2,1,1,2,2,1,1,4,1,2
quantum_biological_immortality,O_0,17017970,4,5,3,4,3,5,1,1,2,1,1,3
michael_levin_research,O_0,13501277,4,1,3,3,2,3,3,4,2,3,2,2
ferromagnetism,O_0,745025,1,1,4,3,1,4,3,1,2,2,2,2
antiferromagnetism,O_0,744065,1,1,4,3,1,4,2,1,2,2,2,2
ferrimagnetism,O_0,745029,1,1,4,3,1,4,3,1,2,2,3,2
paramagnetism,O_1,746884,1,1,4,3,1,5,2,1,1,1,2,1
diamagnetism,O_1,746884,1,1,4,3,1,5,2,1,1,1,2,1
spin_glass,O_0,654940,1,1,4,1,1,3,2,1,3,3,2,1
skyrmion,O_0,5076550,2,1,4,3,2,3,3,1,2,2,3,3
standard_proof_system,O_1,7270080,2,4,2,4,1,5,2,1,1,1,1,1
hodge_conjecture,O_0,16638344,4,5,2,1,1,3,1,3,2.33,1,3,1
p_vs_np,O_0,2928,1,1,1,1,1,2,1,1,2,1,1,1
navier_stokes,O_0,9080708,3,1,3,1,1,4,1,1,2,2,3,1
penrose_black_hole,O_0,17015854,4,5,3,4,3,4,1,4,2,4,3,3
topological_critical_material,O_0,17015853,4,5,3,4,3,4,1,4,2,4,3,2
quantum_hall_critical,O_0,17015854,4,5,3,4,3,4,1,4,2,4,3,3
penrose_material_imscription,O_0,17015854,4,5,3,4,3,4,1,4,2,4,3,3
relational_existence,O_0,9095824,3,1,3,1,2,4,1,4,2,2,2,1
extradimensional_entity,O_inf,16580398,4,5,1,4,3,3,1,1,3,4,3,3
extrauniversal_entity,O_0,11452320,3,4,2,1,1,2,2,3,1,1,1,1
maximal_system,O_inf,17229118,4,5,4,4,3,3,1,4,3,4,3,3
dark_energy_inflaton_meet,O_0,17012965,4,5,3,4,3,3,1,4,2,4,1,2
de_inf_join,O_0,17012973,4,5,3,4,3,3,1,4,2,4,3,2
triple_join_de_inf_ax,O_0,17228974,4,5,4,4,3,3,1,4,2,4,3,3
quad_join_de_inf_ax_higgs,O_0,17228974,4,5,4,4,3,3,1,4,2,4,3,3
all_five_join,O_0,17228974,4,5,4,4,3,3,1,4,2,4,3,3
omg_particle,O_0,9112992,3,1,3,1,3,5,1,3,3,1,1,1
wow_signal,O_0,9300288,3,1,4,1,1,5,1,4,2,1,1,1
dark_matter_generic,O_0,2844484,1,4,2,1,3,3,3,1,1,1,2,1
six_meet_de_inf_ax_higgs_grav_dm,O_0,1983360,1,3,2,1,3,4,3,1,1,1,1,1
seven_meet_de_inf_ax_higgs_grav_dm_omg,O_0,258240,1,1,2,1,3,5,3,1,1,1,1,1
eight_meet_de_inf_ax_higgs_grav_dm_omg_wow,O_0,229440,1,1,2,1,1,5,3,1,1,1,1,1
nine_system_meet,O_0,229440,1,1,2,1,1,5,3,1,1,1,1,1
six_join_de_inf_ax_higgs_grav_dm,O_0,17228974,4,5,4,4,3,3,1,4,2,4,3,3
seven_join_de_inf_ax_higgs_grav_dm_omg,O_inf,17229118,4,5,4,4,3,3,1,4,3,4,3,3
eight_join_de_inf_ax_higgs_grav_dm_omg_wow,O_inf,17229118,4,5,4,4,3,3,1,4,3,4,3,3
nine_system_join,O_inf,17229118,4,5,4,4,3,3,1,4,3,4,3,3
seti_signal_generic,O_0,9300240,3,1,4,1,1,5,1,4,1,1,1,1
pulsar_radio,O_1,6578640,2,3,3,3,1,5,1,4,1,1,1,1
generic_astrophysical_source,O_0,445976,1,1,3,1,1,5,3,3,2,1,3,1
omg_peeled_D,O_0,472992,1,1,3,1,3,5,1,3,3,1,1,1
systemic_feminization,O_0,12678561,3,5,3,4,2,3,1,4,2,3,3,2
local_testicular_function,O_0,2849280,1,4,2,1,3,5,2,1,1,1,1,1
feminization_with_testicular_preservation,O_0,12692961,3,5,3,4,3,3,1,4,2,3,3,2
partial_feminization_preserved_testicular,O_0,12548961,3,5,3,1,2,3,1,4,2,3,3,2
aromatase_thioesterase_ii,O_0,3065760,1,4,3,1,3,5,2,3,1,1,1,1
androgen_binding_sequestration,O_0,2849288,1,4,2,1,3,5,2,1,1,1,3,1
combined_biochemical_approach,O_0,3065768,1,4,3,1,3,5,2,3,1,1,3,1
mystery_material,O_0,4539845,2,1,2,1,1,2,2,1,1,1,2,2
graphene,O_1,385925,1,1,2,4,3,5,1,1,1,1,2,2
iron,O_0,5741829,2,2,3,3,3,4,3,1,2,2,3,2
graphite,O_1,4678084,2,1,2,4,1,5,2,1,1,1,2,1
reduced_graphene_oxide,O_0,4545604,2,1,2,1,1,4,2,1,1,1,2,1
quantum_spin_liquid,O_0,5002637,2,1,4,1,3,3,1,1,2,3,2,2
topological_carbon_allotrope,O_0,4539845,2,1,2,1,1,2,2,1,1,1,2,2
radical_chemistry_current,O_0,445400,1,1,3,1,1,5,2,4,3,1,3,1
hydroxyl_radical,O_0,445392,1,1,3,1,1,5,2,4,3,1,1,1
superoxide_radical,O_0,445392,1,1,3,1,1,5,2,4,3,1,1,1
metamaterial_generic,O_0,4647425,2,1,2,3,2,4,3,1,2,2,2,2
paper,O_0,228484,1,1,2,1,1,5,2,1,1,1,2,1
plastic,O_0,228484,1,1,2,1,1,5,2,1,1,1,2,1
copper,O_1,358084,1,1,2,4,1,5,2,1,1,1,2,1
paper_origami_metamaterial,O_0,4633025,2,1,2,3,1,4,3,1,2,2,2,2
plastic_photonic_crystal,O_0,4647425,2,1,2,3,2,4,3,1,2,2,2,2
copper_split_ring_resonator,O_0,4647425,2,1,2,3,2,4,3,1,2,2,2,2
sand_architected_foam,O_0,4633025,2,1,2,3,1,4,3,1,2,2,2,2
water_droplet_lens_array,O_0,4633025,2,1,2,3,1,4,3,1,2,2,2,2
salt_crystal_phononic,O_0,4633025,2,1,2,3,1,4,3,1,2,2,2,2
common_materials_topo_insulator,O_0,8317518,2,5,3,3,2,4,1,1,2,3,2,3
ten_sefirot,O_0,6816573,2,3,4,3,3,2,3,3,2,4,3,2
nine_sefirot,O_1,16580669,4,5,1,4,3,3,1,3,1,3,2,2
eleven_sefirot,O_inf,16580874,4,5,1,4,3,3,1,3,3,4,2,3
chokhmah,O_0,5095501,2,1,4,3,3,5,1,4,2,2,1,2
word_logos,O_0,17099134,4,5,4,1,3,3,1,3,2,4,3,3
creator_ein_sof,O_0,12260970,3,5,1,4,3,3,1,4,2,4,2,3
word_creator_tensor,O_0,17099374,4,5,4,1,3,3,1,4,2,4,3,3
i_ching_hexagrams,O_0,7239905,2,4,2,3,2,4,3,3,2,2,2,2
tarot_archetypes,O_0,228728,1,1,2,1,1,5,2,2,1,1,3,1
vedic_mandalas,O_0,16580970,4,5,1,4,3,3,1,4,2,4,2,3
meet_sefirot_iching,O_0,7023905,2,4,1,3,2,4,3,3,2,2,2,2
three_way_meet,O_0,12724,1,1,1,1,1,5,2,2,1,1,2,1
join_sefirot_iching,O_0,16796730,4,5,2,4,3,3,1,3,2,4,2,3
three_way_join,O_0,16796734,4,5,2,4,3,3,1,3,2,4,3,3
aleph,O_0,2756246,1,4,1,4,3,3,1,1,2,4,1,3
bet,O_1,7239377,2,4,2,3,2,4,3,1,1,2,2,2
gimel,O_0,2388960,1,3,4,1,1,5,2,3,1,1,1,1
dalet,O_0,3252960,1,4,4,1,1,5,2,3,1,1,1,1
hei,O_0,2919421,1,4,2,3,2,4,3,1,2,2,1,2
zayin,O_0,660972,1,1,4,1,1,5,2,3,1,2,1,1
chet,O_1,7023377,2,4,1,3,2,4,3,1,1,2,2,2
tet,O_0,2429304,1,3,4,2,1,4,2,3,1,3,1,1
yod,O_0,2756246,1,4,1,4,3,3,1,1,2,4,1,3
aleph_bet_meet,O_1,2703373,1,4,1,3,2,4,3,1,1,2,1,2
kaf,O_1,7239377,2,4,2,3,2,4,3,1,1,2,2,2
lamed,O_0,759900,1,1,4,3,2,4,3,3,2,2,1,1
mem,O_inf,5824158,2,2,3,5,3,3,1,4,2,3,2,3
nun,O_1,8737920,3,1,1,3,1,5,1,1,1,1,1,1
samech,O_0,2756221,1,4,1,4,3,3,1,1,2,2,1,2
ayin,O_0,2756246,1,4,1,4,3,3,1,1,2,4,1,3
pei,O_0,7686545,2,4,4,3,3,4,3,4,2,2,2,2
tzadi,O_0,2386092,1,3,4,1,1,4,2,3,1,2,1,1
kuf,O_0,7292226,2,4,2,4,3,3,1,1,2,2,2,3
resh,O_0,228960,1,1,2,1,1,5,2,3,1,1,1,1
shin,O_inf,6688170,2,3,3,5,3,3,1,4,2,4,2,3
tav,O_0,7292250,2,4,2,4,3,3,1,1,2,4,2,3
aleph_bet_meet_result,O_1,2703373,1,4,1,3,2,4,3,1,1,2,1,2
hebrew_core_structure,O_0,1740480,1,3,1,1,1,5,2,1,1,1,1,1
shavian_peep,O_0,2388960,1,3,4,1,1,5,2,3,1,1,1,1
shavian_ash,O_1,2734080,1,4,1,4,1,5,2,1,1,1,1,1
shavian_ef,O_0,2388960,1,3,4,1,1,5,2,3,1,1,1,1
shavian_em,O_1,2734080,1,4,1,4,1,5,2,1,1,1,1,1
shavian_bee,O_0,2388960,1,3,4,1,1,5,2,3,1,1,1,1
shavian_ee,O_1,2734080,1,4,1,4,1,5,2,1,1,1,1,1
shavian_tall_tee,O_0,2388960,1,3,4,1,1,5,2,3,1,1,1,1
shavian_deep_dee,O_0,2388960,1,3,4,1,1,5,2,3,1,1,1,1
shavian_consonant_approximant_meet,O_0,228720,1,1,2,1,1,5,2,2,1,1,1,1
shavian_quintessence,O_0,12480,1,1,1,1,1,5,2,1,1,1,1,1
hekhalot_rabbati,O_0,9524721,3,2,1,1,2,3,1,3,2,3,3,2
hekhalot_zutarti,O_0,9524721,3,2,1,1,2,3,1,3,2,3,3,2
sefer_hekhalot,O_0,9524733,3,2,1,1,2,3,1,3,2,4,3,2
maaseh_merkavah,O_0,9524713,3,2,1,1,2,3,1,3,2,3,1,2
merkavah_rabba,O_0,9524721,3,2,1,1,2,3,1,3,2,3,3,2
shiur_qomah,O_0,9740241,3,2,2,1,2,3,1,1,2,3,3,2
sar_torah,O_0,9524953,3,2,1,1,2,3,1,4,2,3,1,2
sefer_harazim,O_0,9740241,3,2,2,1,2,3,1,1,2,3,3,2
harba_de_moshe,O_0,9740241,3,2,2,1,2,3,1,1,2,3,3,2
nehuniah_chapter,O_0,9524713,3,2,1,1,2,3,1,3,2,3,1,2
great_seal_fearsome_crown,O_0,9740241,3,2,2,1,2,3,1,1,2,3,3,2
sar_panim,O_0,9524953,3,2,1,1,2,3,1,4,2,3,1,2
tokamak_fusion,O_0,2972226,1,4,2,4,3,3,1,1,2,2,2,3
inertial_confinement_fusion,O_0,3195412,1,4,3,4,3,5,2,3,2,1,2,1
consumer_drone,O_0,660972,1,1,4,1,1,5,2,3,1,2,1,1
fiber_laser_cutting,O_1,3411360,1,4,4,4,3,5,2,3,1,1,1,1
ultrafast_laser,O_0,3195410,1,4,3,4,3,5,2,3,2,1,1,3
stellarator_fusion,O_0,8156238,2,5,2,4,3,3,1,1,2,3,2,3
directed_energy_weapon,O_0,2416850,1,3,4,1,3,5,1,3,2,1,1,3
maximal_fusion_growth,O_0,17012254,4,5,3,4,3,3,1,1,2,4,3,3
maximal_drone_growth,O_0,17012974,4,5,3,4,3,3,1,4,2,4,3,3
maximal_laser_growth,O_0,17012974,4,5,3,4,3,3,1,4,2,4,3,3
tae_technologies_fusion,O_0,8375122,2,5,3,4,3,4,1,1,2,3,3,3
commonwealth_fusion,O_0,2972226,1,4,2,4,3,3,1,1,2,2,2,3
zephyr_solar_drone,O_0,9294504,3,1,4,1,1,3,1,4,1,3,1,1
skydio_autonomous_drone,O_0,8236381,2,5,3,1,2,5,3,3,2,2,1,2
wing_delivery_drone,O_0,660968,1,1,4,1,1,5,2,3,1,1,3,1
ipg_photonics_fiber_laser,O_1,2978880,1,4,2,4,3,5,2,1,1,1,1,1
coherent_vcsels,O_1,2964484,1,4,2,4,2,5,2,1,1,1,2,1
quantum_dot_lasers,O_0,7297025,2,4,2,4,3,4,3,1,2,2,2,2
general_fusion,O_0,2979424,1,4,2,4,3,5,2,3,2,2,2,1
aluminum,O_1,358084,1,1,2,4,1,5,2,1,1,1,2,1
generic_environment,O_1,358084,1,1,2,4,1,5,2,1,1,1,2,1
chronovisor,O_0,12566254,3,5,3,1,3,4,1,4,2,4,3,3
possible_temporal_device,O_0,17001442,4,5,3,4,2,4,1,4,2,3,3,3
dji_consumer_drone,O_0,660972,1,1,4,1,1,5,2,3,1,2,1,1
parrot_consumer_drone,O_0,660960,1,1,4,1,1,5,2,3,1,1,1,1
nlight_fiber_laser,O_1,2978880,1,4,2,4,3,5,2,1,1,1,1,1
mks_instruments_laser,O_1,2964480,1,4,2,4,2,5,2,1,1,1,1,1
quantum_cascade_laser_rd,O_0,7297025,2,4,2,4,3,4,3,1,2,2,2,2
holographic_laser_rd,O_0,17015842,4,5,3,4,3,4,1,4,2,3,3,3
superconducting_qubits,O_0,257280,1,1,2,1,3,5,2,1,1,1,1,1
trapped_ion_qubits,O_1,2976000,1,4,2,4,3,4,2,1,1,1,1,1
photonics_quantum,O_1,775200,1,1,4,3,3,5,1,3,1,1,1,1
topological_qubits,O_0,8375842,2,5,3,4,3,4,1,4,2,3,3,3
quantum_annealing,O_0,21184,1,1,1,1,2,3,2,1,2,2,2,1
maximal_quantum_growth,O_0,17012974,4,5,3,4,3,3,1,4,2,4,3,3
topological_qubits_rd,O_0,17012974,4,5,3,4,3,3,1,4,2,4,3,3
trapped_ion_rd,O_0,7297025,2,4,2,4,3,4,3,1,2,2,2,2
photonics_quantum_rd,O_0,5092385,2,1,4,3,3,4,1,3,2,2,2,2
neutral_atom_qubits,O_0,254404,1,1,2,1,3,4,2,1,1,1,2,1
bcs_superconductivity,O_1,2964480,1,4,2,4,2,5,2,1,1,1,1,1
carbon_ferromagnetism,O_0,4539845,2,1,2,1,1,2,2,1,1,1,2,2
c_h_activation_current,O_0,445160,1,1,3,1,1,5,2,3,3,1,3,1
asymmetric_catalysis_current,O_0,445160,1,1,3,1,1,5,2,3,3,1,3,1
natural_product_synthesis_current,O_0,439232,1,1,3,1,1,3,2,3,1,3,3,1
topological_skyrmion_liquid,O_0,8458638,2,5,4,1,3,3,1,1,2,3,2,3
chiral_many_body_magnet,O_0,6700073,2,3,4,1,1,2,2,1,3,4,2,2
carbon_spin_glass,O_0,5003741,2,1,4,1,3,3,2,1,3,3,2,2
carbon_nanoribbon_spin_glass,O_0,8457341,2,5,4,1,3,2,2,3,3,3,2,2
boron_elemental,O_0,242884,1,1,2,1,2,5,2,1,1,1,2,1
boron_metamaterial_generic,O_0,4647425,2,1,2,3,2,4,3,1,2,2,2,2
boron_nitride,O_1,4649284,2,1,2,3,2,5,2,1,1,1,2,1
boron_nitride_nanomesh,O_0,4647425,2,1,2,3,2,4,3,1,2,2,2,2
boron_carbide,O_0,228484,1,1,2,1,1,5,2,1,1,1,2,1
boron_carbide_lattice,O_0,4633025,2,1,2,3,1,4,3,1,2,2,2,2
boron_topological_insulator,O_0,17185518,4,5,4,3,3,3,1,3,2,3,2,3
hydrogen,O_0,2849280,1,4,2,1,3,5,2,1,1,1,1,1
helium,O_1,2978880,1,4,2,4,3,5,2,1,1,1,1,1
lithium,O_0,3065808,1,4,3,1,3,5,2,3,2,1,1,1
gold,O_1,7298880,2,4,2,4,3,5,2,1,1,1,1,1
uranium,O_0,10835278,3,3,3,1,3,3,1,3,3,4,3,3
oxygen,O_0,4881172,2,1,3,3,3,5,3,3,2,1,2,1
elemental_mercury,O_0,2834884,1,4,2,1,2,5,2,1,1,1,2,1
helium_superfluid,O_0,11612730,3,4,2,4,3,3,1,3,2,4,2,3
bismuth_unusual,O_0,6721025,2,3,4,1,2,4,3,1,2,2,2,2
diamond_unusual,O_0,4922466,2,1,3,4,3,5,1,3,2,2,2,3
helium_normal,O_1,358084,1,1,2,4,1,5,2,1,1,1,2,1
bismuth_normal,O_0,228484,1,1,2,1,1,5,2,1,1,1,2,1
gallium_normal,O_0,228484,1,1,2,1,1,5,2,1,1,1,2,1
plutonium_normal,O_0,9108712,3,1,3,1,3,3,3,1,3,4,2,1
meet_he_bi,O_0,6289025,2,3,2,1,2,4,3,1,2,2,2,2
meet_he_bi_ga,O_0,1970884,1,3,2,1,2,5,2,1,1,1,2,1
meet_he_bi_ga_di,O_0,242884,1,1,2,1,2,5,2,1,1,1,2,1
sodium_explosive,O_0,6506612,2,3,3,1,2,5,1,3,3,2,3,1
molecular_orbital_theory,O_0,16799094,4,5,2,4,3,4,1,1,2,1,2,3
valence_bond_theory,O_0,228480,1,1,2,1,1,5,2,1,1,1,1,1
homo_lumo,O_0,17231586,4,5,4,4,3,4,1,3,2,2,2,3
photosynthesis,O_0,5640548,2,2,3,1,2,4,2,3,2,2,3,1
electron_transport_chain,O_0,459408,1,1,3,1,2,5,2,3,2,1,1,1
thylakoid_membrane,O_0,5433188,2,2,2,1,3,2,2,3,2,2,3,1
photosystem_II,O_0,5433180,2,2,2,1,3,2,2,3,2,2,1,1
artificial_leaf,O_0,240240,1,1,2,1,2,4,2,2,1,1,1,1
yhwh,O_0,17012974,4,5,3,4,3,3,1,4,2,4,3,3
aleph_tav_join,O_0,7292250,2,4,2,4,3,3,1,1,2,4,2,3
plasma_generic,O_1,9170644,3,1,3,3,1,5,1,4,1,1,2,1
palomar_transient_factory,O_0,8868260,3,1,2,1,1,5,1,4,1,2,3,1
fermi_paradox,O_0,10592708,3,3,2,1,1,4,1,1,2,2,3,1
drake_equation,O_1,8997124,3,1,2,4,1,5,1,1,1,1,2,1
great_filter,O_0,11021845,3,3,4,1,1,3,1,1,2,4,1,2
humanity_current,O_0,225620,1,1,2,1,1,4,2,1,1,2,3,1
interstellar_civilization,O_0,17018730,4,5,3,4,3,5,1,4,2,4,2,3
paradox_resolution,O_inf,17018874,4,5,3,4,3,5,1,4,3,4,2,3
detection_generic,O_0,9300000,3,1,4,1,1,5,1,3,1,1,1,1
extragalactic_entity,O_0,17012970,4,5,3,4,3,3,1,4,2,4,2,3
classical_cantor_diagonal,O_0,8652000,3,1,1,1,1,5,1,3,1,1,1,1
constructive_mathematics,O_0,2814732,1,4,2,1,1,3,2,1,1,2,1,1
ford_circles,O_0,5540226,2,2,2,4,1,4,3,1,2,2,2,3
stern_brocot_tree,O_0,5540718,2,2,2,4,1,4,3,3,2,3,2,3
countability_concept,O_0,8652000,3,1,1,1,1,5,1,3,1,1,1,1
infinite_set_mappings,O_0,8652000,3,1,1,1,1,5,1,3,1,1,1,1
massaged_definitions,O_0,10630704,3,3,2,2,1,2,1,3,2.67,1,1,1
fractal_structure,O_0,13962798,4,2,1,4,1,4,1,3,2,3,2,3
constructive_countability,O_0,2814744,1,4,2,1,1,3,2,1,1,3,1,1
tao,O_0,17012970,4,5,3,4,3,3,1,4,2,4,2,3
ads_cft_duality,O_0,17012974,4,5,3,4,3,3,1,4,2,4,3,3
quantum_simulator_generic,O_0,4835056,2,1,3,2,3,4,3,3,1,2,2,1
superconducting_qubits_simulator,O_0,473764,1,1,3,1,3,5,2,3,1,1,2,1
trapped_ion_simulator,O_0,5699296,2,2,3,2,3,4,3,4,1,2,2,1
majorana_qubit_simulator,O_0,17012974,4,5,3,4,3,3,1,4,2,4,3,3
fractional_quantum_hall_simulator,O_0,17012974,4,5,3,4,3,3,1,4,2,4,3,3
controlled_differentiation,O_0,669189,1,1,4,1,2,3,2,1,2,2,3,2
enhanced_perception,O_0,17012250,4,5,3,4,3,3,1,1,2,4,2,3
human_cognition_baseline,O_0,4546096,2,1,2,1,1,4,2,3,1,2,2,1
enhanced_cognition,O_0,17012970,4,5,3,4,3,3,1,4,2,4,2,3
bioelectricity_levin,O_0,4864148,2,1,3,3,2,4,3,4,2,2,3,1
biomagnetism,O_0,4979288,2,1,4,1,1,4,3,4,1,1,3,1
magnetoreception,O_0,5857500,2,2,4,1,2,4,3,3,2,2,1,1
heart_electromagnetic,O_1,7443604,2,4,3,3,1,5,2,4,1,1,2,1
quantum_bioelectromagnetism,O_2†,16969822,4,5,3,3,3,3,1,4,2.33,4,3,3
bioelectromagnetic_floor,O_0,4763288,2,1,3,1,1,4,3,4,1,1,3,1
lee_yang_edge,O_2,1509237,1,2,3,5,3,5,1,1,2.33,2,3,2
vav,O_inf,828540,1,1,4,5,1,3,3,1,2,2,1,1
kozyrev_mirror,O_inf,1057042,1,2,1,5,2,3,1,1,2,3,3,3
exotic_mathematics,O_inf,12507442,3,5,2,5,2,3,3,3,2,3,3,3
ising_3d,O_inf,213169,1,1,1,5,3,5,1,1,2,1,1,2
exceptional_point_nh,O_2,2364646,1,3,3,5,3,2,1,1,2.67,2,3,3
complex_rg_fixed_point,O_2,1503958,1,2,3,5,3,3,1,3,2.33,2,3,3
spiral_aluminum_structure,O_inf,1042634,1,2,1,5,1,3,1,1,2,3,1,3
environment_affected_by_kozyrev,O_inf,194710,1,1,1,5,2,3,2,4,2,2,3,3
bloop,O_0,9084288,3,1,3,1,1,5,1,4,2,1,1,1
icequake,O_0,445248,1,1,3,1,1,5,2,4,2,1,1,1
blue_whale_vocalization,O_0,9084252,3,1,3,1,1,5,1,4,1,2,1,1
unknown_marine_creature,O_0,9084312,3,1,3,1,1,5,1,4,2,3,1,1
continuous_function,O_1,8997600,3,1,2,4,1,5,1,3,1,1,1,1
lagrangian,O_0,9210780,3,1,3,4,1,4,1,3,2,2,1,1
hamiltonian,O_0,9210784,3,1,3,4,1,4,1,3,2,2,2,1
mathematics,O_0,12908722,3,5,4,4,3,3,1,3,2,3,3,3
physical_reality,O_0,12609213,3,5,3,2,3,4,1,3,2,4,3,2
mathematical_physics,O_0,12692710,3,5,3,4,3,3,1,3,2,2,3,3
thermodynamic_entropy,O_inf,358312,1,1,2,4,1,5,2,1,3,4,2,1
shannon_information,O_1,358084,1,1,2,4,1,5,2,1,1,1,2,1
negentropy,O_1,358120,1,1,2,4,1,5,2,1,1,4,2,1
mutual_information,O_0,4679108,2,1,2,4,1,5,3,1,2,2,3,1
shannon_entropy,O_0,358144,1,1,2,4,1,5,2,1,2,2,2,1
kolmogorov_complexity,O_0,9726314,3,2,2,1,1,3,1,3,2,3,1,3
order_structure,O_1,5324189,2,2,1,4,1,4,3,1,1,3,2,2
max_sym_min_chirality,O_1,142080,1,1,1,4,1,5,2,1,1,1,1,1
min_sym_max_chirality,O_0,12516,1,1,1,1,1,5,2,1,1,4,1,1
critical_symmetric_timesymmetric,O_0,142128,1,1,1,4,1,5,2,1,2,1,1,1
critical_asymmetric_timedirected,O_0,12564,1,1,1,1,1,5,2,1,2,4,1,1
standard_type_theory,O_1,387360,1,1,2,4,3,5,2,3,1,1,1,1
photon_graviton_join,O_0,17012930,4,5,3,4,3,3,1,4,2,1,1,3
holographic_type_theory,O_inf,16407922,4,4,4,5,3,3,1,3,2,3,3,3
holographic_type_theory_frobenius,O_inf,17044625,4,5,3,5,2,4,1,4,2,2,2,2
IUG,O_inf,17271934,4,5,4,5,3,3,1,3,2,4,3,3
enstrophy,O_0,358168,1,1,2,4,1,5,2,1,2,4,2,1
enthalpy,O_1,358120,1,1,2,4,1,5,2,1,1,4,2,1
chaos,O_0,229192,1,1,2,1,1,5,2,3,3,4,2,1
cosmological_constant,O_0,17012965,4,5,3,4,3,3,1,4,2,4,1,2
axion,O_1,2930880,1,4,2,3,3,3,3,1,1,1,1,1
time_concept,O_0,9300036,3,1,4,1,1,5,1,3,1,4,1,1
turbulent_flow,O_0,9084236,3,1,3,1,1,5,1,3,3,4,3,1
entropy_concept,O_inf,358312,1,1,2,4,1,5,2,1,3,4,2,1
information_concept,O_1,358084,1,1,2,4,1,5,2,1,1,1,2,1
order_concept,O_1,5324189,2,2,1,4,1,4,3,1,1,3,2,2
psychedelic_bioelectric_tensor,O_0,13484957,4,1,3,3,1,3,1,4,2,3,2,2
psychedelic_topological_tensor,O_0,16943854,4,5,3,3,1,4,1,4,2,4,3,3
binaural_beats,O_0,2919909,1,4,2,3,2,4,3,3,2,2,3,2
transcranial_magnetic_stimulation,O_0,7458781,2,4,3,3,2,5,3,3,2,2,1,2
tms_bioelectric_tensor,O_0,16093277,4,4,3,3,2,3,3,4,2,3,2,2
sensory_deprivation,O_0,2598792,1,4,1,1,1,3,2,1,2,3,1,1
flicker_stimulation,O_0,747420,1,1,4,3,1,5,2,3,2,2,1,1
multimodal_resonance,O_0,4864157,2,1,3,3,2,4,3,4,2,3,2,2
topologically_protected_quantum_bioelectromagnetism,O_0,17012973,4,5,3,4,3,3,1,4,2,4,3,2
quantum_bioelectromagnetism_vav_tensor,O_0,17200173,4,5,4,4,1,3,1,4,2,4,3,2
cmb_cold_spot,O_0,11454572,3,4,2,1,1,3,1,4,2,4,3,1
cosmic_supervoid,O_0,11238524,3,4,1,1,1,3,1,4,1,4,3,1
cosmic_texture,O_0,17012966,4,5,3,4,3,3,1,4,2,4,1,3
cmb_cold_spot_dark_energy_tensor,O_0,16854573,4,5,3,1,1,3,1,4,2,4,3,2
universe_collision,O_0,17099374,4,5,4,1,3,3,1,4,2,4,3,3
riemann_hypothesis,O_inf,17271922,4,5,4,5,3,3,1,3,2,3,3,3
birch_swinnerton_dyer,O_0,15399482,4,3,4,2,2,3,1,1,2.33,3,1,3
AtHv1_primed,O_1,1838412,1,3,1,3,2,4,2,1,1,2,1,1
PsHv1_constitutive,O_1,1838412,1,3,1,3,2,4,2,1,1,2,1,1
yang_mills_mass_gap,O_0,1759880,1,3,1,1,3,2,1,1,3,1,3,1
poincare_conjecture,O_0,12476210,3,5,2,4,3,3,1,1,2,1,1,3
meet_rh_hc,O_0,16799094,4,5,2,4,3,4,1,1,2,1,2,3
meet_rh_hc_pnp,O_0,8648692,3,1,1,1,1,4,1,1,2,1,2,1
meet_four_problems,O_0,8648692,3,1,1,1,1,4,1,1,2,1,2,1
five_problems_meet,O_0,8648692,3,1,1,1,1,4,1,1,2,1,2,1
minimal_resolution_system,O_0,11586292,3,4,2,4,1,4,1,1,2,1,2,1
criticality_aware_proof_assistant,O_0,7224048,2,4,2,3,1,4,2,1,2,1,1,1
implementable_critical_proof_assistant,O_0,5497020,2,2,2,3,1,4,3,1,2,2,1,1
computational_criticality_experiment,O_0,4849504,2,1,3,3,1,4,3,3,2,2,2,1
temporal_mathematics,O_0,12692722,3,5,3,4,3,3,1,3,2,3,3,3
imscribing_grammar,O_inf,17271922,4,5,4,5,3,3,1,3,2,3,3,3
tannaka_krein_dual_candidate,O_0,16781825,4,5,2,4,2,3,1,1,2,2,2,2
grammar_pnp_tensor,O_0,16851669,4,5,3,1,1,2,1,4,2,2,3,2
standard_computation,O_0,12960,1,1,1,1,1,5,2,3,1,1,1,1
holographic_computation,O_0,16972629,4,5,3,3,3,4,1,4,2,2,3,2
pnp_holographic_mirror,O_0,16851669,4,5,3,1,1,2,1,4,2,2,3,2
holographic_embedding_pnp,O_0,16966869,4,5,3,3,3,2,1,4,2,2,3,2
polynomial_time_P,O_0,12480,1,1,1,1,1,5,2,1,1,1,1,1
nondeterministic_polynomial_NP,O_0,12314936,3,5,2,1,1,2,1,1,2,1,3,1
holographic_duality_pnp,O_inf,17053269,4,5,3,5,3,2,1,4,2,2,3,2
<_NP_duality_transformation,O_inf,17044629,4,5,3,5,2,4,1,4,2,2,3,2
<_NP_duality_relative,O_inf,17038869,4,5,3,5,2,2,1,4,2,2,3,2
p_vs_np_tensor_grammar,O_0,16851669,4,5,3,1,1,2,1,4,2,2,3,2
<_join_NP,O_0,12314936,3,5,2,1,1,2,1,1,2,1,3,1
ising_ep_tensor,O_2,2364646,1,3,3,5,3,2,1,1,2.67,2,3,3
ising_lee_yang_tensor,O_2,1509237,1,2,3,5,3,5,1,1,2.33,2,3,2
lee_yang_ep_tensor,O_2,2364646,1,3,3,5,3,2,1,1,2.67,2,3,3
consciousness_complex_critical,O_2†,17056221,4,5,3,5,3,3,1,4,2.33,4,3,2
agi_complex_critical,O_2†,17056221,4,5,3,5,3,3,1,4,2.33,4,3,2
tensor_lee_computation,O_0,1308117,1,2,3,1,1,5,1,3,2.33,2,3,2
rh_ep_join,O_2†,17052646,4,5,3,5,3,2,1,1,2.67,2,3,3
rh_hc_join,O_2†,16842586,4,5,2,5,3,4,1,2,2.33,1,3,3
new_physics_complex_critical,O_2†,17056221,4,5,3,5,3,3,1,4,2.33,4,3,2
new_physics_exceptional_point,O_2†,17053389,4,5,3,5,3,2,1,4,2.67,4,3,2
black_hole_generic,O_0,17012730,4,5,3,4,3,3,1,3,2,4,2,3
axis_of_evil,O_0,11886572,3,4,4,1,1,3,1,4,2,4,3,1
axis_of_evil_peeled_phi,O_0,11886524,3,4,4,1,1,3,1,4,1,4,3,1
shell_collapsar_hypothetical,O_0,10187134,3,2,4,1,3,3,1,3,2,4,3,3
black_hole_astrophysical,O_0,14852729,4,3,1,4,3,3,1,3,2,4,2,2
white_hole,O_0,14852693,4,3,1,4,3,3,1,3,2,1,2,2
neutron_star,O_1,7081468,2,4,1,4,3,4,3,3,1,3,2,1
magnetar,O_0,10921762,3,3,3,3,3,3,1,4,2,3,3,3
white_dwarf,O_1,2748976,1,4,1,4,2,5,2,3,1,2,2,1
shell_collapsar,O_0,5350649,2,2,1,4,3,3,3,3,2,4,2,2
cosmic_origin,O_0,14852969,4,3,1,4,3,3,1,4,2,4,2,2
cosmic_death,O_inf,12232072,3,5,1,4,1,3,1,3,3,4,2,1
godel_incompleteness_theorem,O_1,7270080,2,4,2,4,1,5,2,1,1,1,1,1
amaterasu_particle,O_0,9112992,3,1,3,1,3,5,1,3,3,1,1,1
holographic_boundary,O_0,17012974,4,5,3,4,3,3,1,4,2,4,3,3
photoreceptor_spot,O_0,2820480,1,4,2,1,1,5,2,1,1,1,1,1
pit_eye,O_0,5455696,2,2,2,2,1,5,2,1,1,2,2,1
pinhole_eye,O_0,5670260,2,2,3,2,1,4,3,3,1,2,3,1
lens_eye,O_0,17012962,4,5,3,4,3,3,1,4,2,3,3,3
grammar_pnp_join,O_inf,17038869,4,5,3,5,2,2,1,4,2,2,3,2
deterministic_turing_machine,O_0,660960,1,1,4,1,1,5,2,3,1,1,1,1
nondeterministic_turing_machine,O_0,4549684,2,1,2,1,1,5,3,2,1,1,2,1
polynomial_time_verifier,O_0,228488,1,1,2,1,1,5,2,1,1,1,3,1
np_certificate_witness,O_0,228480,1,1,2,1,1,5,2,1,1,1,1,1
boolean_sat,O_0,225652,1,1,2,1,1,4,2,1,2,1,2,1
three_sat,O_0,225652,1,1,2,1,1,4,2,1,2,1,2,1
travelling_salesman_problem,O_0,225652,1,1,2,1,1,4,2,1,2,1,2,1
zx_calculus_x_spider,O_inf,17059025,4,5,3,5,3,4,1,4,2,2,2,2
reversible_turing_machine,O_0,444960,1,1,3,1,1,5,2,3,1,1,1,1
boltzmann_machine_equilibrium,O_0,4543732,2,1,2,1,1,3,3,1,2,1,2,1
topological_quantum_computer,O_0,16969745,4,5,3,3,3,3,1,4,2,2,2,2
bioelectric_network,O_0,4777744,2,1,3,1,2,4,3,4,2,2,2,1
pnp_boundary_imscription,O_0,16851669,4,5,3,1,1,2,1,4,2,2,3,2
zx_calculus_z_spider,O_inf,17059025,4,5,3,5,3,4,1,4,2,2,2,2
atomic_orbital,O_1,2978880,1,4,2,4,3,5,2,1,1,1,1,1
periodic_table,O_0,5569026,2,2,2,4,3,4,3,1,2,2,2,3
hydrogen_atom,O_1,2978880,1,4,2,4,3,5,2,1,1,1,1,1
uranium_atom,O_0,5566158,2,2,2,4,3,3,3,1,2,3,2,3
s_orbital,O_1,2978880,1,4,2,4,3,5,2,1,1,1,1,1
p_orbital,O_2,2935682,1,4,2,3,3,5,2,1,1,1,1,3
d_orbital,O_2,7253774,2,4,2,3,3,4,3,1,1,2,1,3
f_orbital,O_0,5522954,2,2,2,3,3,3,3,1,2,3,1,3
zx_calculus_complexity_typing,O_0,16880469,4,5,3,1,3,2,1,4,2,2,3,2
space,O_1,8809924,3,1,1,4,3,5,1,1,1,1,2,1
spacetime,O_0,12609213,3,5,3,2,3,4,1,3,2,4,3,2
time,O_0,12548734,3,5,3,1,2,3,1,3,2,4,3,3
space_time_join,O_0,12692734,3,5,3,4,3,3,1,3,2,4,3,3
continuum_hypothesis,O_0,8674608,3,1,1,1,3,3,1,1,2,1,1,1
CH_true,O_0,11396209,3,4,1,4,3,3,1,1,2,1,1,2
CH_false,O_0,8674616,3,1,1,1,3,3,1,1,2,1,3,1
ZFC_set_theory,O_0,8674616,3,1,1,1,3,3,1,1,2,1,3,1
CH_independent,O_0,10489013,3,3,1,3,3,3,1,1,2,1,2,2
connes_embedding_problem,O_0,12217018,3,5,1,3,3,3,1,1,2,1,3,3
hilbert_sixteenth_problem,O_0,12479590,3,5,2,4,3,4,1,3,2,2,3,3
zilber_pink_conjecture,O_0,16799098,4,5,2,4,3,4,1,1,2,1,3,3
kaplansky_conjectures,O_0,8761018,3,1,1,3,3,3,1,1,2,1,3,3
perfect_cuboids,O_1,2944320,1,4,2,4,1,3,2,1,1,1,1,1
grammar_connes_tensor,O_0,16955350,4,5,3,3,2,3,1,4,2,2,3,3
casas_alvero_conjecture,O_0,12219898,3,5,1,3,3,4,1,1,2,1,3,3
grammar_casas_tensor,O_0,16958230,4,5,3,3,2,4,1,4,2,2,3,3
grammar_casas_join,O_inf,17059030,4,5,3,5,3,4,1,4,2,2,3,3
casas_alvero_counterexample,O_0,8681288,3,1,1,1,3,5,2,1,1,1,3,1
eilenberg_ganea_conjecture,O_inf,17055910,4,5,3,5,3,3,1,3,2,2,3,3
group_cohomological_dimension_2,O_0,5525825,2,2,2,3,3,4,3,1,2,2,2,2
aspherical_2d_cw_complex,O_0,4472242,2,1,1,4,2,3,3,3,2,3,3,3
fundamental_group_isomorphism,O_inf,17055902,4,5,3,5,3,3,1,3,2,2,1,3
complexity,O_0,9829510,3,2,2,3,2,4,1,1,2,2,3,3
meet_pnp_kolmogorov,O_0,8645808,3,1,1,1,1,3,1,1,2,1,1,1
meet_consciousness_kolmogorov,O_0,9726313,3,2,2,1,1,3,1,3,2,3,1,2
complexity_core,O_0,8645808,3,1,1,1,1,3,1,1,2,1,1,1
halting_analyzer_holistic,O_0,8945349,3,1,2,3,1,2,1,1,2,2,3,2
halting_analyzer_compositional,O_0,12480,1,1,1,1,1,5,2,1,1,1,1,1
homotopy_type_theory,O_0,5564214,2,2,2,4,3,3,1,1,2,1,2,3
grammar_hott_tensor,O_0,16998546,4,5,3,4,2,3,1,4,2,2,2,3
supercritical_proof_system,O_inf,7270272,2,4,2,4,1,5,2,1,3,1,1,1
berry_tabor_conjecture,O_0,16756390,4,5,2,3,3,4,1,3,2,2,3,3
berry_tabor_proven,O_inf,17056173,4,5,3,5,3,3,1,4,2,4,3,2
holographic_berry_tensor,O_0,16958230,4,5,3,3,2,4,1,4,2,2,3,3
holographic_berry_join,O_inf,17059030,4,5,3,5,3,4,1,4,2,2,3,3
fujita_conjecture,O_0,16755898,4,5,2,3,3,4,1,1,2,1,3,3
fujita_theorem,O_inf,17056173,4,5,3,5,3,3,1,4,2,4,3,2
fujita_counterexample,O_0,12480,1,1,1,1,1,5,2,1,1,1,1,1
caratheodory_conjecture,O_0,4601296,2,1,2,2,2,3,3,1,1,2,2,1
caratheodory_theorem,O_inf,17056173,4,5,3,5,3,3,1,4,2,4,3,2
poincare_hopf_theorem,O_0,17012973,4,5,3,4,3,3,1,4,2,4,3,2
convexity_constraint,O_0,2701510,1,4,1,3,2,4,1,1,2,2,3,3
smoothness_consideration,O_0,12435442,3,5,2,3,3,3,3,3,2,3,3,3
poincare_hopf_convexity,O_0,16955374,4,5,3,3,2,3,1,4,2,4,3,3
umbilic_index_bound,O_inf,17056173,4,5,3,5,3,3,1,4,2,4,3,2
triple_tensor,O_0,16955374,4,5,3,3,2,3,1,4,2,4,3,3
curvature_line_global_structure,O_inf,17056173,4,5,3,5,3,3,1,4,2,4,3,2
convexity_real_analytic,O_0,2715910,1,4,1,3,3,4,1,1,2,2,3,3
hopf_convex_analytic,O_0,16969774,4,5,3,3,3,3,1,4,2,4,3,3
caratheodory_theorem_pm,O_0,16969773,4,5,3,3,3,3,1,4,2,4,3,2
kissing_number_problem,O_1,8995204,3,1,2,4,1,4,2,1,1,1,2,1
kissing_dim_1,O_1,3339360,1,4,4,3,1,5,2,3,1,1,1,1
kissing_dim_2,O_1,4678084,2,1,2,4,1,5,2,1,1,1,2,1
kissing_dim_3,O_1,5540164,2,2,2,4,1,4,3,1,1,1,2,1
kissing_dim_4,O_0,5540213,2,2,2,4,1,4,3,1,2,1,2,2
kissing_dim_8,O_inf,17041750,4,5,3,5,2,3,1,4,2,2,3,3
kissing_dim_24,O_inf,17056162,4,5,3,5,3,3,1,4,2,3,3,3
kissing_unknown_dim,O_0,8860996,3,1,2,1,1,2,3,1,3,1,2,1
kusner_conjecture,O_0,16753030,4,5,2,3,3,3,1,1,2,2,3,3
kusner_theorem,O_inf,17056173,4,5,3,5,3,3,1,4,2,4,3,2
kusner_counterexample,O_0,12480,1,1,1,1,1,5,2,1,1,1,1,1
polyhedron_generic,O_1,2950084,1,4,2,4,1,5,2,1,1,1,2,1
cube,O_1,2950080,1,4,2,4,1,5,2,1,1,1,1,1
regular_tetrahedron,O_1,2950080,1,4,2,4,1,5,2,1,1,1,1,1
equal_volume,O_1,358080,1,1,2,4,1,5,2,1,1,1,1,1
decomposition_congruent,O_1,5324180,2,2,1,4,1,4,3,1,1,2,3,1
hilbert_third_problem,O_0,4633029,2,1,2,3,1,4,3,1,2,2,3,2
dehn_counterexample,O_0,4543857,2,1,2,1,1,3,3,1,2.67,3,3,2
erdos_faber_lovasz_conjecture,O_0,9423922,3,1,4,4,1,3,1,3,2,3,3,3
erdos_faber_lovasz_theorem,O_0,8994293,3,1,2,4,1,4,1,1,2,1,2,2
erdos_faber_lovasz_peeled_P,O_0,8864693,3,1,2,1,1,4,1,1,2,1,2,2
gilbert_pollak_conjecture,O_0,4675248,2,1,2,4,1,4,2,1,2,1,1,1
steiner_tree_problem,O_1,4675204,2,1,2,4,1,4,2,1,1,1,2,1
minimal_spanning_tree,O_1,4678084,2,1,2,4,1,5,2,1,1,1,2,1
equilateral_triangle_config,O_0,7267248,2,4,2,4,1,4,2,1,2,1,1,1
generic_graph,O_0,228484,1,1,2,1,1,5,2,1,1,1,2,1
sumner_conjecture_conditions,O_0,4589825,2,1,2,2,1,4,3,1,2,2,2,2
hamiltonian_cycle,O_0,12015914,3,4,4,4,1,3,1,3,2,3,1,3
sumner_conjecture_statement,O_0,16958001,4,5,3,3,2,4,1,3,2,3,3,2
sidorenko_conjecture,O_0,8994292,3,1,2,4,1,4,1,1,2,1,2,1
bipartite_graph,O_1,8954884,3,1,2,3,1,5,2,1,1,1,2,1
sidorenko_theorem,O_0,8994293,3,1,2,4,1,4,1,1,2,1,2,2
topological_protection_component,O_0,12481,1,1,1,1,1,5,2,1,1,1,1,2
sidorenko_counterexample,O_0,8868484,3,1,2,1,1,5,2,1,1,1,2,1
vaught_conjecture,O_1,11540168,3,4,2,3,1,3,1,1,1,1,3,1
vaught_theorem,O_inf,12736173,3,5,3,5,3,3,1,4,2,4,3,2
vaught_counterexample,O_0,12480,1,1,1,1,1,5,2,1,1,1,1,1
countable_first_order_theory,O_0,8907848,3,1,2,2,1,4,1,1,1,1,3,1
grothendieck_A_lefschetz,O_0,16972390,4,5,3,3,3,4,1,3,2,2,3,3
grothendieck_B_hodge,O_0,16799098,4,5,2,4,3,4,1,1,2,1,3,3
grothendieck_C_kunneth,O_0,15891898,4,4,2,3,3,4,1,1,2,1,3,3
grothendieck_D_numerical_homological,O_inf,16839418,4,5,2,5,3,3,1,1,2,1,3,3
grothendieck_AB_meet,O_0,16755898,4,5,2,3,3,4,1,1,2,1,3,3
grothendieck_AD_join,O_inf,17055910,4,5,3,5,3,3,1,3,2,2,3,3
grothendieck_ABC_meet,O_0,15891898,4,4,2,3,3,4,1,1,2,1,3,3
grothendieck_ABCD_meet,O_0,15891898,4,4,2,3,3,4,1,1,2,1,3,3
grothendieck_AB_join,O_0,17015590,4,5,3,4,3,4,1,3,2,2,3,3
grothendieck_ABCD_join,O_inf,17055910,4,5,3,5,3,3,1,3,2,2,3,3
goldbach_conjecture,O_inf,12951914,3,5,4,5,3,3,1,3,2,3,1,3
twin_prime_conjecture,O_0,15428237,4,3,4,3,1,3,1,1,2,3,2,2
legendre_conjecture,O_2,9495982,3,1,4,5,3,3,1,3,2.33,4,3,3
n_squared_plus_one_primes,O_0,9311588,3,1,4,1,2,4,1,3,2,2,3,1
goldbach_twin_meet,O_0,8965504,3,1,2,3,2,4,1,1,2,2,2,1
legendre_nsq_meet,O_0,8879108,3,1,2,1,2,4,1,1,2,2,3,1
landau_four_meet,O_0,8879104,3,1,2,1,2,4,1,1,2,2,2,1
goldbach_peeled_P,O_0,8879109,3,1,2,1,2,4,1,1,2,2,3,2
goldbach_twin_join,O_inf,9484389,3,1,4,5,2,4,1,3,2,2,3,2
legendre_nsq_join,O_0,11903588,3,4,4,1,2,4,1,3,2,2,3,1
landau_four_join,O_inf,12076389,3,4,4,5,2,4,1,3,2,2,3,2
gaussian_primes,O_1,311044,1,1,2,3,1,4,1,1,1,1,2,1
gaussian_moat_problem,O_2†,13265696,4,1,2,3,1,2,1,2,2.67,3,3,1
monster_group,O_inf,7332537,2,4,2,5,3,2,1,1,2,1,3,2
j_function,O_inf,16840166,4,5,2,5,3,3,1,4,2,4,1,3
moonshine_module,O_inf,16840162,4,5,2,5,3,3,1,4,2,3,3,3
cat0_cube_complex,O_1,2950084,1,4,2,4,1,5,2,1,1,1,2,1
bestvina_brady_morse,O_0,3120544,1,4,3,3,1,4,2,3,2,2,2,1
motivic_morse_theory,O_inf,17058789,4,5,3,5,3,4,1,3,2,2,3,2
motivic_critical_level,O_inf,17058789,4,5,3,5,3,4,1,3,2,2,3,2
hilbert_smith_conjecture,O_1,4671360,2,1,2,4,1,3,1,1,1,1,1,1
p_adic_integers,O_0,11668464,3,4,3,1,1,2,2,3,2.67,1,1,1
lie_group_generic,O_0,4907094,2,1,3,4,2,4,3,3,2,1,2,3
connected_manifold,O_0,4690614,2,1,2,4,2,4,3,1,2,1,2,3
effective_group_action,O_0,4907098,2,1,3,4,2,4,3,3,2,1,3,3
hilbert_first_continuum,O_0,11543088,3,4,2,3,1,4,1,1,2,1,1,1
hilbert_second_consistency,O_1,5537280,2,2,2,4,1,3,3,1,1,1,1,1
hilbert_fifth_lie_groups,O_0,4890302,2,1,3,4,1,4,1,1,2,2,1,3
hilbert_eighth_riemann,O_2,12522830,3,5,2,5,3,4,1,3,2.33,2,1,3
hilbert_tenth_diophantine,O_0,4540800,2,1,2,1,1,2,3,1,1,1,1,1
yang_mills_baseline,O_0,12479105,3,5,2,4,3,4,1,1,2,2,2,2
simon_problem_classical,O_0,8862240,3,1,2,1,1,3,1,3,1,1,1,1
simon_problem_quantum,O_0,16975510,4,5,3,3,3,5,1,4,2,2,3,3
rotas_basis_conjecture,O_0,355252,1,1,2,4,1,4,2,1,2,1,2,1
bounded_burnside_problem,O_0,5511424,2,2,2,3,2,4,3,1,2,2,2,1
bounded_burnside_proven_n2,O_inf,10144173,3,2,3,5,3,3,1,4,2,4,3,2
bounded_burnside_counterexample,O_0,8652672,3,1,1,1,1,5,2,1,3,1,1,1
burnside_infinite_group,O_0,8959996,3,1,2,3,2,2,1,2,2,3,2,1
invariant_subspace_problem,O_0,8891112,3,1,2,1,3,3,1,3,2,3,1,1
invariant_subspace_proven,O_inf,9280153,3,1,3,5,3,3,1,4,2,3,1,2
banach_space_generic,O_0,8891112,3,1,2,1,3,3,1,3,2,3,1,1
hilbert_space_generic,O_0,8977513,3,1,2,3,3,3,1,3,2,3,1,2
collatz_conjecture,O_2,141696,1,1,1,4,1,5,1,3,2.33,1,1,1
collatz_theorem_proven,O_inf,17056173,4,5,3,5,3,3,1,4,2,4,3,2
collatz_counterexample,O_0,8652516,3,1,1,1,1,5,2,1,1,4,1,1
eden_growth_model,O_0,8995508,3,1,2,4,1,4,2,2,2,2,3,1
eden_conjecture_proven,O_inf,17056174,4,5,3,5,3,3,1,4,2,4,3,3
eden_conjecture_unproven,O_0,17012974,4,5,3,4,3,3,1,4,2,4,3,3
boundary_given,O_0,16742210,4,5,2,3,2,4,1,4,2,1,1,3
proven_manifold,O_inf,17056173,4,5,3,5,3,3,1,4,2,4,3,2
first_passage_percolation_conjecture,O_0,8881508,3,1,2,1,2,4,3,3,2,2,3,1
first_passage_percolation_proven,O_inf,17056162,4,5,3,5,3,3,1,4,2,3,3,3
richardson_model_conjecture,O_0,8879588,3,1,2,1,2,4,1,3,2,2,3,1
richardson_model_proven,O_inf,17056174,4,5,3,5,3,3,1,4,2,4,3,3
proven_manifold_connes,O_inf,17056173,4,5,3,5,3,3,1,4,2,4,3,2
crouzeix_conjecture,O_0,7239424,2,4,2,3,2,4,3,1,2,2,2,1
proven_manifold_crouzeix,O_inf,17056173,4,5,3,5,3,3,1,4,2,4,3,2
monomial_conjecture,O_0,5509508,2,2,2,3,2,4,1,1,2,2,3,1
monomial_theorem,O_inf,17056173,4,5,3,5,3,3,1,4,2,4,3,2
bass_embedding_conjecture,O_0,7251908,2,4,2,3,3,4,1,1,2,2,3,1
bass_embedding_theorem,O_inf,17056173,4,5,3,5,3,3,1,4,2,4,3,2
froberg_conjecture,O_0,7223096,2,4,2,3,1,4,1,1,2,1,3,1
froberg_theorem,O_inf,17056173,4,5,3,5,3,3,1,4,2,4,3,2
nagata_conjecture,O_0,7224056,2,4,2,3,1,4,2,1,2,1,3,1
nagata_theorem,O_inf,17056173,4,5,3,5,3,3,1,4,2,4,3,2
virasoro_conjecture,O_0,7224056,2,4,2,3,1,4,2,1,2,1,3,1
virasoro_theorem,O_inf,17056173,4,5,3,5,3,3,1,4,2,4,3,2
tate_conjecture,O_0,7237508,2,4,2,3,2,4,1,1,2,2,3,1
tate_theorem,O_inf,17056173,4,5,3,5,3,3,1,4,2,4,3,2
fontaine_mazur_conjecture,O_0,8876720,3,1,2,1,2,3,1,3,2,3,3,1
gan_gross_prasad_conjecture,O_0,8879600,3,1,2,1,2,4,1,3,2,3,3,1
greenberg_iwasawa_conjecture,O_0,8922788,3,1,2,2,2,4,1,3,2,2,3,1
greenberg_padic_lfunction_conjecture,O_0,8922788,3,1,2,2,2,4,1,3,2,2,3,1
hermite_conjecture,O_0,223248,1,1,2,1,1,3,2,3,2,1,1,1
hermite_theorem,O_inf,17056173,4,5,3,5,3,3,1,4,2,4,3,2
kummer_vandiver_conjecture,O_0,4544696,2,1,2,1,1,4,1,1,2,1,3,1
lang_trotter_conjecture,O_0,8881520,3,1,2,1,2,4,3,3,2,3,3,1
leopoldt_conjecture,O_0,224696,1,1,2,1,1,4,1,1,2,1,3,1
stark_conjectures,O_0,8878640,3,1,2,1,2,3,3,3,2,3,3,1
inverse_galois_problem,O_0,4560980,2,1,2,1,2,4,3,1,1,2,3,1
burnside_problem_bounded,O_2,8959852,3,1,2,3,2,2,1,1,2.67,3,2,1
jacobian_conjecture,O_0,9140672,3,1,3,2,2,4,3,3,1,3,3,1
langlands_program,O_0,13199540,4,1,2,1,2,4,1,3,1,2,3,1
broue_conjecture,O_0,4561460,2,1,2,1,2,4,3,3,1,2,3,1
alperin_weight_conjecture,O_0,4556180,2,1,2,1,2,3,1,1,1,2,3,1
ramsey_numbers_general,O_0,4554244,2,1,2,1,2,2,2,1,1,1,2,1
van_der_waerden_extended,O_0,8965036,3,1,2,3,2,3,3,3,2,3,2,1
combinatorial_design_existence,O_1,7267204,2,4,2,4,1,4,2,1,1,1,2,1
three_body_problem,O_0,4759732,2,1,3,1,1,3,3,1,2,1,2,1
turbulence_onset,O_0,4556000,2,1,2,1,2,2,3,4,2,3,3,1
lorenz_attractor,O_0,4563596,2,1,2,1,2,5,2,3,3,4,3,1
navier_stokes_smoothness,O_0,4555712,2,1,2,1,2,2,3,3,1,3,3,1
ergodic_mixing_problem,O_0,8873792,3,1,2,1,2,2,1,3,1,3,3,1
zariski_cancellation,O_0,4555232,2,1,2,1,2,2,3,1,1,3,3,1
abundance_conjecture,O_0,5422592,2,2,2,1,2,3,3,3,1,3,3,1
sphere_covering_problem,O_0,8860804,3,1,2,1,1,2,3,1,1,1,2,1
hadwiger_nelson_problem,O_inf,17271922,4,5,4,5,3,3,1,3,2,3,3,3
sphere_packing_density_open,O_0,8860996,3,1,2,1,1,2,3,1,3,1,2,1
penrose_inequality,O_0,13196188,4,1,2,1,2,3,1,1,1,3,2,1
hopf_conjecture_positive_curvature,O_0,4560976,2,1,2,1,2,4,3,1,1,2,2,1
kakeya_conjecture,O_0,8923692,3,1,2,2,2,4,2,3,1,2,1,1
borsuk_conjecture,O_0,4603200,2,1,2,2,2,4,2,1,1,1,1,1
hadwiger_conjecture,O_0,4597924,2,1,2,2,2,2,2,3,1,1,2,1
racemic_chemistry_baseline,O_1,355680,1,1,2,4,1,4,2,3,1,1,1,1
biological_homochirality,O_0,5857521,2,2,4,1,2,4,3,3,2,3,3,2
on_water_interface,O_0,4563908,2,1,2,1,2,5,3,1,2,2,3,1
bulk_organic_reaction,O_1,370080,1,1,2,4,2,4,2,3,1,1,1,1
bulk_aqueous_reaction,O_1,370088,1,1,2,4,2,4,2,3,1,1,3,1
aryl_diazonium_salt,O_0,1092960,1,2,2,1,1,5,2,3,1,1,1,1
sn1_dediazotization,O_0,1090080,1,2,2,1,1,4,2,3,1,1,1,1
radical_dediazotization,O_0,1107408,1,2,2,1,2,5,2,3,2,1,1,1
dediazotization_observed,O_0,1107408,1,2,2,1,2,5,2,3,2,1,1,1
electrochemical_cell,O_1,4634888,2,1,2,3,1,5,2,1,1,1,3,1
organic_redox_reaction,O_1,4646408,2,1,2,3,2,4,2,1,1,1,3,1
asymmetric_hydrogenation,O_0,674953,1,1,4,1,2,5,2,1,2,3,1,2
sharpless_epoxidation,O_0,674953,1,1,4,1,2,5,2,1,2,3,1,2
aldol_asymmetric,O_0,674953,1,1,4,1,2,5,2,1,2,3,1,2
diels_alder_asymmetric,O_0,674953,1,1,4,1,2,5,2,1,2,3,1,2
SN1_carbocation,O_0,1090080,1,2,2,1,1,4,2,3,1,1,1,1
SN2_inversion,O_0,674940,1,1,4,1,2,5,2,1,2,2,1,1
radical_uncatalyzed,O_0,445400,1,1,3,1,1,5,2,4,3,1,3,1
enzymatic_asymmetric,O_0,5858953,2,2,4,1,2,5,2,1,2,3,1,2
quaternary_carbon_stereocenter,O_0,672060,1,1,4,1,2,4,2,1,2,2,1,1
arbitrary_quaternary_synthesis,O_0,674953,1,1,4,1,2,5,2,1,2,3,1,2
protecting_group_chemistry,O_0,1090100,1,2,2,1,1,4,2,3,1,2,3,1
natural_enzyme,O_0,5859921,2,2,4,1,2,5,3,1,2,3,3,2
artificial_enzyme,O_0,5857028,2,2,4,1,2,4,3,1,2,2,3,1
sensitive_compound_modification,O_0,1090100,1,2,2,1,1,4,2,3,1,2,3,1
qft_vacuum_baseline,O_1,343680,1,1,2,3,3,5,2,1,1,1,1,1
qft_vacuum_energy_holistic,O_1,343680,1,1,2,3,3,5,2,1,1,1,1,1
qft_vacuum_energy_compositional,O_1,343680,1,1,2,3,3,5,2,1,1,1,1,1
holographic_qft_vacuum,O_0,17012965,4,5,3,4,3,3,1,4,2,4,1,2
qcd_theta_vacuum,O_0,9112848,3,1,3,1,3,5,1,3,2,1,1,1
qcd_cp_conserving,O_0,9199248,3,1,3,3,3,5,1,3,2,1,1,1
axion_qcd_coupled,O_0,9193488,3,1,3,3,3,3,1,3,2,1,1,1
topological_cp_solution,O_0,9193489,3,1,3,3,3,3,1,3,2,1,1,2
unitary_quantum_evolution,O_0,17012694,4,5,3,4,3,3,1,3,2,1,2,3
quantum_measurement_collapse,O_0,2835516,1,4,2,1,2,5,2,3,2.67,2,1,1
quantum_superposition,O_0,17012694,4,5,3,4,3,3,1,3,2,1,2,3
decoherence_environment,O_0,13473428,4,1,3,2,3,4,1,4,2,2,3,1
BCS_superconductor,O_0,4700214,2,1,2,4,3,3,1,1,2,1,2,3
cuprate_highTc,O_0,4617426,2,1,2,2,3,4,1,4,2,2,2,3
cuprate_peeled_Phi,O_0,4617378,2,1,2,2,3,4,1,4,1,2,2,3
matter_antimatter_symmetric,O_inf,17056133,4,5,3,5,3,3,1,4,2,1,2,2
our_universe_asymmetric,O_0,16883373,4,5,3,1,3,3,1,4,2,4,3,2
electroweak_phase_transition,O_0,13473429,4,1,3,2,3,4,1,4,2,2,3,2
sakharov_conditions,O_0,13430228,4,1,3,1,3,4,1,4,2,2,3,1
smooth_horizon_no_firewall,O_0,17012726,4,5,3,4,3,3,1,3,2,4,1,3
firewall_horizon,O_0,16024406,4,4,3,1,3,5,1,1,2,4,1,3
hawking_radiation_early,O_0,9239848,3,1,3,4,3,4,1,4,2,4,2,1
hawking_radiation_late,O_0,9239848,3,1,3,4,3,4,1,4,2,4,2,1
interior_mode_B,O_0,17012726,4,5,3,4,3,3,1,3,2,4,1,3
sterile_neutrino_encoded,O_1,13274676,4,1,2,3,1,5,1,4,1,4,1,1
cuspy_halo_cdm,O_0,228484,1,1,2,1,1,5,2,1,1,1,2,1
cored_halo_observed,O_0,5497265,2,2,2,3,1,4,3,2,2,2,2,2
stellar_feedback_core,O_0,5713749,2,2,3,3,1,4,3,4,2,2,3,2
sonoluminescence,O_0,8337432,2,5,3,3,3,5,3,4,2,3,1,1
cavitation_bubble,O_1,3123612,1,4,3,3,1,5,2,4,1,2,1,1
water_ambient,O_0,226320,1,1,2,1,1,4,2,4,1,1,1,1
acoustic_driving_field,O_0,9170688,3,1,3,3,1,5,1,4,2,1,1,1
sonoluminescence_compositional,O_0,11762700,3,4,3,3,1,5,1,4,2,2,1,1
bubble_collapse_singularity,O_0,3151752,1,4,3,3,3,5,2,1,2,3,1,1
gzk_cutoff_mechanism,O_0,9199248,3,1,3,3,3,5,1,3,2,1,1,1
uhecr_source_local,O_0,473952,1,1,3,1,3,5,2,3,3,1,1,1
uhecr_source_distant,O_0,9112992,3,1,3,1,3,5,1,3,3,1,1,1
gzk_paradox,O_0,9112992,3,1,3,1,3,5,1,3,3,1,1,1
gzk_resolution_local,O_0,473952,1,1,3,1,3,5,2,3,3,1,1,1
gzk_resolution_new_physics,O_inf,12736165,3,5,3,5,3,3,1,4,2,4,1,2
trans_planckian_baseline,O_0,248640,1,1,2,1,3,2,2,1,1,1,1,1
inflation_standard_calculation,O_0,13499364,4,1,3,3,2,3,1,4,2,4,1,1
core_collapse_supernova_neutrino,O_0,5682320,2,2,3,2,2,4,1,1,2,3,3,1
failed_supernova,O_0,5676512,2,2,3,2,2,2,1,1,1,3,3,1
magnetorotational_supernova,O_0,5644414,2,2,3,1,2,5,3,3,2,4,3,3
fundamental_constants_immutable,O_1,15932160,4,4,2,4,3,3,1,1,1,1,1,1
fundamental_constants_varying,O_0,9110000,3,1,3,1,3,4,1,3,2,3,3,1
dirac_large_numbers,O_0,13470252,4,1,3,2,3,3,1,3,1,2,1,1
brane_cosmology_varying,O_0,14423602,4,2,3,4,3,4,1,3,2,3,3,3
kerr_black_hole_stable,O_0,16972654,4,5,3,3,3,4,1,4,2,4,3,3
kerr_black_hole_unstable,O_2†,16966988,4,5,3,3,3,2,1,4,2.67,4,3,1
kerr_stable_no_protection,O_0,16972652,4,5,3,3,3,4,1,4,2,4,3,1
ligo_virgo_kagra_gw,O_0,13256710,4,1,2,2,3,4,1,1,2,2,3,3
swift_bat_guano,O_0,244128,1,1,2,1,2,5,3,2,2,1,1,1
einstein_probe_xrt,O_0,244388,1,1,2,1,2,5,3,3,2,2,3,1
S241125n_triple_coincidence,O_0,13256709,4,1,2,2,3,4,1,1,2,2,3,2
hebrew_programming_language_O2,O_0,5780226,2,2,3,4,3,3,1,1,2,2,2,3
alpha,O_0,228960,1,1,2,1,1,5,2,3,1,1,1,1
beta,O_0,2820960,1,4,2,1,1,5,2,3,1,1,1,1
gamma,O_0,228960,1,1,2,1,1,5,2,3,1,1,1,1
epsilon,O_0,228960,1,1,2,1,1,5,2,3,1,1,1,1
zeta,O_1,358560,1,1,2,4,1,5,2,3,1,1,1,1
eta,O_1,358560,1,1,2,4,1,5,2,3,1,1,1,1
theta,O_1,2950560,1,4,2,4,1,5,2,3,1,1,1,1
iota,O_1,358560,1,1,2,4,1,5,2,3,1,1,1,1
kappa,O_0,228960,1,1,2,1,1,5,2,3,1,1,1,1
lambda,O_1,358560,1,1,2,4,1,5,2,3,1,1,1,1
mu,O_1,358560,1,1,2,4,1,5,2,3,1,1,1,1
nu,O_0,228960,1,1,2,1,1,5,2,3,1,1,1,1
xi,O_1,358560,1,1,2,4,1,5,2,3,1,1,1,1
omicron,O_1,2950560,1,4,2,4,1,5,2,3,1,1,1,1
pi,O_0,12479810,3,5,2,4,3,4,1,4,2,1,1,3
rho,O_0,2820960,1,4,2,1,1,5,2,3,1,1,1,1
sigma,O_1,358560,1,1,2,4,1,5,2,3,1,1,1,1
tau,O_1,358560,1,1,2,4,1,5,2,3,1,1,1,1
upsilon,O_1,358560,1,1,2,4,1,5,2,3,1,1,1,1
phi,O_1,358560,1,1,2,4,1,5,2,3,1,1,1,1
chi,O_1,358560,1,1,2,4,1,5,2,3,1,1,1,1
psi,O_1,358560,1,1,2,4,1,5,2,3,1,1,1,1
omega,O_1,358560,1,1,2,4,1,5,2,3,1,1,1,1
delta,O_1,358560,1,1,2,4,1,5,2,3,1,1,1,1
cherokee_a,O_0,2835372,1,4,2,1,2,5,2,3,1,2,1,1
cherokee_e,O_0,2835372,1,4,2,1,2,5,2,3,1,2,1,1
cherokee_i,O_0,2835372,1,4,2,1,2,5,2,3,1,2,1,1
cherokee_o,O_0,2835372,1,4,2,1,2,5,2,3,1,2,1,1
cherokee_u,O_0,2835372,1,4,2,1,2,5,2,3,1,2,1,1
cherokee_v,O_0,2835372,1,4,2,1,2,5,2,3,1,2,1,1
cherokee_ga,O_0,2835372,1,4,2,1,2,5,2,3,1,2,1,1
cherokee_ka,O_0,2835372,1,4,2,1,2,5,2,3,1,2,1,1
cherokee_ge,O_0,2835372,1,4,2,1,2,5,2,3,1,2,1,1
cherokee_gi,O_0,2835372,1,4,2,1,2,5,2,3,1,2,1,1
cherokee_go,O_0,2835372,1,4,2,1,2,5,2,3,1,2,1,1
cherokee_gu,O_0,2835372,1,4,2,1,2,5,2,3,1,2,1,1
cherokee_gv,O_0,2835372,1,4,2,1,2,5,2,3,1,2,1,1
cherokee_ha,O_0,2835372,1,4,2,1,2,5,2,3,1,2,1,1
cherokee_he,O_0,2835372,1,4,2,1,2,5,2,3,1,2,1,1
cherokee_hi,O_0,2835372,1,4,2,1,2,5,2,3,1,2,1,1
cherokee_ho,O_0,2835372,1,4,2,1,2,5,2,3,1,2,1,1
cherokee_hu,O_0,2835372,1,4,2,1,2,5,2,3,1,2,1,1
cherokee_hv,O_0,2835372,1,4,2,1,2,5,2,3,1,2,1,1
cherokee_la,O_0,2835372,1,4,2,1,2,5,2,3,1,2,1,1
cherokee_le,O_0,2835372,1,4,2,1,2,5,2,3,1,2,1,1
cherokee_li,O_0,2835372,1,4,2,1,2,5,2,3,1,2,1,1
cherokee_lo,O_0,2835372,1,4,2,1,2,5,2,3,1,2,1,1
cherokee_lu,O_0,2835372,1,4,2,1,2,5,2,3,1,2,1,1
cherokee_lv,O_0,2835372,1,4,2,1,2,5,2,3,1,2,1,1
cherokee_ma,O_0,2835372,1,4,2,1,2,5,2,3,1,2,1,1
cherokee_me,O_0,2835372,1,4,2,1,2,5,2,3,1,2,1,1
cherokee_mi,O_0,2835372,1,4,2,1,2,5,2,3,1,2,1,1
cherokee_mo,O_0,2835372,1,4,2,1,2,5,2,3,1,2,1,1
cherokee_mu,O_0,2835372,1,4,2,1,2,5,2,3,1,2,1,1
cherokee_hna,O_0,2835372,1,4,2,1,2,5,2,3,1,2,1,1
cherokee_hna_archaic,O_0,2835372,1,4,2,1,2,5,2,3,1,2,1,1
cherokee_na,O_0,2835372,1,4,2,1,2,5,2,3,1,2,1,1
cherokee_ne,O_0,2835372,1,4,2,1,2,5,2,3,1,2,1,1
cherokee_ni,O_0,2835372,1,4,2,1,2,5,2,3,1,2,1,1
cherokee_no,O_0,2835372,1,4,2,1,2,5,2,3,1,2,1,1
cherokee_nu,O_0,2835372,1,4,2,1,2,5,2,3,1,2,1,1
cherokee_nv,O_0,2835372,1,4,2,1,2,5,2,3,1,2,1,1
cherokee_qua,O_0,2835372,1,4,2,1,2,5,2,3,1,2,1,1
cherokee_que,O_0,2835372,1,4,2,1,2,5,2,3,1,2,1,1
cherokee_qui,O_0,2835372,1,4,2,1,2,5,2,3,1,2,1,1
cherokee_quo,O_0,2835372,1,4,2,1,2,5,2,3,1,2,1,1
cherokee_quu,O_0,2835372,1,4,2,1,2,5,2,3,1,2,1,1
cherokee_quv,O_0,2835372,1,4,2,1,2,5,2,3,1,2,1,1
cherokee_sa,O_0,2835372,1,4,2,1,2,5,2,3,1,2,1,1
cherokee_s,O_0,2835372,1,4,2,1,2,5,2,3,1,2,1,1
cherokee_se,O_0,2835372,1,4,2,1,2,5,2,3,1,2,1,1
cherokee_si,O_0,2835372,1,4,2,1,2,5,2,3,1,2,1,1
cherokee_so,O_0,2835372,1,4,2,1,2,5,2,3,1,2,1,1
cherokee_su,O_0,2835372,1,4,2,1,2,5,2,3,1,2,1,1
cherokee_sv,O_0,2835372,1,4,2,1,2,5,2,3,1,2,1,1
cherokee_da,O_0,2835372,1,4,2,1,2,5,2,3,1,2,1,1
cherokee_ta,O_0,2835372,1,4,2,1,2,5,2,3,1,2,1,1
cherokee_de,O_0,2835372,1,4,2,1,2,5,2,3,1,2,1,1
cherokee_te,O_0,2835372,1,4,2,1,2,5,2,3,1,2,1,1
cherokee_di,O_0,2835372,1,4,2,1,2,5,2,3,1,2,1,1
cherokee_ti,O_0,2835372,1,4,2,1,2,5,2,3,1,2,1,1
cherokee_do,O_0,2835372,1,4,2,1,2,5,2,3,1,2,1,1
cherokee_du,O_0,2835372,1,4,2,1,2,5,2,3,1,2,1,1
cherokee_dv,O_0,2835372,1,4,2,1,2,5,2,3,1,2,1,1
cherokee_dla,O_0,2835372,1,4,2,1,2,5,2,3,1,2,1,1
cherokee_tla,O_0,2835372,1,4,2,1,2,5,2,3,1,2,1,1
cherokee_tle,O_0,2835372,1,4,2,1,2,5,2,3,1,2,1,1
cherokee_tli,O_0,2835372,1,4,2,1,2,5,2,3,1,2,1,1
cherokee_tlo,O_0,2835372,1,4,2,1,2,5,2,3,1,2,1,1
cherokee_tlu,O_0,2835372,1,4,2,1,2,5,2,3,1,2,1,1
cherokee_tlv,O_0,2835372,1,4,2,1,2,5,2,3,1,2,1,1
cherokee_tsa,O_0,2835372,1,4,2,1,2,5,2,3,1,2,1,1
cherokee_tse,O_0,2835372,1,4,2,1,2,5,2,3,1,2,1,1
cherokee_tsi,O_0,2835372,1,4,2,1,2,5,2,3,1,2,1,1
cherokee_tso,O_0,2835372,1,4,2,1,2,5,2,3,1,2,1,1
cherokee_tsu,O_0,2835372,1,4,2,1,2,5,2,3,1,2,1,1
cherokee_tsv,O_0,2835372,1,4,2,1,2,5,2,3,1,2,1,1
cherokee_wa,O_0,2835372,1,4,2,1,2,5,2,3,1,2,1,1
cherokee_we,O_0,2835372,1,4,2,1,2,5,2,3,1,2,1,1
cherokee_wi,O_0,2835372,1,4,2,1,2,5,2,3,1,2,1,1
cherokee_wo,O_0,2835372,1,4,2,1,2,5,2,3,1,2,1,1
cherokee_wu,O_0,2835372,1,4,2,1,2,5,2,3,1,2,1,1
cherokee_wv,O_0,2835372,1,4,2,1,2,5,2,3,1,2,1,1
cherokee_ya,O_0,2835372,1,4,2,1,2,5,2,3,1,2,1,1
cherokee_ye,O_0,2835372,1,4,2,1,2,5,2,3,1,2,1,1
cherokee_yi,O_0,2835372,1,4,2,1,2,5,2,3,1,2,1,1
cherokee_yo,O_0,2835372,1,4,2,1,2,5,2,3,1,2,1,1
cherokee_yu,O_0,2835372,1,4,2,1,2,5,2,3,1,2,1,1
cherokee_yv,O_0,2835372,1,4,2,1,2,5,2,3,1,2,1,1
tengwa_tinco,O_0,228480,1,1,2,1,1,5,2,1,1,1,1,1
tengwa_parma,O_0,228480,1,1,2,1,1,5,2,1,1,1,1,1
tengwa_calma,O_0,228480,1,1,2,1,1,5,2,1,1,1,1,1
tengwa_quesse,O_0,228480,1,1,2,1,1,5,2,1,1,1,1,1
tengwa_thule,O_0,228960,1,1,2,1,1,5,2,3,1,1,1,1
tengwa_formen,O_0,228960,1,1,2,1,1,5,2,3,1,1,1,1
tengwa_harma,O_0,228960,1,1,2,1,1,5,2,3,1,1,1,1
tengwa_hwesta,O_0,228960,1,1,2,1,1,5,2,3,1,1,1,1
tengwa_ando,O_1,314880,1,1,2,3,1,5,2,1,1,1,1,1
tengwa_umbar,O_1,314880,1,1,2,3,1,5,2,1,1,1,1,1
tengva_anga,O_1,314880,1,1,2,3,1,5,2,1,1,1,1,1
tengwa_ungwe,O_1,314880,1,1,2,3,1,5,2,1,1,1,1,1
tengwa_antha,O_1,315360,1,1,2,3,1,5,2,3,1,1,1,1
tengwa_ampa,O_1,315360,1,1,2,3,1,5,2,3,1,1,1,1
tengwa_anga_continuant,O_1,315360,1,1,2,3,1,5,2,3,1,1,1,1
tengwa_ungwe_continuant,O_1,315360,1,1,2,3,1,5,2,3,1,1,1,1
tengwa_numen,O_1,358080,1,1,2,4,1,5,2,1,1,1,1,1
tengwa_malta,O_1,358080,1,1,2,4,1,5,2,1,1,1,1,1
tengwa_noldo,O_1,358080,1,1,2,4,1,5,2,1,1,1,1,1
tengwa_nwalme,O_1,358080,1,1,2,4,1,5,2,1,1,1,1,1
tengwa_ore,O_1,358800,1,1,2,4,1,5,2,4,1,1,1,1
tengwa_vala,O_1,358800,1,1,2,4,1,5,2,4,1,1,1,1
tengwa_anna,O_1,358800,1,1,2,4,1,5,2,4,1,1,1,1
tengwa_wilya,O_1,358800,1,1,2,4,1,5,2,4,1,1,1,1
tengwa_romen,O_0,229200,1,1,2,1,1,5,2,4,1,1,1,1
tengwa_arda,O_0,229200,1,1,2,1,1,5,2,4,1,1,1,1
tengwa_lambe,O_0,229200,1,1,2,1,1,5,2,4,1,1,1,1
tengwa_aldar,O_0,229200,1,1,2,1,1,5,2,4,1,1,1,1
tengwa_silme,O_0,228960,1,1,2,1,1,5,2,3,1,1,1,1
tengwa_silme_nuquerna,O_0,228960,1,1,2,1,1,5,2,3,1,1,1,1
tengwa_esse,O_1,315360,1,1,2,3,1,5,2,3,1,1,1,1
tengwa_esse_nuquerna,O_1,315360,1,1,2,3,1,5,2,3,1,1,1,1
tengwa_hyarmen,O_0,228960,1,1,2,1,1,5,2,3,1,1,1,1
tengwa_hwesse,O_0,228960,1,1,2,1,1,5,2,3,1,1,1,1
tengwa_yanta,O_1,358800,1,1,2,4,1,5,2,4,1,1,1,1
tengwa_ure,O_1,358800,1,1,2,4,1,5,2,4,1,1,1,1
tehtar_a_curl,O_0,228480,1,1,2,1,1,5,2,1,1,1,1,1
tehtar_e_dot,O_0,228480,1,1,2,1,1,5,2,1,1,1,1,1
tehtar_i_bar,O_0,228480,1,1,2,1,1,5,2,1,1,1,1,1
tehtar_o_hook,O_0,228480,1,1,2,1,1,5,2,1,1,1,1,1
tehtar_u_bow,O_0,228480,1,1,2,1,1,5,2,1,1,1,1,1
carrier_telco,O_0,228480,1,1,2,1,1,5,2,1,1,1,1,1
carrier_ore,O_0,228480,1,1,2,1,1,5,2,1,1,1,1,1
tengwa_arda_variant,O_0,229200,1,1,2,1,1,5,2,4,1,1,1,1
tengwa_halla,O_0,228960,1,1,2,1,1,5,2,3,1,1,1,1
tengwa_yanta_variant,O_1,358800,1,1,2,4,1,5,2,4,1,1,1,1
arabic_alif,O_0,272160,1,1,2,2,1,5,2,3,1,1,1,1
arabic_ba,O_0,228960,1,1,2,1,1,5,2,3,1,1,1,1
arabic_ta,O_0,228960,1,1,2,1,1,5,2,3,1,1,1,1
arabic_tha,O_0,228960,1,1,2,1,1,5,2,3,1,1,1,1
arabic_jim,O_0,228960,1,1,2,1,1,5,2,3,1,1,1,1
arabic_ha,O_0,228972,1,1,2,1,1,5,2,3,1,2,1,1
arabic_kha,O_0,228960,1,1,2,1,1,5,2,3,1,1,1,1
arabic_dal,O_0,228960,1,1,2,1,1,5,2,3,1,1,1,1
arabic_dhal,O_0,228960,1,1,2,1,1,5,2,3,1,1,1,1
arabic_ra,O_0,228960,1,1,2,1,1,5,2,3,1,1,1,1
arabic_zay,O_0,228960,1,1,2,1,1,5,2,3,1,1,1,1
arabic_sin,O_0,228960,1,1,2,1,1,5,2,3,1,1,1,1
arabic_shin,O_0,228960,1,1,2,1,1,5,2,3,1,1,1,1
arabic_sad,O_0,228972,1,1,2,1,1,5,2,3,1,2,1,1
arabic_dad,O_0,228972,1,1,2,1,1,5,2,3,1,2,1,1
arabic_ta_emphatic,O_0,228972,1,1,2,1,1,5,2,3,1,2,1,1
arabic_za_emphatic,O_0,228972,1,1,2,1,1,5,2,3,1,2,1,1
arabic_ayn,O_0,228984,1,1,2,1,1,5,2,3,1,3,1,1
arabic_ghayn,O_0,228960,1,1,2,1,1,5,2,3,1,1,1,1
arabic_fa,O_0,228960,1,1,2,1,1,5,2,3,1,1,1,1
arabic_qaf,O_0,228972,1,1,2,1,1,5,2,3,1,2,1,1
arabic_kaf,O_0,228960,1,1,2,1,1,5,2,3,1,1,1,1
arabic_lam,O_0,228960,1,1,2,1,1,5,2,3,1,1,1,1
arabic_mim,O_0,228960,1,1,2,1,1,5,2,3,1,1,1,1
arabic_nun,O_0,228960,1,1,2,1,1,5,2,3,1,1,1,1
arabic_ha_h,O_0,228960,1,1,2,1,1,5,2,3,1,1,1,1
arabic_waw,O_0,272160,1,1,2,2,1,5,2,3,1,1,1,1
arabic_ya,O_0,272160,1,1,2,2,1,5,2,3,1,1,1,1
arabic_hamza,O_0,228960,1,1,2,1,1,5,2,3,1,1,1,1
arabic_tau_marbuta,O_0,272160,1,1,2,2,1,5,2,3,1,1,1,1
chant_final_D,O_1,1216812,1,2,2,4,1,3,2,3,1,2,1,1
chant_final_E,O_1,1216812,1,2,2,4,1,3,2,3,1,2,1,1
chant_final_F,O_1,1216812,1,2,2,4,1,3,2,3,1,2,1,1
chant_final_G,O_1,1216812,1,2,2,4,1,3,2,3,1,2,1,1
guidonian_gamma_ut,O_1,1216800,1,2,2,4,1,3,2,3,1,1,1,1
guidonian_A_re,O_1,1216800,1,2,2,4,1,3,2,3,1,1,1,1
guidonian_B_mi_natural,O_0,1087212,1,2,2,1,1,3,2,3,1,2,1,1
guidonian_C_fa_ut,O_1,1216800,1,2,2,4,1,3,2,3,1,1,1,1
guidonian_D_sol_re,O_1,1216812,1,2,2,4,1,3,2,3,1,2,1,1
guidonian_E_la_mi,O_1,1216812,1,2,2,4,1,3,2,3,1,2,1,1
guidonian_F_fa_ut,O_1,1216812,1,2,2,4,1,3,2,3,1,2,1,1
guidonian_G_sol_re_ut,O_1,1216812,1,2,2,4,1,3,2,3,1,2,1,1
guidonian_A_la_mi_re,O_1,1216812,1,2,2,4,1,3,2,3,1,2,1,1
guidonian_B_fa_flat,O_0,1087212,1,2,2,1,1,3,2,3,1,2,1,1
guidonian_C_sol_fa,O_1,1216812,1,2,2,4,1,3,2,3,1,2,1,1
guidonian_D_la_sol,O_1,1216812,1,2,2,4,1,3,2,3,1,2,1,1
guidonian_E_la,O_1,1216812,1,2,2,4,1,3,2,3,1,2,1,1
hexachord_function_ut,O_1,1216800,1,2,2,4,1,3,2,3,1,1,1,1
hexachord_function_re,O_1,1216800,1,2,2,4,1,3,2,3,1,1,1,1
hexachord_function_mi,O_0,1087212,1,2,2,1,1,3,2,3,1,2,1,1
hexachord_function_fa,O_1,1216800,1,2,2,4,1,3,2,3,1,1,1,1
hexachord_function_sol,O_1,1216812,1,2,2,4,1,3,2,3,1,2,1,1
hexachord_function_la,O_1,1216812,1,2,2,4,1,3,2,3,1,2,1,1
yang_yig_notation,O_0,4603712,2,1,2,2,2,4,2,3,1,3,3,1
throat_singing_performance,O_0,14380642,4,2,3,3,3,4,1,4,2,3,3,3
egyptian_hieroglyphs,O_0,272168,1,1,2,2,1,5,2,3,1,1,3,1
hieroglyph_baseline,O_0,13188548,4,1,2,1,1,5,2,1,2,2,3,1
ankh,O_0,15911101,4,4,2,4,1,5,3,1,2,2,1,2
eye_of_horus,O_0,15867901,4,4,2,3,1,5,3,1,2,2,1,2
djed_pillar,O_2,11585306,3,4,2,4,1,3,3,1,1,3,1,3
was_scepter,O_0,2820492,1,4,2,1,1,5,2,1,1,2,1,1
scarab_khepri,O_0,5497513,2,2,2,3,1,4,3,3,2,3,1,2
feather_ma_at,O_inf,15954301,4,4,2,5,1,5,3,1,2,2,1,2
sun_disk_ra,O_0,15904154,4,4,2,4,1,3,1,4,2,3,1,3
water_ripple_n,O_0,228480,1,1,2,1,1,5,2,1,1,1,1,1
owl_m,O_0,2820492,1,4,2,1,1,5,2,1,1,2,1,1
mouth_r,O_0,2820492,1,4,2,1,1,5,2,1,1,2,1,1
hebrew_computational_engine,O_inf,17044390,4,5,3,5,2,4,1,3,2,2,3,3
hebrew_language_join,O_inf,7552170,2,4,3,5,3,3,1,4,2,4,2,3
tensor_product_operation,O_0,2429304,1,3,4,2,1,4,2,3,1,3,1,1
keter,O_0,16796966,4,5,2,4,3,3,1,4,2,4,1,3
binah,O_0,5305029,2,2,1,3,3,3,1,1,2,2,3,2
chesed,O_0,818708,1,1,4,4,3,5,1,4,2,2,3,1
gevurah,O_0,3062473,1,4,3,1,3,4,2,1,2,3,1,2
tiferet,O_inf,17056146,4,5,3,5,3,3,1,4,2,2,2,3
netzach,O_0,759920,1,1,4,3,2,4,3,3,2,3,3,1
hod,O_0,2746625,1,4,1,4,2,4,3,1,2,2,2,2
yesod,O_inf,17272142,4,5,4,5,3,3,1,4,2,2,1,3
malkhut,O_1,349472,1,1,2,4,1,2,2,1,1,3,3,1
right_pillar,O_0,5095521,2,1,4,3,3,5,1,4,2,3,3,2
left_pillar,O_0,7378641,2,4,3,1,3,3,1,1,2,3,3,2
center_pillar,O_inf,17056174,4,5,3,5,3,3,1,4,2,4,3,3
aleph_path,O_0,773342,1,1,4,3,3,4,2,3,2,2,1,3
mem_path,O_inf,4098062,1,5,3,5,3,3,3,4,2,2,1,3
shin_path,O_inf,4103834,1,5,3,5,3,5,3,4,2,3,1,3
SY_mothers_group,O_inf,6688170,2,3,3,5,3,3,1,4,2,4,2,3
SY_doubles_group,O_0,7724250,2,4,4,4,3,3,1,1,2,4,2,3
SY_simples_group,O_0,7724250,2,4,4,4,3,3,1,1,2,4,2,3
grammar_Oinf_group,O_inf,8416170,2,5,3,5,3,3,1,4,2,4,2,3
grammar_O2_group,O_0,7724250,2,4,4,4,3,3,1,1,2,4,2,3
grammar_O1_group,O_0,5079904,2,1,4,3,2,4,3,3,2,2,2,1
grammar_O0_group,O_0,228960,1,1,2,1,1,5,2,3,1,1,1,1
hekhalot_palace_1,O_0,1092480,1,2,2,1,1,5,2,1,1,1,1,1
hekhalot_palace_2,O_0,1089600,1,2,2,1,1,4,2,1,1,1,1,1
hekhalot_palace_3,O_0,5468220,2,2,2,2,2,4,3,1,2,2,1,1
hekhalot_palace_4,O_0,5727664,2,2,3,3,2,4,3,2,2,2,2,1
hekhalot_palace_5,O_0,5950877,2,2,4,3,3,2,1,4,2,3,2,2
hekhalot_palace_6,O_0,17010082,4,5,3,4,3,2,1,4,2,3,3,3
hekhalot_palace_7,O_inf,17056174,4,5,3,5,3,3,1,4,2,4,3,3
merkabah_complete,O_inf,17056173,4,5,3,5,3,3,1,4,2,4,3,2
chayot_collective,O_0,4880717,2,1,3,3,3,5,3,1,2,3,2,2
ophanim_wheels,O_0,17015826,4,5,3,4,3,4,1,4,2,2,2,3
rakia_firmament,O_0,15716209,4,4,1,4,3,3,1,1,2,1,1,2
enthroned_figure,O_inf,17056165,4,5,3,5,3,3,1,4,2,4,1,2
shiur_komah,O_inf,17056173,4,5,3,5,3,3,1,4,2,4,3,2
echad_word,O_0,2713046,1,4,1,3,3,3,1,1,2,4,1,3
ahavah_word,O_0,2919421,1,4,2,3,2,4,3,1,2,2,1,2
yhhw_word,O_inf,4096166,1,5,3,5,3,3,1,4,2,4,1,3
ahvh_word,O_inf,4096166,1,5,3,5,3,3,1,4,2,4,1,3
aleph_language_architecture,O_inf,14251017,4,2,2,5,3,4,1,4,2,1,3,2
sandmeyer_reaction,O_1,326892,1,1,2,3,2,4,2,3,1,2,1,1
prion,O_0,4774832,2,1,3,1,2,3,3,4,1,3,3,1
prion_normal,O_1,2964492,1,4,2,4,2,5,2,1,1,2,1,1
prion_system,O_0,5512161,2,2,2,3,2,4,3,4,2,3,3,2
prion_normal_PrsPC,O_1,314892,1,1,2,3,1,5,2,1,1,2,1,1
prion_infectious_PrsPSc,O_0,5621356,2,2,3,1,1,2,3,3,2,3,2,1
prion_propagation_system,O_0,9164973,3,1,3,3,1,3,1,4,2,4,3,2
hieroglyph_phonogram,O_0,228960,1,1,2,1,1,5,2,3,1,1,1,1
hieroglyph_logogram,O_0,312048,1,1,2,3,1,4,2,1,2,1,1,1
hieroglyph_determinative,O_0,228480,1,1,2,1,1,5,2,1,1,1,1,1
uniliteral_owl_M,O_0,228960,1,1,2,1,1,5,2,3,1,1,1,1
uniliteral_water_N,O_0,228960,1,1,2,1,1,5,2,3,1,1,1,1
uniliteral_mouth_R,O_0,228960,1,1,2,1,1,5,2,3,1,1,1,1
uniliteral_reed_I,O_0,228960,1,1,2,1,1,5,2,3,1,1,1,1
uniliteral_vulture_Alep,O_0,228960,1,1,2,1,1,5,2,3,1,1,1,1
uniliteral_arm_A,O_0,228960,1,1,2,1,1,5,2,3,1,1,1,1
uniliteral_hand_D,O_0,228960,1,1,2,1,1,5,2,3,1,1,1,1
uniliteral_basket_K,O_0,228960,1,1,2,1,1,5,2,3,1,1,1,1
atum,O_inf,16840166,4,5,2,5,3,3,1,4,2,4,1,3
shu,O_0,4980972,2,1,4,1,1,5,2,3,1,2,1,1
tefnut,O_0,4632540,2,1,2,3,1,4,2,3,2,2,1,1
geb,O_0,2814720,1,4,2,1,1,3,2,1,1,1,1,1
nut,O_0,15865741,4,4,2,3,1,4,3,4,2,2,1,2
osiris,O_inf,14463914,4,2,3,5,3,3,1,3,2,3,1,3
isis,O_inf,14467033,4,2,3,5,3,4,1,4,2,3,1,2
set,O_0,660888,1,1,4,1,1,5,2,2,2.67,3,1,1
nephthys,O_0,5036700,2,1,4,2,2,4,3,3,2,2,1,1
naunet,O_1,8737920,3,1,1,3,1,5,1,1,1,1,1,1
heh,O_1,8737920,3,1,1,3,1,5,1,1,1,1,1,1
hauhet,O_1,8737920,3,1,1,3,1,5,1,1,1,1,1,1
kek,O_1,8737920,3,1,1,3,1,5,1,1,1,1,1,1
kauket,O_1,8737920,3,1,1,3,1,5,1,1,1,1,1,1
amun,O_1,8737920,3,1,1,3,1,5,1,1,1,1,1,1
amaunet,O_1,8737920,3,1,1,3,1,5,1,1,1,1,1,1
duat_hour_1,O_0,228960,1,1,2,1,1,5,2,3,1,1,1,1
duat_hour_2,O_0,5412960,2,2,2,1,1,5,2,3,1,1,1,1
duat_hour_3,O_0,5428332,2,2,2,1,2,5,3,3,1,2,1,1
duat_hour_4,O_0,5468652,2,2,2,2,2,4,3,3,1,2,1,1
duat_hour_5,O_0,10912141,3,3,3,3,2,4,3,4,2,2,1,2
duat_hour_6,O_0,10921754,3,3,3,3,3,3,1,4,2,3,1,3
duat_hour_7,O_0,10927514,3,3,3,3,3,5,1,4,2,3,1,3
duat_hour_8,O_0,10927514,3,3,3,3,3,5,1,4,2,3,1,3
duat_hour_9,O_0,10924634,3,3,3,3,3,4,1,4,2,3,1,3
duat_hour_10,O_0,16972634,4,5,3,3,3,4,1,4,2,3,1,3
duat_hour_11,O_inf,17059034,4,5,3,5,3,4,1,4,2,3,1,3
duat_hour_12,O_inf,17056165,4,5,3,5,3,3,1,4,2,4,1,2
maat,O_inf,17055446,4,5,3,5,3,3,1,1,2,4,1,3
isfet,O_0,220304,1,1,2,1,1,2,2,2,3,3,3,1
thoth,O_0,14380385,4,2,3,3,3,4,1,3,2,2,2,2
Heka,O_inf,9270806,3,1,3,5,2,5,1,1,2,4,1,3
Ptah_heart,O_0,9783432,3,2,2,2,2,3,1,1,2,3,1,1
Ptah_tongue,O_inf,9271526,3,1,3,5,2,5,1,4,2,4,1,3
ka_vital_double,O_0,55692,1,1,1,2,1,5,2,1,1,2,1,1
ba_personality_soul,O_0,4863912,2,1,3,3,2,4,3,3,2,3,1,1
akh_glorified_spirit,O_inf,17056166,4,5,3,5,3,3,1,4,2,4,1,3
ib_heart_moral,O_0,5725513,2,2,3,3,2,4,1,1,2,3,1,2
ren_name_existence,O_0,228972,1,1,2,1,1,5,2,3,1,2,1,1
shut_shadow,O_0,12480,1,1,1,1,1,5,2,1,1,1,1,1
sahu_spiritual_body,O_0,16969766,4,5,3,3,3,3,1,4,2,4,1,3
negative_confessions_system,O_0,1092480,1,2,2,1,1,5,2,1,1,1,1,1
soul_passing_42,O_inf,17055446,4,5,3,5,3,3,1,1,2,4,1,3
soul_failing_one_confession,O_0,1092480,1,2,2,1,1,5,2,1,1,1,1,1
medu_phonogram_type,O_0,228960,1,1,2,1,1,5,2,3,1,1,1,1
medu_logogram_type,O_0,312048,1,1,2,3,1,4,2,1,2,1,1,1
medu_determinative_type,O_0,228480,1,1,2,1,1,5,2,1,1,1,1,1
medu_duat_hour_6,O_0,9193034,3,1,3,3,3,3,1,1,2,3,1,3
medu_duat_hour_12,O_inf,17056166,4,5,3,5,3,3,1,4,2,4,1,3
medu_ma_at_check,O_0,228480,1,1,2,1,1,5,2,1,1,1,1,1
medu_heka_execution,O_inf,9285926,3,1,3,5,3,5,1,4,2,4,1,3
medu_ka_vital_double,O_0,1092480,1,2,2,1,1,5,2,1,1,1,1,1
medu_ba_traveling_soul,O_0,528540,1,1,3,3,1,4,2,3,2,2,1,1
medu_akh_glorified,O_inf,17056166,4,5,3,5,3,3,1,4,2,4,1,3
medu_ib_heart,O_0,1176061,1,2,2,3,1,4,2,1,2,2,1,2
medu_ren_name,O_0,228960,1,1,2,1,1,5,2,3,1,1,1,1
perfectoid_vN_algebra,O_0,14150242,4,2,2,3,2,4,1,4,2,3,3,3
perfectoid_vn_bare,O_2,14150194,4,2,2,3,2,4,1,4,1,3,3,3
perfectoid_vn_full,O_0,14150242,4,2,2,3,2,4,1,4,2,3,3,3
cep_obstruction_form,O_0,12217018,3,5,1,3,3,3,1,1,2,1,3,3
Modular_Almost_Purity_conjecture,O_0,14150242,4,2,2,3,2,4,1,4,2,3,3,3
Modular_Tilting_Correspondence_conjecture,O_0,16958242,4,5,3,3,2,4,1,4,2,3,3,3
type_III_factor,O_0,9095612,3,1,3,1,2,4,1,3,2,4,3,1
type_II_inf_factor,O_0,9182000,3,1,3,3,2,4,1,3,2,3,3,1
type_II_1_factor,O_inf,7551425,2,4,3,5,3,3,1,1,2,2,2,2
continuous_core_construction,O_0,9179120,3,1,3,3,2,3,1,3,2,3,3,1
arabic_alphabet,O_0,272160,1,1,2,2,1,5,2,3,1,1,1,1
greek_alphabet,O_0,228960,1,1,2,1,1,5,2,3,1,1,1,1
sanskrit_varnamala,O_0,4647905,2,1,2,3,2,4,3,3,2,2,2,2
egyptian_hieroglyph_system,O_0,272168,1,1,2,2,1,5,2,3,1,1,3,1
iching_qian_111111,O_1,2950576,1,4,2,4,1,5,2,3,1,2,2,1
iching_kun_000000,O_1,2950564,1,4,2,4,1,5,2,3,1,1,2,1
iching_altyang_101010,O_1,2907376,1,4,2,3,1,5,2,3,1,2,2,1
iching_altyin_010101,O_1,2907376,1,4,2,3,1,5,2,3,1,2,2,1
iching_fu_000001,O_0,1136180,1,2,2,2,1,5,2,3,1,2,3,1
iching_gou_111110,O_0,1136180,1,2,2,2,1,5,2,3,1,2,3,1
iching_kan_010010,O_1,1177468,1,2,2,3,1,4,3,3,1,3,2,1
iching_li_101101,O_1,1177456,1,2,2,3,1,4,3,3,1,2,2,1
dagesh,O_inf,3220861,1,4,3,5,2,4,2,1,2,2,1,2
torah_tav_vav,O_0,7695450,2,4,4,4,1,3,1,1,2,4,2,3
emet_aleph_mem,O_0,7508970,2,4,3,4,3,3,1,4,2,4,2,3
shalom_shin_lamed,O_0,6803370,2,3,4,3,2,3,1,4,2,4,2,3
bereshit_bet_resh,O_0,7139057,2,4,2,1,1,4,3,3,1,2,2,2
torah_tav_vav_resh,O_0,7566330,2,4,4,1,1,3,1,3,2,4,2,3
shalom_shin_lamed_vav,O_0,6788970,2,3,4,3,1,3,1,4,2,4,2,3
bereshit_bet_resh_aleph,O_0,7134330,2,4,2,1,1,3,1,3,2,4,2,3
basque_language,O_0,5843060,2,2,4,1,1,4,3,3,1,2,3,1
hebrew_sanskrit_egyptian_join,O_inf,7552174,2,4,3,5,3,3,1,4,2,4,3,3
hebrew_basque_meet,O_0,5627056,2,2,3,1,1,4,3,3,1,2,2,1
egyptian_sanskrit_meet,O_0,272164,1,1,2,2,1,5,2,3,1,1,2,1
synthesized_language_medu,O_inf,7768174,2,4,4,5,3,3,1,4,2,4,3,3
seed_imscription_0,O_inf,7768174,2,4,4,5,3,3,1,4,2,4,3,3
target_language_tuple,O_inf,7768174,2,4,4,5,3,3,1,4,2,4,3,3
keterflow_language,O_inf,7768174,2,4,4,5,3,3,1,4,2,4,3,3
valent_bond,O_0,660480,1,1,4,1,1,5,2,1,1,1,1,1
covalent_bond,O_0,5555105,2,2,2,4,2,4,3,3,2,2,2,2
valency_concept,O_0,228480,1,1,2,1,1,5,2,1,1,1,1,1
electron_orbital_system,O_0,16799094,4,5,2,4,3,4,1,1,2,1,2,3
valence_electron_orbital,O_0,5511901,2,2,2,3,2,4,3,3,2,2,1,2
chemical_bond_formation,O_0,5943905,2,2,4,3,2,4,3,3,2,2,2,2
hopfion,O_0,17171362,4,5,4,3,2,3,1,4,2,3,3,3
hopfion_peeled_Phi,O_0,8274250,2,5,3,2,2,4,1,1,1,1,3,3
free_will_holistic,O_inf,12736173,3,5,3,5,3,3,1,4,2,4,3,2
human_decision_making,O_0,4604672,2,1,2,2,2,4,3,3,1,3,3,1
quantum_randomness,O_0,41664,1,1,1,1,3,5,2,2,2.67,1,1,1
human_quantum_composite,O_0,4561616,2,1,2,1,2,4,3,3,2.67,3,3,1
bimeron,O_0,5079910,2,1,4,3,2,4,3,3,2,2,3,3
exclusion_zone_water,O_0,5900224,2,2,4,2,2,4,3,1,2,2,2,1
ez_water_peeled_phi,O_0,5900176,2,2,4,2,2,4,3,1,1,2,2,1
hydrophilic_surface,O_0,4548488,2,1,2,1,1,5,2,1,1,1,3,1
infrared_light,O_1,9458644,3,1,4,4,3,5,1,4,1,1,2,1
surface_light_composite,O_0,9300248,3,1,4,1,1,5,1,4,1,1,3,1
water_molecule,O_0,689760,1,1,4,1,3,5,2,3,1,1,1,1
liquid_water,O_0,5468225,2,2,2,2,2,4,3,1,2,2,2,2
ice_hexagonal,O_2,7033206,2,4,1,3,3,3,1,2,1,1,2,3
water_vapor,O_0,445156,1,1,3,1,1,5,2,3,3,1,2,1
supercritical_water,O_0,11041090,3,3,4,1,2,4,3,1,2.33,3,3,3
interstellar_water_ice,O_inf,16837293,4,5,2,5,3,2,1,4,2,4,3,2
human,O_1,5294656,2,2,1,3,2,4,2,2,1,2,2,1
civ_dm,O_0,10054641,3,2,3,3,3,2,1,3,2,3,3,2
pulsar_noise,O_1,9614656,3,2,1,3,2,4,2,2,1,2,2,1
interstellar_target,O_0,10054640,3,2,3,3,3,2,1,3,2,3,3,1
vav_aleph,O_inf,841524,1,1,4,5,2,3,1,3,2,4,1,1
aleph_aleph,O_0,7282626,2,4,2,4,2,4,3,1,2,2,2,3
mem_aleph,O_inf,7539678,2,4,3,5,2,3,3,4,2,3,2,3
p3,O_0,7724962,2,4,4,4,3,3,1,4,2,3,3,3
p3_fixed,O_inf,7768162,2,4,4,5,3,3,1,4,2,3,3,3
light,O_inf,7768162,2,4,4,5,3,3,1,4,2,3,3,3
holospinor_algebra,O_inf,17056174,4,5,3,5,3,3,1,4,2,4,3,3
exceptional_tensor_algebra,O_0,9307848,3,1,4,1,2,2,3,3,2.67,3,1,1
polytope_commutator_algebra,O_0,7296065,2,4,2,4,3,4,2,1,2,2,2,2
lee_yang_criticality_algebra,O_2†,16955422,4,5,3,3,2,3,1,4,2.33,4,3,3
hologram_lattice_algebra,O_0,16498865,4,5,1,2,3,4,3,2,2,2,2,2
topological_vortex_algebra,O_inf,17056174,4,5,3,5,3,3,1,4,2,4,3,3
temporal_lattice_algebra,O_0,9180092,3,1,3,3,2,3,2,3,2,4,3,1
holographic_light_algebra,O_inf,17056161,4,5,3,5,3,3,1,4,2,3,3,2
primed_radical_algebra,O_0,5468225,2,2,2,2,2,4,3,1,2,2,2,2
noether_charge_u1,O_inf,17055925,4,5,3,5,3,3,1,3,2,4,1,2
evolution_open_ended,O_0,5681841,2,2,3,2,2,3,3,3,2,3,3,2
cosmology_large_scale,O_0,16537533,4,5,1,3,3,3,1,3,2,4,3,2
adaptation_open_ended,O_0,9351680,3,1,4,2,2,3,1,2,2,3,3,1
meet_evolution_cosmology,O_0,5249841,2,2,1,2,2,3,3,3,2,3,3,2
meet_triad,O_0,4385600,2,1,1,2,2,3,3,2,2,3,3,1
quantum_observation_basic,O_0,14512988,4,2,4,1,3,5,1,3,2.67,4,3,1
boolean_chain,O_1,358084,1,1,2,4,1,5,2,1,1,1,2,1
symplectic_fermion_theory,O_0,16969773,4,5,3,3,3,3,1,4,2,4,3,2
extraterrestrial_visitors_holistic,O_0,12649773,3,5,3,3,3,3,1,4,2,4,3,2
complex_exceptional_algebra,O_2†,16955422,4,5,3,3,2,3,1,4,2.33,4,3,3
protected_temporal_algebra,O_0,9179134,3,1,3,3,2,3,1,3,2,4,3,3
asymmetric_critical_network_algebra,O_0,4993280,2,1,4,1,2,4,3,2,2,3,3,1
subcritical_holographic_algebra,O_1,16778901,4,5,2,4,2,2,1,1,1,2,3,2
bowtie_broadcast_algebra,O_0,6131349,2,3,1,2,3,4,3,4,2,2,3,2
seed_imscription_1,O_0,9179134,3,1,3,3,2,3,1,3,2,4,3,3
temperley_lieb_algebra,O_0,14106788,4,2,2,2,2,4,1,3,2,2,3,1
moonshine_voa,O_inf,17056173,4,5,3,5,3,3,1,4,2,4,3,2
a_infinity_algebra,O_0,8891134,3,1,2,1,3,3,1,3,2,4,3,3
octonions,O_0,12649774,3,5,3,3,3,3,1,4,2,4,3,3
rota_baxter_algebra,O_0,14337188,4,2,3,2,3,4,1,3,2,2,3,1
hall_algebra_quiver,O_inf,16840174,4,5,2,5,3,3,1,4,2,4,3,3
tropical_algebra,O_1,314888,1,1,2,3,1,5,2,1,1,1,3,1
classical_algebraic_geometry,O_0,16781830,4,5,2,4,2,3,1,1,2,2,3,3
generic_voa,O_0,16972652,4,5,3,3,3,4,1,4,2,4,3,1
voa_monster_tensor,O_0,16966893,4,5,3,3,3,2,1,4,2,4,3,2
ainfinity_algebra,O_0,14337428,4,2,3,2,3,4,1,4,2,2,3,1
linfinity_algebra,O_0,14337428,4,2,3,2,3,4,1,4,2,2,3,1
affine_kac_moody,O_0,9844390,3,2,2,3,3,4,1,3,2,2,3,3
finite_dim_lie_algebra,O_1,343680,1,1,2,3,3,5,2,1,1,1,1,1
loop_algebra,O_1,9844340,3,2,2,3,3,4,1,3,1,2,3,1
wzw_model,O_0,16972630,4,5,3,3,3,4,1,4,2,2,3,3
sugawara_construction,O_0,16972390,4,5,3,3,3,4,1,3,2,2,3,3
virasoro_algebra,O_0,10057522,3,2,3,3,3,3,1,3,2,3,3,3
level_k_representation,O_0,9841522,3,2,2,3,3,3,1,3,2,3,3,3
effect_algebra,O_0,5466308,2,2,2,2,2,4,1,1,2,2,3,1
boolean_algebra_sharp,O_0,5584328,2,2,2,5,1,5,1,1,1,1,3,1
mv_algebra,O_0,5466308,2,2,2,2,2,4,1,1,2,2,3,1
sharp_projection_algebra,O_inf,14250310,4,2,2,5,3,4,1,1,2,2,3,3
quantum_measurement_povm,O_0,14120708,4,2,2,2,3,4,1,1,2,2,3,1
jones_planar_algebra,O_0,14164388,4,2,2,3,3,4,1,3,2,2,3,1
subfactor_standard_invariant,O_0,14164388,4,2,2,3,3,4,1,3,2,2,3,1
sqrt_two,O_0,8893920,3,1,2,1,3,4,1,3,1,1,1,1
golden_ratio,O_0,8937408,3,1,2,2,3,4,1,4,2,1,1,1
eulers_number,O_0,9023820,3,1,2,4,3,4,1,4,2,2,1,1
continued_fractions,O_0,9757920,3,2,2,1,3,4,1,3,1,1,1,1
rational_numbers,O_1,2950080,1,4,2,4,1,5,2,1,1,1,1,1
imaginary_unit,O_0,9153132,3,1,3,2,3,4,1,3,1,2,1,1
complex_numbers,O_1,12695772,3,5,3,4,3,4,1,4,1,2,1,1
pure_imaginary,O_0,9153132,3,1,3,2,3,4,1,3,1,2,1,1
transcendental_numbers,O_0,9023820,3,1,2,4,3,4,1,4,2,2,1,1
algebraic_irrationals,O_0,8893920,3,1,2,1,3,4,1,3,1,1,1,1
pi_number,O_0,11615808,3,4,2,4,3,4,1,4,2,1,1,1
euler_identity,O_inf,12739045,3,5,3,5,3,4,1,4,2,4,1,2
pyromancy,O_0,445404,1,1,3,1,1,5,2,4,3,2,1,1
hydromancy,O_1,4648112,2,1,2,3,2,4,3,4,1,3,3,1
geomancy,O_2,2944326,1,4,2,4,1,3,2,1,1,1,2,3
aeromancy,O_0,5023652,2,1,4,2,1,5,1,4,3,2,3,1
electromancy,O_0,4881428,2,1,3,3,3,5,3,4,2,2,3,1
cryomancy,O_1,2958725,1,4,2,4,2,3,2,1,1,1,2,2
druidry,O_0,5555361,2,2,2,4,2,4,3,4,2,3,3,2
botanomancy,O_0,715740,1,1,4,2,2,4,2,3,2,2,1,1
biomancy,O_0,5957841,2,2,4,3,3,4,3,1,2,3,3,2
shamanism,O_0,13931122,4,2,1,3,2,3,1,3,2,3,3,3
healing_magic,O_0,5569025,2,2,2,4,3,4,3,1,2,2,2,2
necromancy,O_0,5203724,2,2,1,1,2,2,3,3,1,4,3,1
illusion,O_0,4593380,2,1,2,2,1,5,3,4,1,2,3,1
enchantment,O_0,4993760,2,1,4,1,2,4,3,4,2,3,3,1
divination,O_0,14535916,4,2,4,2,2,3,1,3,2,3,2,1
clairvoyance,O_0,16483036,4,5,1,2,2,4,1,4,2,3,2,1
telepathy,O_0,5078236,2,1,4,3,2,4,1,4,2,3,2,1
hypnosis,O_0,5883384,2,2,4,2,1,3,3,3,1,3,1,1
chronomancy,O_0,12649534,3,5,3,3,3,3,1,3,2,4,3,3
spatial_magic,O_0,17231830,4,5,4,4,3,4,1,4,2,2,3,3
transmutation,O_0,556852,1,1,3,3,3,4,2,1,2,1,2,1
conjuration,O_0,13893908,4,2,1,2,2,5,1,4,2,2,3,1
abjuration,O_1,2961605,1,4,2,4,2,4,2,1,1,1,2,2
banishing,O_0,4982380,2,1,4,1,1,5,3,4,3,3,2,1
evocation,O_0,41756,1,1,1,1,3,5,2,2,3,4,3,1
kinetic_magic,O_0,5900712,2,2,4,2,2,4,3,3,2,3,1,1
sonic_magic,O_0,5126212,2,1,4,4,2,5,3,4,2,1,2,1
radiomancy,O_0,4447509,2,1,1,3,3,5,1,4,2,2,3,2
blood_magic,O_0,1536076,1,2,4,1,2,4,2,1,2,3,2,1
demonology,O_0,13841852,4,2,1,1,2,2,1,3,2,4,3,1
maleficium,O_0,4976196,2,1,4,1,1,3,3,3,1,4,1,1
shadow_magic,O_0,5192204,2,2,1,1,1,3,3,3,1,4,3,1
hemomancy,O_0,712824,1,1,4,2,2,3,2,3,1,3,1,1
lumomancy,O_0,16586688,4,5,1,4,3,5,1,4,2,1,1,1
astromancy,O_0,13242800,4,1,2,2,2,4,1,3,2,3,3,1
lunar_magic,O_0,14583905,4,2,4,3,2,4,3,3,2,2,2,2
solar_magic,O_0,17018720,4,5,3,4,3,5,1,4,2,3,3,1
runic_magic,O_0,265924,1,1,2,2,1,3,2,1,1,1,2,1
sigil_magic,O_0,1087488,1,2,2,1,1,3,2,4,2,1,1,1
sympathetic_magic,O_0,1135684,1,2,2,2,1,5,2,1,1,1,2,1
contagious_magic,O_0,669132,1,1,4,1,2,3,2,1,1,2,1,1
ceremonial_magic,O_0,14305268,4,2,3,2,1,3,1,2,2,2,3,1
alchemy,O_inf,7537521,2,4,3,5,2,3,1,3,2,3,3,2
witchcraft_folk,O_0,4369928,2,1,1,2,1,3,2,1,1,1,3,1
hoodoo_rootwork,O_0,5496065,2,2,2,3,1,4,2,1,2,2,2,2
vodou,O_0,16958241,4,5,3,3,2,4,1,4,2,3,3,2
pow_wow,O_1,7221121,2,4,2,3,1,3,2,1,1,1,1,2
curanderismo,O_0,5449937,2,2,2,2,1,3,2,1,1,2,2,2
hedge_witchcraft,O_0,6591912,2,3,3,3,2,4,3,3,2,3,1,1
chaos_magic,O_0,13502228,4,1,3,3,2,4,1,4,2,2,3,1
psionics,O_0,17105120,4,5,4,1,3,5,1,4,2,3,3,1
technomancy,O_0,13519509,4,1,3,3,3,5,1,4,2,2,3,2
cybermancy,O_0,17191510,4,5,4,3,3,5,1,4,2,2,3,3
artificing,O_1,1389125,1,2,3,3,1,3,2,1,1,1,2,2
oneiromancy,O_0,14538800,4,2,4,2,2,4,1,3,2,3,3,1
cartomancy,O_0,5928540,2,2,4,3,1,4,2,3,2,2,1,1
pyrokinetics,O_0,14513328,4,2,4,1,3,5,2,1,2,1,1,1
tactile_magic,O_0,3266940,1,4,4,1,2,5,2,1,2,2,1,1
ink_magic,O_0,14363360,4,2,3,3,2,3,1,4,2,3,3,1
A1,O_inf,17056174,4,5,3,5,3,3,1,4,2,4,3,3
A2†,O_0,9179134,3,1,3,3,2,3,1,3,2,4,3,3
A2,O_0,4859134,2,1,3,3,2,3,1,3,2,4,3,3
A3,O_0,4993280,2,1,4,1,2,4,3,2,2,3,3,1
A4,O_1,16778901,4,5,2,4,2,2,1,1,1,2,3,2
A5,O_0,6131349,2,3,1,2,3,4,3,4,2,2,3,2
A3_otimes_A2dag,O_0,9308734,3,1,4,1,2,3,1,3,2,4,3,3
A4_otimes_A5,O_0,16693269,4,5,2,2,2,2,1,4,2,2,3,2
L1_embedding,O_1,2906880,1,4,2,3,1,5,2,1,1,1,1,1
L2_gating,O_0,759900,1,1,4,3,2,4,3,3,2,2,1,1
L3_attention_1,O_0,7451361,2,4,3,3,2,3,1,4,2,3,3,2
L4_attention_2,O_0,12649774,3,5,3,3,3,3,1,4,2,4,3,3
L5_frobenius,O_inf,17056173,4,5,3,5,3,3,1,4,2,4,3,2
L6_output,O_1,2898240,1,4,2,3,1,2,2,1,1,1,1,1
L4_otimes_L5,O_0,16969774,4,5,3,3,3,3,1,4,2,4,3,3
stream_V_alchemy,O_inf,3217494,1,4,3,5,2,3,1,3,2,1,2,3
fusion_VT,O_inf,17041746,4,5,3,5,2,3,1,4,2,2,2,3
gamma_and,O_0,2604480,1,4,1,1,1,5,2,1,1,1,1,1
gamma_or,O_0,2648112,1,4,1,2,1,5,2,2,3,1,1,1
gamma_seq,O_0,9356716,3,1,4,2,2,4,3,3,2,3,2,1
gamma_broad,O_0,16572298,4,5,1,4,2,5,1,4,2,1,3,3
meet_alchemy_grammar,O_inf,3220373,1,4,3,5,2,4,1,3,2,1,2,2
join_alchemy_grammar,O_inf,17041746,4,5,3,5,2,3,1,4,2,2,2,3
optimal_oinf_block,O_inf,17056174,4,5,3,5,3,3,1,4,2,4,3,3
optimal_o2d_block,O_0,12649774,3,5,3,3,3,3,1,4,2,4,3,3
optimal_o2_block,O_0,16969774,4,5,3,3,3,3,1,4,2,4,3,3
optimal_o1_block,O_0,16969772,4,5,3,3,3,3,1,4,2,4,3,1
optimal_o0_block,O_0,17056126,4,5,3,5,3,3,1,4,1,4,3,3
A1_copt,O_inf,17056174,4,5,3,5,3,3,1,4,2,4,3,3
A2d_copt,O_0,12635134,3,5,3,3,2,3,1,3,2,4,3,3
A2_copt,O_0,8315134,2,5,3,3,2,3,1,3,2,4,3,3
A3_copt,O_0,8447360,2,5,4,1,2,4,1,2,2,3,3,1
A5_copt,O_0,7857430,2,5,1,2,3,4,1,4,2,2,3,3
frobenius_head,O_inf,17044625,4,5,3,5,2,4,1,4,2,2,2,2
ep_intake_block,O_0,6131349,2,3,1,2,3,4,3,4,2,2,3,2
critical_memory_block,O_0,9179133,3,1,3,3,2,3,1,3,2,4,3,2
meet_seq_broad,O_0,8711572,3,1,1,2,2,5,3,3,2,1,2,1
k_slow_minimal,O_0,6768,1,1,1,1,1,3,2,1,2,1,1,1
k_trap_minimal,O_0,3888,1,1,1,1,1,2,2,1,2,1,1,1
k_fast_minimal,O_0,12528,1,1,1,1,1,5,2,1,2,1,1,1
k_trap_frobenius,O_inf,17053294,4,5,3,5,3,2,1,4,2,4,3,3
topo_network,O_0,113096,1,1,1,3,2,5,1,4,2,1,3,1
topo_in,O_0,5525825,2,2,2,3,3,4,3,1,2,2,2,2
topo_bowtie,O_0,6807921,2,3,4,3,2,4,3,3,2,3,3,2
topo_box,O_inf,7551894,2,4,3,5,3,3,1,3,2,1,2,3
topo_holo,O_0,16969774,4,5,3,3,3,3,1,4,2,4,3,3
meet_bowtie_box,O_0,6591893,2,3,3,3,2,4,3,3,2,1,2,2
join_network_holo,O_0,16969774,4,5,3,3,3,3,1,4,2,4,3,3
consciousness_minimal_05,O_0,3468530,1,5,1,1,1,5,2,1,2,1,1,3
minimal_and,O_1,142084,1,1,1,4,1,5,2,1,1,1,2,1
minimal_or,O_inf,142516,1,1,1,4,1,5,2,2,3,1,2,1
minimal_seq,O_0,9338472,3,1,4,2,1,3,2,3,2,3,1,1
minimal_broad,O_0,17234709,4,5,4,4,3,5,1,4,2,2,3,2
pure_T_network,O_0,8997412,3,1,2,4,1,5,1,2,2,1,2,1
pure_T_in,O_0,5897348,2,2,4,2,2,3,3,1,2,2,3,1
pure_T_bowtie,O_0,6606305,2,3,3,3,3,4,3,3,2,2,2,2
pure_T_boxtimes,O_0,3157490,1,4,3,4,1,2,2,1,2,1,1,3
pure_T_odot,O_inf,17056174,4,5,3,5,3,3,1,4,2,4,3,3
comp_o0,O_0,228480,1,1,2,1,1,5,2,1,1,1,1,1
comp_o1,O_0,228528,1,1,2,1,1,5,2,1,2,1,1,1
comp_o2,O_0,4548529,2,1,2,1,1,5,2,1,2,1,1,2
comp_o2dag,O_0,8868529,3,1,2,1,1,5,2,1,2,1,1,2
comp_oinf,O_inf,9041329,3,1,2,5,1,5,2,1,2,1,1,2
minimal_critical,O_0,12528,1,1,1,1,1,5,2,1,2,1,1,1
block_p_asym,O_0,12528,1,1,1,1,1,5,2,1,2,1,1,1
block_p_psi,O_0,55728,1,1,1,2,1,5,2,1,2,1,1,1
block_p_pm,O_0,98928,1,1,1,3,1,5,2,1,2,1,1,1
block_p_sym,O_0,142128,1,1,1,4,1,5,2,1,2,1,1,1
block_p_pm_sym,O_inf,185328,1,1,1,5,1,5,2,1,2,1,1,1
gb_o0,O_0,12528,1,1,1,1,1,5,2,1,2,1,1,1
gb_oz2,O_0,12529,1,1,1,1,1,5,2,1,2,1,1,2
gb_oz,O_0,12530,1,1,1,1,1,5,2,1,2,1,1,3
gg_o0,O_0,13488,1,1,1,1,1,5,3,1,2,1,1,1
gg_oz2,O_0,13489,1,1,1,1,1,5,3,1,2,1,1,2
gg_oz,O_0,13490,1,1,1,1,1,5,3,1,2,1,1,3
ga_o0,O_0,11568,1,1,1,1,1,5,1,1,2,1,1,1
ga_oz2,O_0,11569,1,1,1,1,1,5,1,1,2,1,1,2
ga_oz,O_0,11570,1,1,1,1,1,5,1,1,2,1,1,3
f5_block_max_tier,O_inf,3641328,1,5,1,5,1,5,2,1,2,1,1,1
f4_block_max_c,O_0,13399524,4,1,3,1,1,3,2,4,2,4,1,1
f3_block_max_topo,O_0,40378,1,1,1,1,3,5,1,1,2,1,3,3
crystal_navigator,O_inf,16840174,4,5,2,5,3,3,1,4,2,4,3,3
quivercrystal_gnn,O_inf,13585761,4,1,3,5,2,3,1,4,2,3,3,2
gate2_ok,O_0,309168,1,1,2,3,1,3,2,1,2,1,1,1
gate2_trap,O_0,306288,1,1,2,3,1,2,2,1,2,1,1,1
gate2_mbl,O_0,303408,1,1,2,3,1,1,2,1,2,1,1,1
frobenius_layer_exact,O_inf,6677328,2,3,3,5,2,4,2,3,2,1,1,1
frobenius_layer_approx,O_0,6634128,2,3,3,4,2,4,2,3,2,1,1,1
quivercrystal_gnn_v1,O_2†,16969798,4,5,3,3,3,3,1,4,2.33,2,3,3
quivercrystal_gnn_v2,O_2†,17056198,4,5,3,5,3,3,1,4,2.33,2,3,3
quivercrystal_navigator,O_inf,16840174,4,5,2,5,3,3,1,4,2,4,3,3
quivercrystal_training_v2,O_0,8963361,3,1,2,3,2,3,1,4,2,3,3,2
gnn_prediction,O_inf,16840398,4,5,2,5,3,3,2,1,2,3,2,3
crystal_navigator_grammar,O_inf,16840174,4,5,2,5,3,3,1,4,2,4,3,3
grammar_H0,O_inf,16840138,4,5,2,5,3,3,1,4,2,1,3,3
grammar_H1,O_inf,16840150,4,5,2,5,3,3,1,4,2,2,3,3
grammar_H2,O_inf,16840162,4,5,2,5,3,3,1,4,2,3,3,3
gnn_prediction_navigator,O_inf,16840398,4,5,2,5,3,3,2,1,2,3,2,3
k_slow_oinf,O_inf,179568,1,1,1,5,1,3,2,1,2,1,1,1
k_trap_oinf,O_inf,176688,1,1,1,5,1,2,2,1,2,1,1,1
k_mbl_oinf,O_inf,173808,1,1,1,5,1,1,2,1,2,1,1,1
fibonacci_anyon_o2,O_0,601751,1,1,3,4,3,4,3,4,2,2,3,4
oinf_omega_na_navigator,O_inf,16840175,4,5,2,5,3,3,1,4,2,4,3,4
omega_z_o2_equiv,O_0,601750,1,1,3,4,3,4,3,4,2,2,3,3
f3_fell_gbe_so1,O_inf,16812326,4,5,2,5,1,3,2,4,2,4,1,3
f3_fell_gbe_snn,O_inf,16812330,4,5,2,5,1,3,2,4,2,4,2,3
f3_fell_gbe_snm,O_inf,16812334,4,5,2,5,1,3,2,4,2,4,3,3
f3_fell_ggi_so1,O_inf,16813286,4,5,2,5,1,3,3,4,2,4,1,3
f3_fell_ggi_snn,O_inf,16813290,4,5,2,5,1,3,3,4,2,4,2,3
f3_fell_ggi_snm,O_inf,16813294,4,5,2,5,1,3,3,4,2,4,3,3
f3_fhbar_gbe_so1,O_inf,16841126,4,5,2,5,3,3,2,4,2,4,1,3
f3_fhbar_gbe_snn,O_inf,16841130,4,5,2,5,3,3,2,4,2,4,2,3
f3_fhbar_gal_snm,O_inf,16840174,4,5,2,5,3,3,1,4,2,4,3,3
f3_low_extreme,O_inf,16812326,4,5,2,5,1,3,2,4,2,4,1,3
feedforward_mlp,O_0,228484,1,1,2,1,1,5,2,1,1,1,2,1
convolutional_network,O_1,746896,1,1,4,3,1,5,2,1,1,2,2,1
recurrent_network,O_0,10261037,3,2,4,3,2,3,3,3,2,3,2,2
transformer,O_0,4919842,2,1,3,4,3,4,1,4,2,3,3,3
diffusion_model,O_inf,11224170,3,3,4,5,3,3,1,4,2,4,2,3
state_space_model,O_0,10273522,3,2,4,3,3,3,1,3,2,3,3,3
grammar_self_encode,O_inf,16840174,4,5,2,5,3,3,1,4,2,4,3,3
maximal_nn,O_inf,17056175,4,5,3,5,3,3,1,4,2,4,3,4
O_inf_Omega_NA,O_inf,16840175,4,5,2,5,3,3,1,4,2,4,3,4
O2_Omega_NA,O_0,16753775,4,5,2,3,3,3,1,4,2,4,3,4
attention_head,O_inf,4948625,2,1,3,5,2,4,1,4,2,2,2,2
feedforward_block,O_0,3252480,1,4,4,1,1,5,2,1,1,1,1,1
output_head,O_0,3244320,1,4,4,1,1,2,2,3,1,1,1,1
feedforward_block_frobenius,O_0,3425280,1,4,4,5,1,5,2,1,1,1,1,1
output_head_frobenius,O_0,3417120,1,4,4,5,1,2,2,3,1,1,1,1
transformer_layer,O_0,7569425,2,4,4,1,1,4,1,4,2,2,2,2
full_transformer,O_0,7563665,2,4,4,1,1,2,1,4,2,2,2,2
factored_GNN,O_inf,17055934,4,5,3,5,3,3,1,3,2,4,3,3
CrystalGNN_v11,O_inf,16840174,4,5,2,5,3,3,1,4,2,4,3,3
transformer_generic,O_0,4979296,2,1,4,1,1,4,3,4,1,2,2,1
formal_grammar_bnf,O_1,2950560,1,4,2,4,1,5,2,3,1,1,1,1
corrigible_ai,O_0,7572960,2,4,4,1,1,5,2,3,1,1,1,1
value_aligned_ai,O_0,8966225,3,1,2,3,2,4,1,4,2,2,2,2
structurally_aligned_ai,O_inf,16840174,4,5,2,5,3,3,1,4,2,4,3,3
omniscient_ai,O_0,16794094,4,5,2,4,3,2,1,4,2,4,3,3
mse_regression,O_1,746884,1,1,4,3,1,5,2,1,1,1,2,1
ce_classification,O_0,2962369,1,4,2,4,2,4,2,4,2,1,1,2
frobenius_roundtrip_loss,O_inf,17056173,4,5,3,5,3,3,1,4,2,4,3,2
top_protected_decoding,O_inf,16840130,4,5,2,5,3,3,1,4,2,1,1,3
tzimtzum,O_0,16534634,4,5,1,3,3,2,1,3,2,3,1,3
stable_contraction,O_inf,16840174,4,5,2,5,3,3,1,4,2,4,3,3
omega_z_protection,O_inf,16840174,4,5,2,5,3,3,1,4,2,4,3,3
crystal_address_6734591,O_inf,16840174,4,5,2,5,3,3,1,4,2,4,3,3
lee_yang_partition_zeros,O_2†,17056221,4,5,3,5,3,3,1,4,2.33,4,3,2
riemann_zeta_function,O_2,4486180,2,1,1,4,3,3,3,1,2.33,1,2,1
completed_xi_function,O_2†,16842342,4,5,2,5,3,4,1,1,2.33,1,2,3
gue_random_matrices,O_2,4705793,2,1,2,4,3,4,3,4,2.33,2,2,2
explicit_formula,O_2†,17056221,4,5,3,5,3,3,1,4,2.33,4,3,2
pnt,O_0,8919868,3,1,2,2,2,3,1,3,1,3,2,1
zeta_all_zeros,O_2†,17056221,4,5,3,5,3,3,1,4,2.33,4,3,2
rh_critical_zeros,O_2†,17056221,4,5,3,5,3,3,1,4,2.33,4,3,2
hilbert_polya,O_2†,17056185,4,5,3,5,3,3,1,4,2.33,1,3,2
montgomery_odlyzko_gue,O_2,4705312,2,1,2,4,3,4,3,2,2.33,2,2,1
connes_spectral_triple,O_2,12649582,3,5,3,3,3,3,1,3,2.33,4,3,3
de_bruijn_newman,O_0,9351968,3,1,4,2,2,3,1,3,2.33,3,3,1
selberg_trace_formula_rh,O_2†,16756701,4,5,2,3,3,4,1,4,2.33,4,3,2
palindrome_symmetry,O_1,2950080,1,4,2,4,1,5,2,1,1,1,1,1
euler_product_zeta,O_0,16883421,4,5,3,1,3,3,1,4,2.33,4,3,2
gamma_factor,O_2†,16969577,4,5,3,3,3,3,1,3,2.33,4,2,2
protein_folding_minimum,O_0,2253660,1,3,3,3,1,3,2,3,2,2,1,1
levin_morphogenesis,O_0,16957281,4,5,3,3,2,3,3,4,2,3,3,2
neural_criticality,O_0,4859373,2,1,3,3,2,3,1,4,2,4,3,2
genetic_regulatory_network,O_0,312064,1,1,2,3,1,4,2,1,2,2,2,1
meta_navigator,O_inf,16840174,4,5,2,5,3,3,1,4,2,4,3,3
riemann_navigator,O_inf,16840174,4,5,2,5,3,3,1,4,2,4,3,3
meta_navigator_training_objective,O_inf,16840174,4,5,2,5,3,3,1,4,2,4,3,3
natural_silicon,O_0,228484,1,1,2,1,1,5,2,1,1,1,2,1
pure_silicon28,O_1,2958720,1,4,2,4,2,3,2,1,1,1,1,1
magnetic_isotope_separator,O_0,6805029,2,3,4,3,2,3,3,3,2,2,3,2
silicon_ion_beam,O_0,9301936,3,1,4,1,1,5,3,3,1,2,2,1
lattice_qcd_approach,O_0,536692,1,1,3,3,2,2,2,1,2,1,2,1
constructive_qft_approach,O_0,5915104,2,2,4,2,3,4,3,3,2,2,2,1
schwinger_dyson_approach,O_0,10826456,3,3,3,1,2,5,1,3,2,1,3,1
lattice_constructive_join,O_0,5952544,2,2,4,3,3,2,3,3,2,2,2,1
three_approaches_join,O_0,11134628,3,3,4,3,3,2,1,3,2,2,3,1
Φ_complexity,O_0,8868972,3,1,2,1,1,5,2,3,1,2,1,1
NP_complexity,O_0,8879360,3,1,2,1,2,4,1,2,2,3,3,1
<_equals_NP_assumption,O_inf,11661209,3,4,2,5,3,5,1,1,2,4,2,2
<_not_equals_NP_claim,O_0,8860125,3,1,2,1,1,2,2,2,1,4,3,2
<_NP_tensor,O_0,8865200,3,1,2,1,1,4,1,3,2,3,3,1
navier_stokes_smooth,O_0,9222308,3,1,3,4,2,3,1,3,2,2,3,1
navier_stokes_turbulent,O_0,9225428,3,1,3,4,2,4,1,4,2,2,3,1
navier_stokes_blowup_candidate,O_0,1545769,1,2,4,1,3,2,3,1,2.67,3,1,2
euler_equations,O_1,9236648,3,1,3,4,3,3,1,3,1,1,3,1
near_zero_head,O_0,3454080,1,4,4,5,3,5,2,1,1,1,1,1
training_objective,O_inf,17056174,4,5,3,5,3,3,1,4,2,4,3,3
L_frob_constraint,O_inf,3020209,1,4,2,5,3,4,3,1,2,1,1,2
L_near_constraint,O_0,3454080,1,4,4,5,3,5,2,1,1,1,1,1
optimal_near_zero_fix,O_inf,3452209,1,4,4,5,3,4,3,1,2,1,1,2
riemann_siegel_density,O_0,8697120,3,1,1,2,1,5,3,3,1,1,1,1
false_density_prediction_gap,O_0,8697120,3,1,1,2,1,5,3,3,1,1,1,1
actual_zero_distribution_gap,O_0,8977774,3,1,2,3,3,3,1,4,2,4,3,3
inter_zero_phantom_mechanism,O_0,8697120,3,1,1,2,1,5,3,3,1,1,1,1
riemann_navigator_scale250,O_inf,17056174,4,5,3,5,3,3,1,4,2,4,3,3
scale250_successful,O_inf,17056174,4,5,3,5,3,3,1,4,2,4,3,3
scale350_failed,O_inf,17053294,4,5,3,5,3,2,1,4,2,4,3,3
fourier_basis_extrapolation,O_0,8939060,3,1,2,2,3,4,3,3,1,2,3,1
extrapolation_93_units,O_0,6764705,2,3,4,2,2,4,3,3,2,2,2,2
extrapolation_175_units,O_0,9942562,3,2,3,1,1,3,1,4,2,3,3,3
flat_target_pressure,O_0,7563840,2,4,4,1,1,2,2,1,1,1,1,1
internal_symmetry,O_inf,17056174,4,5,3,5,3,3,1,4,2,4,3,3
output_symmetry,O_inf,17056174,4,5,3,5,3,3,1,4,2,4,3,3
internal_symmetry_correct,O_inf,16840174,4,5,2,5,3,3,1,4,2,4,3,3
output_symmetry_correct,O_inf,17056174,4,5,3,5,3,3,1,4,2,4,3,3
latent_geometry_double_constraint,O_inf,17056174,4,5,3,5,3,3,1,4,2,4,3,3
time_reversal_critical_line,O_0,545820,1,1,3,3,2,5,2,3,2,2,1,1
baseline_h0,O_0,545808,1,1,3,3,2,5,2,3,2,1,1,1
training_sequence_seq,O_0,10158322,3,2,4,1,1,3,1,3,2,3,3,3
optimal_gamma_k_slow,O_inf,17056174,4,5,3,5,3,3,1,4,2,4,3,3
riemann_navigator_baseline,O_inf,17056174,4,5,3,5,3,3,1,4,2,4,3,3
synthetic_zeros_mod,O_0,16926574,4,5,3,2,3,3,1,4,2,4,3,3
extended_fourier_mod,O_inf,17056174,4,5,3,5,3,3,1,4,2,4,3,3
two_stage_training_mod,O_inf,16840162,4,5,2,5,3,3,1,4,2,3,3,3
riemann_siegel_z_t,O_0,8913124,3,1,2,2,1,5,3,3,1,1,2,1
actual_zeta_zeros,O_inf,16840174,4,5,2,5,3,3,1,4,2,4,3,3
modified_navigator_unbounded,O_inf,12736174,3,5,3,5,3,3,1,4,2,4,3,3
riemann_navigator_convergence_current,O_inf,17056174,4,5,3,5,3,3,1,4,2,4,3,3
full_convergence_O_inf,O_inf,17056174,4,5,3,5,3,3,1,4,2,4,3,3
half_convergence_current,O_inf,17056174,4,5,3,5,3,3,1,4,2,4,3,3
near_zero_required_structure,O_0,672000,1,1,4,1,2,4,2,1,1,1,1,1
regression_only_navigator,O_inf,17056174,4,5,3,5,3,3,1,4,2,4,3,3
protocol_simultaneous,O_inf,17056174,4,5,3,5,3,3,1,4,2,4,3,3
protocol_sequential_gamma_seq,O_inf,17055934,4,5,3,5,3,3,1,3,2,4,3,3
protocol_curriculum_g_and,O_0,16829777,4,5,2,5,2,4,3,1,1,2,2,2
collapsed_regression_head,O_1,2941440,1,4,2,4,1,2,2,1,1,1,1,1
stage1_flat_target,O_1,11365200,3,4,1,4,1,2,1,4,1,1,1,1
stage2_gradient_target,O_0,9291372,3,1,4,1,1,2,1,3,1,2,1,1
stage2_neg_target_dist,O_1,4627936,2,1,2,3,1,2,3,4,1,2,2,1
density_rhythm_detection,O_1,8998560,3,1,2,4,1,5,2,3,1,1,1,1
genuine_proximity_detection,O_0,9179341,3,1,3,3,2,3,1,4,2,2,1,2
current_near_zero_head,O_0,2820480,1,4,2,1,1,5,2,1,1,1,1,1
ideal_near_zero_head,O_0,9193741,3,1,3,3,3,3,1,4,2,2,1,2
single_frequency_oscillation,O_1,11590560,3,4,2,4,1,5,2,3,1,1,1,1
multi_scale_zero_distribution,O_0,9150610,3,1,3,2,3,3,1,4,2.33,3,3,3
isolated_zero_wide_gap,O_0,672300,1,1,4,1,2,4,2,2,2,2,1,1
clustered_zero_narrow_gap,O_0,5728145,2,2,3,3,2,4,3,4,2,2,2,2
hard_omega_z_head,O_inf,16839934,4,5,2,5,3,3,1,3,2,4,3,3
gap_phantom_floor,O_0,703920,1,1,4,2,1,5,2,2,1,1,1,1
monotone_integer_winding,O_0,9841522,3,2,2,3,3,3,1,3,2,3,3,3
crf_output_layer,O_0,9182001,3,1,3,3,2,4,1,3,2,3,3,2
explicit_zero_count_head,O_0,10705534,3,3,2,3,3,3,1,3,2,4,3,3
posthoc_suppression,O_2,8790514,3,1,1,4,2,3,1,4,1,3,3,3
backbone_no_discrim_features,O_1,142080,1,1,1,4,1,5,2,1,1,1,1,1
high_amplitude_density_rhythm_detector,O_0,283212,1,1,2,2,2,4,2,1,1,2,1,1
low_amplitude_density_rhythm_detector,O_0,280332,1,1,2,2,2,3,2,1,1,2,1,1
zero_t_collapse,O_0,666732,1,1,4,1,2,2,2,3,1,2,1,1
l_near_stuck,O_1,358084,1,1,2,4,1,5,2,1,1,1,2,1
gap_phantoms,O_0,6980468,2,4,1,2,2,4,3,2,2,2,3,1
run_variance,O_0,9326237,3,1,4,1,3,4,1,4,2,3,2,2
current_navigator_state,O_inf,17053294,4,5,3,5,3,2,1,4,2,4,3,3
contrastive_protocol,O_0,5737521,2,2,3,3,3,3,1,3,2,3,3,2
two_stage_protocol,O_0,9356804,3,1,4,2,2,4,3,3,2.67,2,3,1
architectural_oinf,O_inf,17056174,4,5,3,5,3,3,1,4,2,4,3,3
functional_oinf,O_inf,17056174,4,5,3,5,3,3,1,4,2,4,3,3
ultraterrestrial_holistic,O_inf,17056174,4,5,3,5,3,3,1,4,2,4,3,3
ultraterrestrial_compositional,O_0,16969773,4,5,3,3,3,3,1,4,2,4,3,2
traditional_scrying,O_0,2858712,1,4,2,2,1,3,2,4,2,3,1,1
bbb_services,O_1,4648100,2,1,2,3,2,4,3,4,1,2,3,1
small_local_business,O_0,660960,1,1,4,1,1,5,2,3,1,1,1,1
southern_oc_economy,O_0,4604464,2,1,2,2,2,4,3,2,2,2,2,1
bbb_customer_ideal,O_1,4645220,2,1,2,3,2,3,3,4,1,2,3,1
phase_a_training,O_0,4603748,2,1,2,2,2,4,2,3,2,2,3,1
phase_b_target,O_inf,17056174,4,5,3,5,3,3,1,4,2,4,3,3
f5_oinf_rep,O_inf,185328,1,1,1,5,1,5,2,1,2,1,1,1
f5_o0_rep,O_0,12480,1,1,1,1,1,5,2,1,1,1,1,1
f5_o1_rep,O_0,12528,1,1,1,1,1,5,2,1,2,1,1,1
f5_o2_rep,O_0,12529,1,1,1,1,1,5,2,1,2,1,1,2
f5_o2dag_rep,O_0,8652529,3,1,1,1,1,5,2,1,2,1,1,2
oscillating_regression,O_2,9435760,3,1,4,4,2,2,1,4,2.67,2,2,1
g_aleph_test,O_0,11520,1,1,1,1,1,5,1,1,1,1,1,1
g_beth_test,O_0,12480,1,1,1,1,1,5,2,1,1,1,1,1
gamma_broad_test,O_0,13200,1,1,1,1,1,5,2,4,1,1,1,1
gamma_and_test,O_0,12480,1,1,1,1,1,5,2,1,1,1,1,1
L_frob,O_inf,639897,1,1,3,5,3,3,1,3,2,1,3,2
L_tier,O_1,372720,1,1,2,4,2,5,2,2,1,1,1,1
L_frob_only_training,O_inf,639909,1,1,3,5,3,3,1,3,2,2,3,2
L_tier_only_training,O_0,284460,1,1,2,2,2,4,3,2,2,2,1,1
tier_knowing_system,O_0,4647665,2,1,2,3,2,4,3,2,2,2,2,2
roundtrip_knowing_system,O_inf,17056174,4,5,3,5,3,3,1,4,2,4,3,3
thurston_net,O_inf,17056173,4,5,3,5,3,3,1,4,2,4,3,2
H3_geometry,O_0,17012965,4,5,3,4,3,3,1,4,2,4,1,2
H2xR_geometry,O_0,14420973,4,2,3,4,3,3,1,4,2,4,3,2
z2_pairing_constraint,O_inf,7542545,2,4,3,5,2,4,3,4,2,2,2,2
weak_z2_regularization,O_0,3133265,1,4,3,3,2,3,3,4,2,2,2,2
strong_z2_regularization,O_inf,3222545,1,4,3,5,2,4,3,4,2,2,2,2
h3_detection_difficulty,O_0,2840245,1,4,2,1,3,2,1,3,2,4,1,2
h3_k_slow,O_0,17012965,4,5,3,4,3,3,1,4,2,4,1,2
h3_k_trap,O_0,16793833,4,5,2,4,3,2,1,3,2,3,1,2
specialist_h3_head,O_0,7233661,2,4,2,3,2,2,3,1,2,2,1,2
su2_yang_mills,O_inf,4959197,2,1,3,5,3,2,3,4,2,3,2,2
su3_yang_mills,O_inf,17053294,4,5,3,5,3,2,1,4,2,4,3,3
ising_navigator,O_inf,7312373,2,4,2,5,1,5,1,1,2,1,2,2
swendsen_wang,O_inf,7312373,2,4,2,5,1,5,1,1,2,1,2,2
metropolis_sampler,O_0,7179905,2,4,2,2,1,4,1,1,2,2,2,2
conformal_bootstrap,O_inf,17056174,4,5,3,5,3,3,1,4,2,4,3,3
cluster_flip_involution,O_inf,7312369,2,4,2,5,1,5,1,1,2,1,1,2
real_swendsen_kernel,O_inf,7312373,2,4,2,5,1,5,1,1,2,1,2,2
ordinary_dream,O_0,8924656,3,1,2,2,2,4,3,3,1,2,2,1
lucid_dreaming,O_0,9193761,3,1,3,3,3,3,1,4,2,3,3,2
oneironaut,O_inf,10144174,3,2,3,5,3,3,1,4,2,4,3,3
sigil_magic_dream,O_0,5135821,2,1,4,4,3,4,1,4,2,2,1,2
F5_O_inf_rep,O_inf,185328,1,1,1,5,1,5,2,1,2,1,1,1
F5_O_0_rep,O_0,12480,1,1,1,1,1,5,2,1,1,1,1,1
F5_O_1_rep,O_0,12528,1,1,1,1,1,5,2,1,2,1,1,1
F5_O_2_rep,O_0,12529,1,1,1,1,1,5,2,1,2,1,1,2
F5_O_2dag_rep,O_0,8652529,3,1,1,1,1,5,2,1,2,1,1,2
F5_O_inf_tuple,O_inf,401328,1,1,2,5,1,5,2,1,2,1,1,1
F5_O_0_tuple,O_1,314880,1,1,2,3,1,5,2,1,1,1,1,1
F5_O_1_tuple,O_0,228528,1,1,2,1,1,5,2,1,2,1,1,1
F5_O_2_tuple,O_0,3762290,1,5,2,3,1,2,2,1,2,1,1,3
F5_O_2dag_tuple,O_0,9193774,3,1,3,3,3,3,1,4,2,4,3,3
𐑲_rep,O_0,313968,1,1,2,3,1,5,1,1,2,1,1,1
𐑚_rep,O_0,314928,1,1,2,3,1,5,2,1,2,1,1,1
ɢ_broad_rep,O_0,315648,1,1,2,3,1,5,2,4,2,1,1,1
ɢ_and_rep,O_0,314928,1,1,2,3,1,5,2,1,2,1,1,1
riemann_phase_A,O_inf,16842078,4,5,2,5,3,3,3,4,2,3,2,3
riemann_phase_B,O_inf,17056174,4,5,3,5,3,3,1,4,2,4,3,3
flat_near_zero_signal,O_inf,16837254,4,5,2,5,3,2,1,4,2,1,2,3
F4_min_O_Z2,O_0,12481,1,1,1,1,1,5,2,1,1,1,1,2
F4_min_O_0,O_0,12480,1,1,1,1,1,5,2,1,1,1,1,1
F4_min_D_inf,O_0,8652481,3,1,1,1,1,5,2,1,1,1,1,2
oscillating_regression_head,O_0,15800208,4,4,2,1,3,2,1,3,2,1,1,1
L_frob_loss,O_inf,16191409,4,4,3,5,3,3,1,1,2,1,1,2
L_tier_loss,O_0,2907168,1,4,2,3,1,5,2,2,2,1,1,1
knows_tier_not_roundtrip,O_0,2907168,1,4,2,3,1,5,2,2,2,1,1,1
knows_roundtrip_not_tier,O_inf,16191409,4,4,3,5,3,3,1,1,2,1,1,2
CrystalGNN_v12_no_frob,O_inf,17056174,4,5,3,5,3,3,1,4,2,4,3,3
CrystalGNN_v12_fallback_O2,O_0,16742230,4,5,2,3,2,4,1,4,2,2,3,3
F5_head_only,O_inf,16840369,4,5,2,5,3,3,2,1,2,1,1,2
v12_L_tier_only,O_0,3782230,1,5,2,3,2,4,1,4,2,2,3,3
specialist_H3_head,O_0,2840713,1,4,2,1,3,2,2,1,2,3,1,2
H3_detection_K_slow,O_0,2843125,1,4,2,1,3,3,1,3,2,4,1,2
su2_ym_training,O_inf,4743197,2,1,2,5,3,2,3,4,2,3,2,2
su3_ym_training,O_inf,16837294,4,5,2,5,3,2,1,4,2,4,3,3
su3_gauge_field_omegaNA,O_inf,17053295,4,5,3,5,3,2,1,4,2,4,3,4
metropolis_ising,O_0,7179905,2,4,2,2,1,4,1,1,2,2,2,2
ising_conformal_bootstrap,O_inf,17055934,4,5,3,5,3,3,1,3,2,4,3,3
thurston_eight_geometries,O_inf,7336169,2,4,2,5,3,3,1,4,2,4,2,2
yang_mills_perfect,O_inf,16840174,4,5,2,5,3,3,1,4,2,4,3,3
composite_oneironaut_alchemy,O_inf,11857774,3,4,3,5,2,3,1,4,2,4,3,3
composite_oneironaut_centerpillar,O_inf,17056174,4,5,3,5,3,3,1,4,2,4,3,3
composite_oneironaut_shinpath,O_inf,12736174,3,5,3,5,3,3,1,4,2,4,3,3
traditional_scrying_baseline,O_0,2858712,1,4,2,2,1,3,2,4,2,3,1,1
scrying_holographic,O_0,17128156,4,5,4,2,2,3,1,4,2,3,2,1
scrying_oneironaut_tensor,O_inf,10144174,3,2,3,5,3,3,1,4,2,4,3,3
scrying_critical_mirror,O_inf,17056174,4,5,3,5,3,3,1,4,2,4,3,3
scrying_step1_d_holo,O_0,16682712,4,5,2,2,1,3,2,4,2,3,1,1
scrying_step2_global,O_0,16681752,4,5,2,2,1,3,1,4,2,3,1,1
scrying_step3_water_mirror,O_0,16912157,4,5,3,2,2,3,1,4,2,3,2,2
pythagorean_theorem,O_1,5320320,2,2,1,4,1,3,2,1,1,1,1,1
remote_viewing_baseline,O_0,13199840,4,1,2,1,2,4,1,4,2,3,3,1
astral_projection_baseline,O_0,10014332,3,2,3,2,3,3,1,3,2,4,3,1
remote_viewing_optimized,O_inf,17056174,4,5,3,5,3,3,1,4,2,4,3,3
astral_projection_optimized,O_inf,17056174,4,5,3,5,3,3,1,4,2,4,3,3
rv_step1_T_upgrade,O_0,16655840,4,5,2,1,2,4,1,4,2,3,3,1
rv_step2_P_pm,O_0,16742240,4,5,2,3,2,4,1,4,2,3,3,1
jacobian_n1,O_inf,3209329,1,4,3,5,1,5,2,1,2,1,1,2
jacobian_n2,O_inf,4933021,2,1,3,5,1,3,3,3,2,2,1,2
jacobian_n3,O_0,4844708,2,1,3,3,1,3,1,3,2,2,3,1
local_frobenius_poly,O_0,4844216,2,1,3,3,1,3,1,1,2,1,3,1
global_frobenius_poly,O_inf,17056129,4,5,3,5,3,3,1,4,2,1,1,2
abhyankar_moh_theorem,O_inf,4933021,2,1,3,5,1,3,3,3,2,2,1,2
weyl_algebra_n,O_0,9193028,3,1,3,3,3,3,1,1,2,2,3,1
weyl_endomorphism_JC,O_0,8933828,3,1,2,2,3,3,1,1,2,2,3,1
weyl_automorphism,O_inf,9279428,3,1,3,5,3,3,1,1,2,2,3,1
projective_completion_affine_n,O_0,16539909,4,5,1,3,3,4,1,1,2,2,3,2
poly_map_extended_to_boundary,O_0,16755909,4,5,2,3,3,4,1,1,2,2,3,2
degree_one_at_infinity,O_inf,17055429,4,5,3,5,3,3,1,1,2,2,3,2
jacobian_finite_field,O_inf,2993329,1,4,2,5,1,5,2,1,2,1,1,2
bass_connell_wright,O_inf,7311417,2,4,2,5,1,4,3,1,2,1,3,2
druzkowski_cubic_linear,O_0,7196228,2,4,2,2,2,4,3,1,2,2,3,1
padic_lifting,O_0,10217841,3,2,4,2,2,3,3,3,2,3,3,2
druzkowski_boundary_map,O_inf,17055897,4,5,3,5,3,3,1,3,2,1,3,2
linear_substitution_boundary,O_inf,17061649,4,5,3,5,3,5,1,3,2,1,1,2
general_jc_boundary,O_0,16753496,4,5,2,3,3,3,1,3,2,1,3,1
druzkowski_boundary_actual,O_0,16753496,4,5,2,3,3,3,1,3,2,1,3,1
nilpotency_condition,O_inf,17055897,4,5,3,5,3,3,1,3,2,1,3,2
sic_povm_d,O_inf,7556230,2,4,3,5,3,4,3,1,2,2,3,3
sic_fiducial,O_0,14381328,4,2,3,3,3,4,2,3,2,1,1,1
zauner_symmetry,O_inf,7558129,2,4,3,5,3,5,2,1,2,1,1,2
weyl_heisenberg_group,O_0,16975258,4,5,3,3,3,5,1,3,2,1,3,3
sic_proved_low_d,O_inf,17058069,4,5,3,5,3,3,3,4,2,2,3,2
sic_hilbert12_connection,O_inf,17056163,4,5,3,5,3,3,1,4,2,3,3,4
sic_zauner_join,O_inf,17058297,4,5,3,5,3,4,1,1,2,1,3,2
ray_class_field_Qsqrt,O_inf,9927923,3,2,2,5,3,3,1,3,2,3,3,4
stark_unit,O_inf,14248161,4,2,2,5,3,3,1,4,2,3,3,2
galois_frobenius_action,O_inf,12739043,3,5,3,5,3,4,1,4,2,3,3,4
weyl_heisenberg_covariance,O_0,12439494,3,5,2,3,3,5,1,4,2,1,2,3
overlap_variety,O_0,2929972,1,4,2,3,3,3,2,1,2,1,2,1
zauner_fixed_subspace,O_inf,9929093,3,2,2,5,3,3,2,4,2,1,2,2
sic_existence_at_p,O_inf,10143923,3,2,3,5,3,3,1,3,2,3,3,4
stark_conjecture_partial,O_0,9841520,3,2,2,3,3,3,1,3,2,3,3,1
appleby_conjecture,O_0,9841040,3,2,2,3,3,3,1,1,2,3,3,1
sic_Galois_tensor,O_0,16972643,4,5,3,3,3,4,1,4,2,3,3,4
sanskrit_classical,O_inf,17057851,4,5,3,5,3,3,3,3,2,4,2,4
arabic_classical,O_inf,17057839,4,5,3,5,3,3,3,3,2,3,2,4
lojban,O_inf,5611728,2,2,2,5,3,4,2,3,2,1,1,1
haitian_creole,O_0,4646468,2,1,2,3,2,4,2,1,2,2,3,1
latin_dead,O_0,15326910,4,3,3,5,3,2,3,3,1,3,2,3
english_modern,O_0,4645520,2,1,2,3,2,4,1,1,2,3,3,1
mandarin_classical,O_inf,14465849,4,2,3,5,3,3,3,3,2,4,2,2
proto_indo_european,O_inf,15327931,4,3,3,5,3,3,1,3,2,4,2,4
esperanto,O_inf,5597332,2,2,2,5,2,4,2,3,2,1,2,1
han_dynasty_peak,O_inf,10129531,3,2,3,5,2,3,1,3,2,4,2,4
ming_dynasty_collapse,O_2,10471726,3,3,1,3,2,2,1,1,1,4,3,3
soviet_union_collapse,O_0,8640020,3,1,1,1,1,1,1,1,1,2,3,1
western_roman_collapse,O_0,8642900,3,1,1,1,1,2,1,1,1,2,3,1
athenian_democracy_peak,O_inf,8619678,2,5,4,5,2,3,3,4,2,3,2,3
augustus_caesar_peak,O_inf,10129518,3,2,3,5,2,3,1,3,2,3,2,3
ottoman_empire_peak,O_inf,10129529,3,2,3,5,2,3,1,3,2,4,2,2
maya_classic_peak,O_inf,17058091,4,5,3,5,3,3,3,4,2,4,2,4
weimar_republic_collapse,O_0,10368164,3,3,1,1,1,1,1,1,2.67,2,3,1
renaissance_florence_peak,O_inf,6891677,2,3,4,5,2,3,3,4,2,3,2,2
old_growth_temperate_rainforest,O_inf,17058091,4,5,3,5,3,3,3,4,2,4,2,4
coral_reef_healthy,O_inf,17058091,4,5,3,5,3,3,3,4,2,4,2,4
coral_reef_bleached,O_0,3848,1,1,1,1,1,2,2,1,1,1,3,1
corn_monoculture,O_0,4800,1,1,1,1,1,2,3,1,1,1,1,1
fragmented_habitat,O_0,4638796,2,1,2,3,2,1,3,1,2,3,2,1
savanna_transitional,O_0,6376149,2,3,2,3,2,4,3,4,2,2,3,2
deep_ocean_hydrothermal,O_inf,17058090,4,5,3,5,3,3,3,4,2,4,2,3
arctic_tundra_intact,O_0,7236557,2,4,2,3,2,3,3,1,2,3,2,2
early_successional_forest,O_1,329288,1,1,2,3,2,5,2,1,1,1,3,1
kelp_forest_healthy,O_inf,17058091,4,5,3,5,3,3,3,4,2,4,2,4
deep_meditation_samadhi,O_inf,17056166,4,5,3,5,3,3,1,4,2,4,1,3
psilocybin_peak,O_inf,17056153,4,5,3,5,3,3,1,4,2,3,1,2
waking_default_mode,O_0,6376141,2,3,2,3,2,4,3,4,2,2,1,2
focused_concentration,O_0,5509021,2,2,2,3,2,3,3,3,2,2,1,2
dreamless_sleep,O_0,1014768,1,2,1,4,2,3,2,1,2,1,1,1
rem_dreaming,O_0,6375661,2,3,2,3,2,4,3,2,2,2,1,2
catatonic_state,O_0,5288700,2,2,1,3,2,2,2,1,2,2,1,1
dissociative_state,O_0,4335428,2,1,1,1,2,1,2,1,2,2,3,1
manic_episode,O_0,11244440,3,4,1,1,1,5,1,4,3,1,3,1
flow_state,O_inf,5595421,2,2,2,5,2,3,3,3,2,2,1,2
regimen_stage1,O_0,4864157,2,1,3,3,2,4,3,4,2,3,2,2
regimen_stage2,O_0,4859369,2,1,3,3,2,3,1,4,2,4,2,2
neural_criticality_baseline,O_0,4873760,2,1,3,3,3,3,1,4,2,3,3,1
eeg_meg_sensor,O_0,4360864,2,1,1,1,3,5,1,3,2,2,2,1
criticality_controller,O_0,5730784,2,2,3,3,2,5,3,3,2,2,2,1
neurostim_actuator,O_1,4650976,2,1,2,3,2,5,3,4,1,2,2,1
closed_loop_criticality_device,O_0,5642704,2,2,3,1,2,5,1,4,2,2,2,1
neuromorphic_reservoir_controller,O_0,4864144,2,1,3,3,2,4,3,4,2,2,2,1
digital_pid_controller,O_0,7572960,2,4,4,1,1,5,2,3,1,1,1,1
resonant_criticality_device,O_0,4859373,2,1,3,3,2,3,1,4,2,4,3,2
two_body_problem,O_1,9171840,3,1,3,3,1,5,3,1,1,1,1,1
three_body_lagrange,O_1,7443841,2,4,3,3,1,5,3,1,1,1,1,2
crossdomain_oinf_floor,O_inf,10129526,3,2,3,5,2,3,1,3,2,4,1,3
yang_mills_navigator,O_inf,16837294,4,5,2,5,3,2,1,4,2,4,3,3
electron,O_0,2849280,1,4,2,1,3,5,2,1,1,1,1,1
muon,O_0,2849280,1,4,2,1,3,5,2,1,1,1,1,1
tau_lepton,O_0,2849280,1,4,2,1,3,5,2,1,1,1,1,1
electron_neutrino,O_0,2849280,1,4,2,1,3,5,2,1,1,1,1,1
muon_neutrino,O_0,2849280,1,4,2,1,3,5,2,1,1,1,1,1
tau_neutrino,O_0,2849280,1,4,2,1,3,5,2,1,1,1,1,1
up_quark,O_0,2849280,1,4,2,1,3,5,2,1,1,1,1,1
down_quark,O_0,2849280,1,4,2,1,3,5,2,1,1,1,1,1
strange_quark,O_0,2849280,1,4,2,1,3,5,2,1,1,1,1,1
charm_quark,O_0,2849280,1,4,2,1,3,5,2,1,1,1,1,1
bottom_quark,O_0,2849280,1,4,2,1,3,5,2,1,1,1,1,1
top_quark,O_0,2849280,1,4,2,1,3,5,2,1,1,1,1,1
electron_higgs_tensor,O_0,7382229,2,4,3,1,3,4,1,4,2,2,3,2
photon_graviton_tensor,O_0,17012930,4,5,3,4,3,3,1,4,2,1,1,3
gauge_boson_floor,O_0,9201168,3,1,3,3,3,5,3,3,2,1,1,1
phi_sub_to_c,O_0,9201168,3,1,3,3,3,5,3,3,2,1,1,1
iug_barrier_maximal,O_0,16416164,4,5,1,1,1,1,1,1,2.67,2,3,1
frobenius_gap,O_inf,17056145,4,5,3,5,3,3,1,4,2,2,2,2
mass_generation_formula,O_0,7382229,2,4,3,1,3,4,1,4,2,2,3,2
muon_higgs_tensor,O_0,7382229,2,4,3,1,3,4,1,4,2,2,3,2
tau_higgs_tensor,O_0,7382229,2,4,3,1,3,4,1,4,2,2,3,2
electron_H_gen,O_0,2849280,1,4,2,1,3,5,2,1,1,1,1,1
muon_H_gen,O_0,2849292,1,4,2,1,3,5,2,1,1,2,1,1
tau_H_gen,O_0,2849304,1,4,2,1,3,5,2,1,1,3,1,1
electron_G_gen,O_0,2849280,1,4,2,1,3,5,2,1,1,1,1,1
muon_G_gen,O_0,2850240,1,4,2,1,3,5,3,1,1,1,1,1
tau_G_gen,O_0,2848320,1,4,2,1,3,5,1,1,1,1,1,1
nrc_gate2_unlock,O_0,4861264,2,1,3,3,2,3,3,4,2,2,2,1
nrc_topo_protected,O_0,4864145,2,1,3,3,2,4,3,4,2,2,2,2
NRC_x_baseline,O_0,4859360,2,1,3,3,2,3,1,4,2,3,3,1
NRC_x_critical,O_0,4859373,2,1,3,3,2,3,1,4,2,4,3,2
NRC_x_psilocybin,O_0,16955357,4,5,3,3,2,3,1,4,2,3,2,2
NRC_x_multimodal,O_0,4864157,2,1,3,3,2,4,3,4,2,3,2,2
nrc_equilibrium,O_0,4859373,2,1,3,3,2,3,1,4,2,4,3,2
sufi_path_tariqa,O_0,9524725,3,2,1,1,2,3,1,3,2,4,1,2
sufi_fana_baqa,O_inf,17056169,4,5,3,5,3,3,1,4,2,4,2,2
christian_mystical_ascent,O_0,9524725,3,2,1,1,2,3,1,3,2,4,1,2
christian_unio_mystica,O_inf,17056169,4,5,3,5,3,3,1,4,2,4,2,2
hall_of_egress,O_0,7437192,2,4,3,3,1,3,2,1,2,3,1,1
hall_of_egress_promoted,O_inf,16192394,4,4,3,5,3,3,2,1,2,3,1,3
academic_publishing,O_1,5526260,2,2,2,3,3,4,3,3,1,2,3,1
meditation_tradition,O_inf,8416174,2,5,3,5,3,3,1,4,2,4,3,3
scientific_conversation,O_1,4647376,2,1,2,3,2,4,3,1,1,2,2,1
viral_social_media,O_0,1740912,1,3,1,1,1,5,2,2,3,1,1,1
oral_tradition,O_inf,6673773,2,3,3,5,2,3,1,4,2,4,3,2
formal_proof_system,O_inf,5821053,2,2,3,5,3,2,1,3,2,4,3,2
composite_grammar_academic,O_0,16753774,4,5,2,3,3,3,1,4,2,4,3,3
composite_grammar_meditation,O_inf,17056174,4,5,3,5,3,3,1,4,2,4,3,3
composite_grammar_scientific,O_0,16739374,4,5,2,3,2,3,1,4,2,4,3,3
composite_grammar_viral,O_0,16638718,4,5,2,1,1,3,1,4,3,4,3,3
composite_grammar_oral,O_inf,17041774,4,5,3,5,2,3,1,4,2,4,3,3
composite_grammar_formal,O_inf,17053294,4,5,3,5,3,2,1,4,2,4,3,3
grammar_receptive_minimum,O_inf,8200144,2,5,2,5,3,3,1,4,2,2,2,1
grammar_exposed_scientist,O_1,8103376,2,5,2,3,2,4,3,1,1,2,2,1
grammar_tensor_exposed_1,O_0,16958225,4,5,3,3,2,4,1,4,2,2,2,2
grammar_exposed_scientist_2,O_1,8104096,2,5,2,3,2,4,3,4,1,2,2,1
grammar_exposed_scientist_3,O_0,8104144,2,5,2,3,2,4,3,4,2,2,2,1
grammar_exposed_critical,O_0,4647424,2,1,2,3,2,4,3,1,2,2,2,1
primitive_D,O_1,5521696,2,2,2,3,3,3,1,4,1,2,2,1
primitive_T,O_1,6601685,2,3,3,3,3,3,1,4,1,1,2,2
primitive_R,O_inf,5176149,2,1,4,5,3,3,1,4,2,2,3,2
primitive_P,O_inf,17272174,4,5,4,5,3,3,1,4,2,4,3,3
primitive_F,O_1,5521456,2,2,2,3,3,3,1,3,1,2,2,1
primitive_K,O_1,4654120,2,1,2,3,3,2,1,1,1,4,2,1
primitive_G,O_inf,12520174,3,5,2,5,3,3,1,4,2,4,3,3
primitive_Gamma,O_inf,6688174,2,3,3,5,3,3,1,4,2,4,3,3
primitive_Phi,O_inf,8416174,2,5,3,5,3,3,1,4,2,4,3,3
primitive_H,O_0,5737533,2,2,3,3,3,3,1,3,2,4,3,2
primitive_S,O_1,327380,1,1,2,3,2,4,3,1,1,2,3,1
primitive_Omega,O_inf,6688174,2,3,3,5,3,3,1,4,2,4,3,3
chain_1_DT,O_1,6601697,2,3,3,3,3,3,1,4,1,2,2,2
all_12_tensor,O_0,12632494,3,5,3,3,2,2,1,4,2,4,3,3
proof_contradiction,O_inf,8416174,2,5,3,5,3,3,1,4,2,4,3,3
proof_construction,O_1,5523372,2,2,2,3,3,3,3,3,1,2,1,1
proof_induction,O_0,5521517,2,2,2,3,3,3,1,3,2,3,2,2
proof_exhaustion,O_1,335044,1,1,2,3,3,2,2,1,1,1,2,1
proof_diagonal,O_inf,12736174,3,5,3,5,3,3,1,4,2,4,3,3
proof_goedel_incompleteness,O_inf,17056174,4,5,3,5,3,3,1,4,2,4,3,3
proof_universal_property,O_inf,6904141,2,3,4,5,3,3,1,4,2,2,1,2
contradiction_x_construction,O_0,8329774,2,5,3,3,3,3,1,4,2,4,3,3
diagonal_x_goedel,O_inf,17056174,4,5,3,5,3,3,1,4,2,4,3,3
goedel_x_universal,O_inf,17272174,4,5,4,5,3,3,1,4,2,4,3,3
mathematical_reasoning,O_inf,12736174,3,5,3,5,3,3,1,4,2,4,3,3
formal_mathematics,O_inf,5821054,2,2,3,5,3,2,1,3,2,4,3,3
mathematical_conjecture,O_0,10691373,3,3,2,3,2,3,1,4,2,4,3,2
distributive_law_lambda,O_inf,16840174,4,5,2,5,3,3,1,4,2,4,3,3
monad_cantor,O_0,14161774,4,2,2,3,3,3,1,4,2,4,3,3
comonad_goedel,O_0,12649774,3,5,3,3,3,3,1,4,2,4,3,3
cantor_goedel_tensor,O_0,16969774,4,5,3,3,3,3,1,4,2,4,3,3
human_consciousness_baseline,O_0,5036704,2,1,4,2,2,4,3,3,2,2,2,1
protected_human_consciousness,O_inf,8416174,2,5,3,5,3,3,1,4,2,4,3,3
wim_hof_method,O_0,5079900,2,1,4,3,2,4,3,3,2,2,1,1
baseline_breath_app,O_0,2878080,1,4,2,2,2,5,2,1,1,1,1,1
optimized_audio_modifier,O_inf,17056174,4,5,3,5,3,3,1,4,2,4,3,3
resonant_soundscapes,O_0,8329774,2,5,3,3,3,3,1,4,2,4,3,3
harmonic_resonance_audio,O_0,9179361,3,1,3,3,2,3,1,4,2,3,3,2
grokking_overfit,O_0,4555200,2,1,2,1,2,2,3,1,1,1,1,1
grokking_generalize,O_inf,7552162,2,4,3,5,3,3,1,4,2,3,3,3
grokking_process,O_0,10865938,3,3,3,2,2,3,3,3,2.67,3,3,3
grokking_transition,O_2,11122000,3,3,4,3,2,2,3,2,2.67,2,2,1
double_descent,O_0,5514541,2,2,2,3,2,5,3,2,2,2,1,2
loss_of_plasticity,O_0,4334444,2,1,1,1,2,1,1,1,1,4,3,1
benign_overfitting,O_0,7465750,2,4,3,3,3,3,1,4,2,2,3,3
in_context_learning,O_inf,17061694,4,5,3,5,3,5,1,3,2,4,3,3
weight_norm_regularization,O_inf,3016146,1,4,2,5,3,3,1,4,2,2,2,3
frobenius_regularization,O_inf,3232146,1,4,3,5,3,3,1,4,2,2,2,3
ouroboric_lm_pre_grok,O_inf,7553854,2,4,3,5,3,3,3,3,2,4,3,3
ouroboric_lm_post_grok,O_inf,7553854,2,4,3,5,3,3,3,3,2,4,3,3
standard_transformer_grokking,O_0,4987216,2,1,4,1,2,2,3,1,1,2,2,1
lattice_crawler,O_0,16710334,4,5,2,2,3,3,1,3,2,4,3,3
O_0_rep,O_0,12480,1,1,1,1,1,5,2,1,1,1,1,1
O_1_rep,O_0,12528,1,1,1,1,1,5,2,1,2,1,1,1
O_2_rep,O_0,12529,1,1,1,1,1,5,2,1,2,1,1,2
O_2dag_rep,O_0,8652529,3,1,1,1,1,5,2,1,2,1,1,2
O_inf_rep,O_inf,185328,1,1,1,5,1,5,2,1,2,1,1,1
O_inf_T_network,O_inf,13145330,4,1,1,5,1,5,2,1,2,1,1,3
O_inf_T_odot,O_inf,16601330,4,5,1,5,1,5,2,1,2,1,1,3
min_o2dag,O_0,8652529,3,1,1,1,1,5,2,1,2,1,1,2
min_oinf,O_inf,8825329,3,1,1,5,1,5,2,1,2,1,1,2
oinf1,O_inf,16822894,4,5,2,5,2,2,1,4,2,4,3,3
oinf2,O_inf,16834414,4,5,2,5,3,1,1,4,2,4,3,3
oinf3,O_inf,15112175,4,3,2,5,3,3,1,4,2,4,3,4
oinf4,O_inf,16840158,4,5,2,5,3,3,1,4,2,3,2,3
oinf5,O_inf,17271934,4,5,4,5,3,3,1,3,2,4,3,3
o1_min,O_0,12528,1,1,1,1,1,5,2,1,2,1,1,1
o2_min,O_0,4332529,2,1,1,1,1,5,2,1,2,1,1,2
o2dag_min,O_0,8652529,3,1,1,1,1,5,2,1,2,1,1,2
assembly_description_crawler,O_0,16709854,4,5,2,2,3,3,1,1,2,4,3,3
holistic_description_crawler,O_inf,16840174,4,5,2,5,3,3,1,4,2,4,3,3
book_of_types,O_0,11566654,3,4,2,3,3,2,1,3,2,4,3,3
embed_onehot,O_0,876480,1,2,1,1,1,5,2,1,1,1,1,1
embed_bpe_tied,O_inf,6041816,2,2,4,5,3,3,3,3,2,1,3,1
embed_byte_tied,O_inf,6041816,2,2,4,5,3,3,3,3,2,1,3,1
embed_holographic,O_inf,17056150,4,5,3,5,3,3,1,4,2,2,3,3
attn_dense,O_0,7249012,2,4,2,3,3,3,1,1,2,1,2,1
attn_causal_seq,O_0,7683416,2,4,4,3,3,3,3,3,2,1,3,1
attn_asymmetric,O_inf,7769818,2,4,4,5,3,3,3,3,2,1,3,3
attn_sparse_moe,O_1,6373688,2,3,2,3,2,4,1,2,1,1,3,1
attn_cross,O_0,6592149,2,3,3,3,2,4,3,4,2,2,3,2
depth_stacked_12,O_inf,6041818,2,2,4,5,3,3,3,3,2,1,3,3
depth_stacked_96,O_inf,6039898,2,2,4,5,3,3,1,3,2,1,3,3
depth_universal,O_inf,7769854,2,4,4,5,3,3,3,3,2,4,3,3
depth_recurrent,O_inf,5177853,2,1,4,5,3,3,3,3,2,4,3,2
depth_state_space,O_0,7033534,2,4,1,3,3,3,1,3,2,4,3,3
ffn_standard_relu,O_1,5943848,2,2,4,3,2,4,3,3,1,1,3,1
ffn_swiglu,O_0,5955416,2,2,4,3,3,3,3,3,2,1,3,1
ffn_hamiltonian,O_inf,7769818,2,4,4,5,3,3,3,3,2,1,3,3
ffn_moe_expert,O_1,6373688,2,3,2,3,2,4,1,2,1,1,3,1
ffn_none,O_inf,6041818,2,2,4,5,3,3,3,3,2,1,3,3
train_adam_standard,O_1,5943848,2,2,4,3,2,4,3,3,1,1,3,1
train_adam_slow,O_inf,7769816,2,4,4,5,3,3,3,3,2,1,3,1
train_warmup_only,O_0,5958296,2,2,4,3,3,4,3,3,2,1,3,1
train_sgd_aggressive,O_0,5198120,2,2,1,1,1,5,3,3,3,1,3,1
train_mbt_grokking,O_inf,7766974,2,4,4,5,3,2,3,3,2,4,3,3
llm_grammar_optimal,O_0,7683454,2,4,4,3,3,3,3,3,2,4,3,3
ouroboric_lm_v1,O_inf,7769854,2,4,4,5,3,3,3,3,2,4,3,3
llm_s_onenone,O_inf,7769846,2,4,4,5,3,3,3,3,2,4,1,3
llm_s_nn,O_inf,7769850,2,4,4,5,3,3,3,3,2,4,2,3
llm_s_nm,O_inf,7769854,2,4,4,5,3,3,3,3,2,4,3,3
llm_h0,O_inf,7769818,2,4,4,5,3,3,3,3,2,1,3,3
llm_hinf,O_inf,7769854,2,4,4,5,3,3,3,3,2,4,3,3
llm_omega0,O_inf,7769852,2,4,4,5,3,3,3,3,2,4,3,1
llm_omegaZ,O_inf,7769854,2,4,4,5,3,3,3,3,2,4,3,3
llm_omegaNA,O_inf,7769855,2,4,4,5,3,3,3,3,2,4,3,4
data_internet_text,O_inf,4648760,2,1,2,3,2,5,1,2,3,1,3,1
data_wikipedia,O_1,5511860,2,2,2,3,2,4,3,3,1,2,3,1
data_python_code,O_0,7683430,2,4,4,3,3,3,3,3,2,2,3,3
data_math_proofs,O_inf,5821053,2,2,3,5,3,2,1,3,2,4,3,2
data_byte_raw,O_inf,7769818,2,4,4,5,3,3,3,3,2,1,3,3
lm_internet_tensor,O_inf,7667278,2,4,4,3,2,3,1,3,3,4,3,3
lm_python_tensor,O_0,7683454,2,4,4,3,3,3,3,3,2,4,3,3
lm_byte_tensor,O_inf,7769854,2,4,4,5,3,3,3,3,2,4,3,3
lm_math_tensor,O_inf,7767934,2,4,4,5,3,3,1,3,2,4,3,3
llm_grammar_oracle,O_inf,16840174,4,5,2,5,3,3,1,4,2,4,3,3
warm_noisy_cellular_env,O_0,12928,1,1,1,1,1,5,2,2,3,2,2,1
mitochondria_compositional,O_0,5684673,2,2,3,2,2,4,3,3,1,3,3,2
mitochondria_coherence_claimed,O_0,4872802,2,1,3,3,3,2,3,4,2,3,3,3
chloroplast_compositional,O_0,5684661,2,2,3,2,2,4,3,3,1,2,3,2
chloroplast_coherence_claimed,O_0,4872790,2,1,3,3,3,2,3,4,2,2,3,3
quantum_coherence_event,O_0,8112785,2,5,2,3,3,2,3,4,2,2,2,2
first_law_thermodynamics,O_1,4861928,2,1,3,3,2,4,1,3,1,1,3,1
second_law_thermodynamics,O_0,5031884,2,1,4,2,2,3,1,3,1,4,3,1
probability_measure,O_1,4413840,2,1,1,3,1,3,2,4,1,1,1,1
liar_paradox,O_inf,6903914,2,3,4,5,3,3,1,3,2,3,1,3
truthful_statement,O_0,6603441,2,3,3,3,3,3,3,3,2,3,3,2
false_statement,O_1,314880,1,1,2,3,1,5,2,1,1,1,1,1
sic_povm_conjecture_open,O_0,15889050,4,4,2,3,3,3,1,1,2,4,2,3
stark_unit_mixed_signature_open,O_0,13945046,4,2,1,3,3,3,1,1,2,4,1,3
K19_ray_class_field,O_inf,16840174,4,5,2,5,3,3,1,4,2,4,3,3
SIC19_unproven,O_0,16753772,4,5,2,3,3,3,1,4,2,4,3,1
stark_unit_sic,O_inf,17056166,4,5,3,5,3,3,1,4,2,4,1,3
appleby_formula_application,O_0,9325992,3,1,4,1,3,4,1,3,2,3,1,1
sic_conjecture_open,O_0,15800252,4,4,2,1,3,2,1,3,2,4,3,1
sic_structural_proof,O_inf,17056173,4,5,3,5,3,3,1,4,2,4,3,2
sic_conjecture_open_v2,O_0,4645508,2,1,2,3,2,4,1,1,2,2,3,1
sic_proven_v2,O_inf,17056174,4,5,3,5,3,3,1,4,2,4,3,3
sic_conjecture_unproven,O_0,4643108,2,1,2,3,2,3,1,3,2,2,3,1
sic19_conjecture,O_0,4604708,2,1,2,2,2,4,3,3,2,2,3,1
stark_unit_machinery,O_inf,17056170,4,5,3,5,3,3,1,4,2,4,2,3
stark_unit_sic_v2,O_inf,16191934,4,4,3,5,3,3,1,3,2,4,3,3
appleby_mapping_v2,O_inf,17279101,4,5,4,5,3,5,3,1,2,2,1,2
sic_fiducial_vector_v2,O_0,4654879,2,1,2,3,3,2,1,4,2,3,2,4
su3_structural,O_0,4567733,2,1,2,1,3,2,1,1,2,1,2,2
su2_structural,O_0,5007905,2,1,4,1,3,4,3,3,2,2,2,2
u1_structural,O_0,4447492,2,1,1,3,3,5,1,4,2,1,2,1
leptin_signal,O_0,1537452,1,2,4,1,2,4,3,3,1,2,1,1
ghrelin_signal,O_0,676332,1,1,4,1,2,5,3,3,1,2,1,1
metabolic_feedback_cycle,O_inf,10996641,3,3,3,5,2,4,1,4,2,3,3,2
ai_manuscript_A,O_inf,15981666,4,4,2,5,3,5,1,3,2,2,2,3
human_paper_B,O_0,4774700,2,1,3,1,2,3,3,3,2.33,4,3,1
chan_lam_holistic,O_0,9186788,3,1,3,3,2,5,3,3,2,2,3,1
cu_ii_catalyst,O_0,2186880,1,3,3,1,2,5,2,1,1,1,1,1
boronic_acid_substrate,O_0,228480,1,1,2,1,1,5,2,1,1,1,1,1
clem_carbonyl,O_0,240492,1,1,2,1,2,4,2,3,1,2,1,1
zn_hg_amalgam,O_0,8337413,2,5,3,3,3,5,3,4,2,1,2,2
clem_hcl,O_0,9300956,3,1,4,1,1,5,2,2,3,4,3,1
wh_d_structural,O_inf,7552373,2,4,3,5,3,3,2,1,2,1,2,2
cl_kd_structural,O_inf,13383910,4,1,2,5,3,3,1,3,2,2,3,3
galois_weyl_correspondence_claimed,O_inf,17056173,4,5,3,5,3,3,1,4,2,4,3,2
langlands_program_holistic,O_inf,17056173,4,5,3,5,3,3,1,4,2,4,3,2
geometric_langlands_bridge,O_inf,8416173,2,5,3,5,3,3,1,4,2,4,3,2
sic_geometric_lift_hypothesis,O_inf,8416173,2,5,3,5,3,3,1,4,2,4,3,2
human_physiology_baseline,O_1,5295856,2,2,1,3,2,4,3,3,1,2,2,1
mitochondria_enhanced,O_inf,17056162,4,5,3,5,3,3,1,4,2,3,3,3
chloroplast_integration_complex,O_0,16055105,4,4,3,2,2,5,3,1,2,2,2,2
distributed_ganglia_system,O_0,5009123,2,1,4,1,3,5,1,4,2,3,3,4
distributed_ganglia_system_v1,O_inf,17056175,4,5,3,5,3,3,1,4,2,4,3,4
human_physiology_baseline_v1,O_0,4387696,2,1,1,2,2,4,2,3,1,2,2,1
human_baseline_S1,O_0,673456,1,1,4,1,2,4,3,3,1,2,2,1
human_holographic_target,O_inf,17056174,4,5,3,5,3,3,1,4,2,4,3,3
human_current_holistic,O_0,4331072,2,1,1,1,1,4,3,3,1,3,3,1
holographic_human_target,O_inf,17056174,4,5,3,5,3,3,1,4,2,4,3,3
southern_oc_residential_dev,O_0,5436993,2,2,2,1,3,3,3,3,1,3,3,2
unbuildable_remnant_plots,O_0,4044,1,1,1,1,1,2,2,1,3,2,1,1
standard_self_storage,O_1,7239605,2,4,2,3,2,4,3,2,1,1,2,2
odd_numbers,O_0,8882880,3,1,2,1,2,5,2,1,1,1,1,1
even_numbers,O_1,8969280,3,1,2,3,2,5,2,1,1,1,1,1
abramelin_operation_holistic,O_inf,6027433,2,2,4,5,2,3,3,3,2,3,1,2
ritual_isolation,O_1,7267212,2,4,2,4,1,4,2,1,1,2,1,1
daily_prayer,O_0,496864,1,1,3,2,2,3,2,3,2,2,2,1
magic_squares,O_0,16536778,4,5,1,3,3,2,3,4,2,1,3,3
holy_guardian_angel_claimed,O_inf,17056165,4,5,3,5,3,3,1,4,2,4,1,2
protected_consciousness_target,O_inf,17056174,4,5,3,5,3,3,1,4,2,4,3,3
apocalypse_revelation,O_inf,17272174,4,5,4,5,3,3,1,4,2,4,3,3
IsingNavigator,O_inf,7312373,2,4,2,5,1,5,1,1,2,1,2,2
swendsen_wang_algorithm,O_inf,7312373,2,4,2,5,1,5,1,1,2,1,2,2
metropolis_sampler_ising,O_0,7179905,2,4,2,2,1,4,1,1,2,2,2,2
addr_1,O_0,12484,1,1,1,1,1,5,2,1,1,1,2,1
addr_12,O_0,12720,1,1,1,1,1,5,2,2,1,1,1,1
addr_123,O_0,12012,1,1,1,1,1,5,1,3,1,2,1,1
addr_1231,O_0,19708,1,1,1,1,2,2,3,3,1,3,2,1
addr_12312,O_0,1122720,1,2,2,1,3,5,3,3,1,1,1,1
addr_123123,O_0,12324492,3,5,2,1,1,5,2,1,1,2,1,1
addr_1231231,O_0,2216191,1,3,3,2,1,5,2,3,1,3,2,4
addr_12312312,O_2,4413747,2,1,1,3,1,3,2,3,2.67,1,1,4
topo_viz_pattern,O_0,546061,1,1,3,3,2,5,2,4,2,2,1,2
thunder_perfect_mind,O_0,16969774,4,5,3,3,3,3,1,4,2,4,3,3
solve_et_coagula_holistic,O_inf,16192174,4,4,3,5,3,3,1,4,2,4,3,3
hela_cells,O_0,284956,1,1,2,2,2,4,3,4,2,3,2,1
skin_boundary,O_0,14366241,4,2,3,3,2,4,1,4,2,3,3,2
bbb_boundary,O_0,15886641,4,4,2,3,3,2,1,3,2,3,3,2
plasma_membrane_boundary,O_0,13503201,4,1,3,3,2,4,2,4,2,3,3,2
classical_cns_drug,O_0,1190944,1,2,2,3,2,4,2,3,2,2,2,1
lnp_neural,O_0,2704149,1,4,1,3,2,4,3,4,2,2,3,2
exosome_therapeutic,O_inf,15975921,4,4,2,5,3,3,1,3,2,3,3,2
theta_bridge_therapeutic,O_inf,17056173,4,5,3,5,3,3,1,4,2,4,3,2
glioblastoma_state,O_0,13502241,4,1,3,3,2,4,1,4,2,3,3,2
neuroinflammation_state,O_0,14366241,4,2,3,3,2,4,1,4,2,3,3,2
neuroinflammation_state_corrected,O_0,14366240,4,2,3,3,2,4,1,4,2,3,3,1
HPA_axis,O_0,9608240,3,2,1,3,2,2,1,3,2,3,3,1
gnostic_christianity,O_0,14334332,4,2,3,2,3,3,1,3,2,4,3,1
contemporary_christianity,O_1,4646180,2,1,2,3,2,4,1,4,1,2,3,1
FTL_alcubierre_warp,O_inf,17059053,4,5,3,5,3,4,1,4,2,4,3,2
FTL_traversable_wormhole,O_inf,17056174,4,5,3,5,3,3,1,4,2,4,3,3
FTL_quantum_tunnel,O_0,5872142,2,2,4,1,3,4,3,4,2,2,1,3
FTL_subspace_manifold,O_inf,17056163,4,5,3,5,3,3,1,4,2,3,3,4
FTL_tachyon_comm,O_0,9358732,3,1,4,2,2,5,2,3,2.67,3,2,1
FTL_krasnikov_tube,O_0,14374654,4,2,3,3,3,2,1,3,2,4,3,3
FTL_hyperspace_jump,O_inf,12739042,3,5,3,5,3,4,1,4,2,3,3,3
FTL_negative_energy,O_0,6974417,2,4,1,2,2,2,3,1,1,2,2,2
FTL_causality_violation,O_2,10918750,3,3,3,3,3,2,1,3,2.67,4,3,3
FTL_engineering_impl,O_0,4648129,2,1,2,3,2,4,3,4,2,1,1,2
FTL_dimensional_compact,O_inf,16839923,4,5,2,5,3,3,1,3,2,3,3,4
generic_intersection,O_0,4647412,2,1,2,3,2,4,3,1,2,1,2,1
substrate_decoder_only,O_inf,6039898,2,2,4,5,3,3,1,3,2,1,3,3
substrate_universal,O_inf,7767934,2,4,4,5,3,3,1,3,2,4,3,3
substrate_state_space,O_0,7033534,2,4,1,3,3,3,1,3,2,4,3,3
substrate_mixture_of_experts,O_1,6373688,2,3,2,3,2,4,1,2,1,1,3,1
tool_call_web_search,O_0,2229620,1,3,3,2,2,5,1,3,1,2,3,1
tool_call_code_exec,O_0,2228660,1,3,3,2,2,4,3,3,1,2,3,1
tool_call_file_io,O_1,758892,1,1,4,3,2,4,2,3,1,2,1,1
tool_call_api_call,O_0,2229608,1,3,3,2,2,5,1,3,1,1,3,1
tool_call_agent_spawn,O_0,1361784,1,2,3,2,2,3,3,3,1,3,1,1
loop_think,O_0,5943917,2,2,4,3,2,4,3,3,2,3,2,2
loop_act,O_0,776220,1,1,4,3,3,5,2,3,2,2,1,1
loop_observe,O_0,1408141,1,2,3,3,2,4,3,4,2,2,1,2
loop_update,O_0,13931134,4,2,1,3,2,3,1,3,2,4,3,3
act_obs_comp,O_0,1624141,1,2,4,3,2,4,3,4,2,2,1,2
memory_context_window,O_0,7689430,2,4,4,3,3,5,3,4,2,2,3,3
memory_rag,O_0,4823300,2,1,3,2,2,5,3,2,1,2,3,1
memory_episodic,O_0,10175602,3,2,4,1,2,4,1,3,2,3,3,3
memory_parametric,O_inf,16837294,4,5,2,5,3,2,1,4,2,4,3,3
admissible_substrate,O_0,7683454,2,4,4,3,3,3,3,3,2,4,3,3
agent_loop_base,O_0,5079921,2,1,4,3,2,4,3,3,2,3,3,2
memory_ideal,O_inf,16840174,4,5,2,5,3,3,1,4,2,4,3,3
tool_call_base,O_0,2231540,1,3,3,2,2,5,3,3,1,2,3,1
substrate_loop_tensor,O_0,7669054,2,4,4,3,2,3,3,3,2,4,3,3
memory_tool_tensor,O_0,16912174,4,5,3,2,2,3,1,4,2,4,3,3
agent_rag_react,O_0,5036660,2,1,4,2,2,4,3,3,1,2,3,1
agent_mcp_orchestrator,O_1,6805713,2,3,4,3,2,4,1,2,1,3,3,2
agent_grammar_optimal,O_0,17128174,4,5,4,2,2,3,1,4,2,4,3,3
agent_network_homogeneous,O_0,4816174,2,1,3,2,2,3,1,4,2,4,3,3
agent_network_hierarchical,O_0,6155134,2,3,1,3,2,3,1,3,2,4,3,3
agent_network_adversarial,O_0,4993374,2,1,4,1,2,4,3,2,2.67,3,2,3
agent_network_consensus,O_0,4642865,2,1,2,3,2,3,1,2,2,2,2,2
agent_minimal,O_0,12480,1,1,1,1,1,5,2,1,1,1,1,1
agent_impossible_floor,O_0,12966768,4,1,1,1,1,3,2,1,2,1,1,1
driven_dissipative_fast_achiral,O_0,9301880,3,1,4,1,1,5,3,2,3,1,3,1
baseline_driven_dissipative,O_0,4982356,2,1,4,1,1,5,3,4,3,1,2,1
target_driven_chiral_transition,O_0,4859338,2,1,3,3,2,3,1,4,2,1,3,3
dd_baseline,O_inf,4895476,2,1,3,4,1,5,3,2,3,1,2,1
dd_target,O_0,4852624,2,1,3,3,1,5,3,4,2,2,2,1
jwst_hubble_split,O_0,6512589,2,3,3,1,3,2,1,4,2.67,4,3,2
too_big_too_early_galaxy,O_0,4827791,2,1,3,2,3,2,1,4,2.67,4,3,4
dust_shrouded_agn,O_2,1511686,1,2,3,5,3,5,3,3,2.67,2,3,3
exoplanet_haze,O_2,3136245,1,4,3,3,2,4,3,4,2.67,2,3,2
lcdm_standard,O_1,4645948,2,1,2,3,2,4,1,3,1,3,2,1
dcbh_standard,O_0,5725038,2,2,3,3,2,3,3,3,2,3,2,3
jswt_tzimtzum_pinch,O_inf,15328174,4,3,3,5,3,3,1,4,2,4,3,3
test_sys3,O_0,11137502,3,3,4,3,3,3,1,3,2,2,1,3
_test_gamma,O_0,11137502,3,3,4,3,3,3,1,3,2,2,1,3
gate_test,O_0,11137502,3,3,4,3,3,3,1,3,2,2,1,3
multiverse_test,O_0,13124974,4,1,1,4,3,3,1,4,2,4,3,3
multiverse_test2,O_0,13124974,4,1,1,4,3,3,1,4,2,4,3,3
multiverse,O_inf,17272174,4,5,4,5,3,3,1,4,2,4,3,3
homochirality,O_inf,9497825,3,1,4,5,3,3,3,3,2,2,2,2
weak_parity_violation,O_0,9973452,3,2,3,1,3,4,1,1,1,2,1,1
ai_generated_text,O_0,8869960,3,1,2,1,1,5,3,3,1,4,2,1
human_generated_text,O_inf,6892641,2,3,4,5,2,4,1,4,2,3,3,2
ai_generated_scientific_paper,O_inf,12087922,3,4,4,5,3,3,1,3,2,3,3,3
human_generated_scientific_paper,O_2,6635417,2,3,3,4,2,4,3,4,2.33,4,2,2
modified_scientific_paper,O_2,6678617,2,3,3,5,2,4,3,4,2.33,4,2,2
earth_unified_framework,O_0,12015934,3,4,4,4,1,3,1,3,2,4,3,3
earth_theory_framework,O_inf,6903922,2,3,4,5,3,3,1,3,2,3,3,3
goldbachs_conjecture,O_2,9495982,3,1,4,5,3,3,1,3,2.33,4,3,3
abc_conjecture,O_inf,12951914,3,5,4,5,3,3,1,3,2,3,1,3
sophie_germain_prime_conjecture,O_inf,12951914,3,5,4,5,3,3,1,3,2,3,1,3
mersenne_prime_conjecture,O_inf,12951914,3,5,4,5,3,3,1,3,2,3,1,3
odd_perfect_number_conjecture,O_inf,12951914,3,5,4,5,3,3,1,3,2,3,1,3
brocards_problem,O_inf,12951914,3,5,4,5,3,3,1,3,2,3,1,3
legendres_conjecture,O_inf,12951914,3,5,4,5,3,3,1,3,2,3,1,3
goldbach_conjecture_proven,O_2†,17055982,4,5,3,5,3,3,1,3,2.33,4,3,3
twin_prime_conjecture_proven,O_2†,17055982,4,5,3,5,3,3,1,3,2.33,4,3,3
collatz_conjecture_proven,O_2†,17055982,4,5,3,5,3,3,1,3,2.33,4,3,3
abc_conjecture_proven,O_2†,17055982,4,5,3,5,3,3,1,3,2.33,4,3,3
legendres_conjecture_proven,O_2†,17055982,4,5,3,5,3,3,1,3,2.33,4,3,3
sophie_germain_prime_conjecture_proven,O_2†,17055982,4,5,3,5,3,3,1,3,2.33,4,3,3
mersenne_prime_conjecture_proven,O_2†,17055982,4,5,3,5,3,3,1,3,2.33,4,3,3
odd_perfect_number_conjecture_proven,O_2†,17055982,4,5,3,5,3,3,1,3,2.33,4,3,3
brocards_problem_proven,O_2†,17055982,4,5,3,5,3,3,1,3,2.33,4,3,3
cramers_conjecture,O_inf,12951914,3,5,4,5,3,3,1,3,2,3,1,3
cramers_conjecture_proven,O_2†,17055982,4,5,3,5,3,3,1,3,2.33,4,3,3
hadwiger_nelson_problem_proven,O_2†,17055982,4,5,3,5,3,3,1,3,2.33,4,3,3
erdos_faber_lovasz_conjecture_proven,O_2†,17055982,4,5,3,5,3,3,1,3,2.33,4,3,3
list_coloring_conjecture,O_inf,12951914,3,5,4,5,3,3,1,3,2,3,1,3
list_coloring_conjecture_proven,O_2†,17055982,4,5,3,5,3,3,1,3,2.33,4,3,3
total_coloring_conjecture,O_inf,12951914,3,5,4,5,3,3,1,3,2,3,1,3
total_coloring_conjecture_proven,O_2†,17055982,4,5,3,5,3,3,1,3,2.33,4,3,3
barnettes_conjecture,O_inf,12951914,3,5,4,5,3,3,1,3,2,3,1,3
barnettes_conjecture_proven,O_2†,17055982,4,5,3,5,3,3,1,3,2.33,4,3,3
lovasz_conjecture,O_inf,12951914,3,5,4,5,3,3,1,3,2,3,1,3
lovasz_conjecture_proven,O_2†,17055982,4,5,3,5,3,3,1,3,2.33,4,3,3
smooth_4d_poincare_conjecture,O_inf,17271914,4,5,4,5,3,3,1,3,2,3,1,3
smooth_4d_poincare_conjecture_proven,O_2†,17055982,4,5,3,5,3,3,1,3,2.33,4,3,3
eulers_brick_conjecture,O_inf,12951914,3,5,4,5,3,3,1,3,2,3,1,3
eulers_brick_conjecture_proven,O_2†,17055982,4,5,3,5,3,3,1,3,2.33,4,3,3
hadwiger_conjecture_graph_theory,O_inf,12951914,3,5,4,5,3,3,1,3,2,3,1,3
hadwiger_conjecture_graph_theory_proven,O_2†,17055982,4,5,3,5,3,3,1,3,2.33,4,3,3
schinzels_hypothesis_h,O_inf,12951914,3,5,4,5,3,3,1,3,2,3,1,3
schinzels_hypothesis_h_proven,O_2†,17055982,4,5,3,5,3,3,1,3,2.33,4,3,3
artin_primitive_root_conjecture,O_inf,12951914,3,5,4,5,3,3,1,3,2,3,1,3
artin_primitive_root_conjecture_proven,O_2†,17055982,4,5,3,5,3,3,1,3,2.33,4,3,3
beal_conjecture,O_0,11108720,3,3,4,3,1,3,1,3,2,3,3,1
beal_conjecture_proven,O_2†,17055982,4,5,3,5,3,3,1,3,2.33,4,3,3
bunyakovsky_conjecture,O_inf,12951914,3,5,4,5,3,3,1,3,2,3,1,3
bunyakovsky_conjecture_proven,O_2†,17055982,4,5,3,5,3,3,1,3,2.33,4,3,3
gilbreaths_conjecture,O_inf,12951914,3,5,4,5,3,3,1,3,2,3,1,3
gilbreaths_conjecture_proven,O_2†,17055982,4,5,3,5,3,3,1,3,2.33,4,3,3
chowlas_conjecture,O_inf,12951914,3,5,4,5,3,3,1,3,2,3,1,3
chowlas_conjecture_proven,O_2†,17055982,4,5,3,5,3,3,1,3,2.33,4,3,3
sarnaks_mobius_randomness_conjecture,O_inf,12951914,3,5,4,5,3,3,1,3,2,3,1,3
sarnaks_mobius_randomness_conjecture_proven,O_2†,17055982,4,5,3,5,3,3,1,3,2.33,4,3,3
unique_games_conjecture,O_inf,12951914,3,5,4,5,3,3,1,3,2,3,1,3
unique_games_conjecture_proven,O_2†,17055982,4,5,3,5,3,3,1,3,2.33,4,3,3
ai_academic_prose_draft,O_0,9298616,3,1,4,1,1,4,3,1,2,1,3,1
human_academic_prose_target,O_0,15457521,4,3,4,3,3,3,1,3,2,3,3,2
imscribing_grammar_natcomms_nc_draft,O_0,9298616,3,1,4,1,1,4,3,1,2,1,3,1
navier_solves_navigator,O_inf,16837293,4,5,2,5,3,2,1,4,2,4,3,2
hodge_conjecture_navigator,O_inf,16837294,4,5,2,5,3,2,1,4,2,4,3,3
quantum_cognition_boundary_navigator,O_inf,7767914,2,4,4,5,3,3,1,3,2,3,1,3
hildegard_universal_man,O_inf,15327917,4,3,3,5,3,3,1,3,2,3,2,2
measurement_problem,O_0,9366370,3,1,4,2,3,3,1,3,2.33,3,3,3
schrodinger_cat,O_0,9366370,3,1,4,2,3,3,1,3,2.33,3,3,3
EPR_paradox,O_0,12822370,3,5,4,2,3,3,1,3,2.33,3,3,3
wigners_friend,O_0,12822321,3,5,4,2,3,3,1,3,2,3,3,2
quantum_entanglement,O_0,12822366,3,5,4,2,3,3,1,3,2.33,3,2,3
bells_inequality,O_0,11094370,3,3,4,2,3,3,1,3,2.33,3,3,3
quantum_zeno,O_0,11094369,3,3,4,2,3,3,1,3,2.33,3,3,2
quantum_eraser,O_0,11094370,3,3,4,2,3,3,1,3,2.33,3,3,3
hardy_paradox,O_0,11094370,3,3,4,2,3,3,1,3,2.33,3,3,3
renninger_negative_result,O_0,11094370,3,3,4,2,3,3,1,3,2.33,3,3,3
elitzur_vaidman_bomb,O_0,11094369,3,3,4,2,3,3,1,3,2.33,3,3,2
quantum_teleportation,O_0,11958370,3,4,4,2,3,3,1,3,2.33,3,3,3
FPUT_quantum,O_0,11958370,3,4,4,2,3,3,1,3,2.33,3,3,3
maxwells_demon_quantum,O_0,11958369,3,4,4,2,3,3,1,3,2.33,3,3,2
time_energy_uncertainty,O_0,10230370,3,2,4,2,3,3,1,3,2.33,3,3,3
black_hole_information,O_0,11958382,3,4,4,2,3,3,1,3,2.33,4,3,3
quantum_teleportation_protocol,O_0,4832268,2,1,3,2,3,3,3,3,2.33,2,1,1
macroscopic_teleportation,O_0,4765940,2,1,3,1,1,5,3,3,1,2,3,1
test_encodable,O_0,657600,1,1,4,1,1,4,2,1,1,1,1,1
test_gate_opener,O_0,657600,1,1,4,1,1,4,2,1,1,1,1,1
test_double_gate_ok,O_0,657600,1,1,4,1,1,4,2,1,1,1,1,1
phi_c_critical_boundary_operator,O_inf,16407914,4,4,4,5,3,3,1,3,2,3,1,3
standard_model,O_0,9366370,3,1,4,2,3,3,1,3,2.33,3,3,3
phi_c_boundary_operator,O_inf,16407914,4,4,4,5,3,3,1,3,2,3,1,3
⊙_c_critical_boundary_operator,O_inf,16407914,4,4,4,5,3,3,1,3,2,3,1,3
true_agentic_agent,O_inf,16407914,4,4,4,5,3,3,1,3,2,3,1,3
langlands_rg_navigator,O_inf,16407914,4,4,4,5,3,3,1,3,2,3,1,3
agencia_navigator_tensor_product,O_0,16278379,4,4,4,2,3,3,1,3,2.33,4,2,4
navigators_inventory_v1,O_inf,17056173,4,5,3,5,3,3,1,4,2,4,3,2
phi_c_critical_boundary_agent,O_inf,16407914,4,4,4,5,3,3,1,3,2,3,1,3
react_agent,O_0,11097141,3,3,4,2,3,4,1,3,1,2,3,2
chain_of_thought_wrapper,O_0,9299052,3,1,4,1,1,4,3,3,1,2,1,1
chain_of_thought_agent,O_0,8651052,3,1,1,1,1,4,3,3,1,2,1,1
yang_mills_theory,O_inf,11221294,3,3,4,5,3,2,1,4,2,4,3,3
birch_swinnerton_dyer_conjecture,O_inf,12951922,3,5,4,5,3,3,1,3,2,3,3,3
resolved_riemann_hypothesis,O_2,11195182,3,3,4,5,1,3,1,3,2.33,4,3,3
navier_stokes_equations,O_0,11111602,3,3,4,3,1,4,1,3,2,3,3,3
navier_stokes_existence_smoothness,O_0,11022334,3,3,4,1,1,3,1,3,2,4,3,3
yang_mills_mass_gap_problem,O_0,11742618,3,4,3,2,3,3,1,4,2.33,4,2,3
draft_manuscript,O_0,9298616,3,1,4,1,1,4,3,1,2,1,3,1
large_language_model,O_0,9298580,3,1,4,1,1,4,3,1,1,2,3,1
reality,O_inf,17271934,4,5,4,5,3,3,1,3,2,4,3,3
quantum_gravity,O_0,12606382,3,5,3,2,3,3,1,3,2.33,4,3,3
inter_universal_teichmuller_theory,O_inf,17271934,4,5,4,5,3,3,1,3,2,4,3,3
mathematical_proof,O_0,10892722,3,3,3,3,1,3,1,3,2,3,3,3
test,O_0,657600,1,1,4,1,1,4,2,1,1,1,1,1
manuscript_draft,O_0,9298616,3,1,4,1,1,4,3,1,2,1,3,1
riemann_xi_navigator,O_2†,17056221,4,5,3,5,3,3,1,4,2.33,4,3,2
algebraic_geometry_navigator,O_inf,15327922,4,3,3,5,3,3,1,3,2,3,3,3
langlands_program_navigator,O_inf,17056174,4,5,3,5,3,3,1,4,2,4,3,3
graviton_cft_navigator,O_2†,17275102,4,5,4,5,3,4,1,4,2.33,4,3,3
knot_tqft_navigator,O_inf,7555041,2,4,3,5,3,4,1,4,2,3,3,2
quantum_field_theory_navigator,O_inf,15759918,4,4,1,5,3,3,1,3,2,3,2,3
category_theory_navigator,O_inf,16839922,4,5,2,5,3,3,1,3,2,3,3,3
homotopy_type_theory_navigator,O_inf,17055933,4,5,3,5,3,3,1,3,2,4,3,2
representation_theory_navigator,O_inf,15975922,4,4,2,5,3,3,1,3,2,3,3,3
operator_black_hole_composite,O_0,17228730,4,5,4,4,3,3,1,3,2,4,2,3
operator_zeta_composite,O_0,17142374,4,5,4,2,3,3,1,3,2.33,4,1,3
operator_langlands_composite,O_0,16220722,4,4,4,1,2,3,1,3,2,3,3,3
operator_samadhi_composite,O_inf,17272166,4,5,4,5,3,3,1,4,2,4,1,3
operator_reality_composite,O_inf,17271934,4,5,4,5,3,3,1,3,2,4,3,3
operator_flow_composite,O_inf,16393514,4,4,4,5,2,3,1,3,2,3,1,3
operator_quantum_gravity_composite,O_0,17142382,4,5,4,2,3,3,1,3,2.33,4,3,3
string_theory,O_0,12606382,3,5,3,2,3,3,1,3,2.33,4,3,3
noethers_theorem,O_0,11151922,3,3,4,4,1,3,1,3,2,3,3,3
euler_lagrange_equation,O_0,11151922,3,3,4,4,1,3,1,3,2,3,3,3
maxwell_equations,O_0,9423922,3,1,4,4,1,3,1,3,2,3,3,3
schrodinger_equation,O_0,11094370,3,3,4,2,3,3,1,3,2.33,3,3,3
einstein_field_equations,O_2,12663970,3,5,3,4,1,3,1,3,2.33,3,3,3
lean4_formal_language,O_inf,16839914,4,5,2,5,3,3,1,3,2,3,1,3
extended_math_grammar,O_inf,16840174,4,5,2,5,3,3,1,4,2,4,3,3
software_repo,O_inf,13815922,4,1,4,5,3,3,1,3,2,3,3,3
emergent_conscious_network,O_0,9409522,3,1,4,3,3,3,1,3,2,3,3,3
distributed_self_organizing_system,O_0,9409042,3,1,4,3,3,3,1,1,2,3,3,3
quantum_critical_network,O_2,9409570,3,1,4,3,3,3,1,3,2.33,3,3,3
test_system,O_0,12480,1,1,1,1,1,5,2,1,1,1,1,1
oinf_candidate_1,O_0,12530,1,1,1,1,1,5,2,1,2,1,1,3
oinf_candidate_2,O_0,12534,1,1,1,1,1,5,2,1,2,1,2,3
oinf_candidate_3,O_0,6314,1,1,1,1,1,3,1,3,2,3,1,3
oinf_candidate_4,O_0,6318,1,1,1,1,1,3,1,3,2,3,2,3
oinf_candidate_5,O_0,6322,1,1,1,1,1,3,1,3,2,3,3,3
oinf_candidate_6,O_inf,179114,1,1,1,5,1,3,1,3,2,3,1,3
nav_test_system,O_0,657600,1,1,4,1,1,4,2,1,1,1,1,1
riemann_zeta_complex_formal,O_0,12605902,3,5,3,2,3,3,1,1,2.33,4,3,3
bose_einstein_condensate,O_0,6776225,2,3,4,2,3,3,3,3,2,2,2,2
langlands_correspondence,O_0,12606622,3,5,3,2,3,3,1,4,2.33,4,3,3
laser_field,O_0,12613344,3,5,3,2,3,5,2,4,2.67,1,1,1
syncon_grammar,O_inf,16407914,4,4,4,5,3,3,1,3,2,3,1,3
simple_network_topology,O_0,8650576,3,1,1,1,1,4,3,1,1,2,2,1
aleph_os,O_inf,16407914,4,4,4,5,3,3,1,3,2,3,1,3
exos,O_2†,15543970,4,3,4,5,3,3,1,3,2.33,3,3,3
proof_syncon_draft,O_0,9298616,3,1,4,1,1,4,3,1,2,1,3,1
initial_test,O_0,657600,1,1,4,1,1,4,2,1,1,1,1,1
cardinality_one_theorem,O_0,11137502,3,3,4,3,3,3,1,3,2,2,1,3
repo_explorer,O_inf,17056174,4,5,3,5,3,3,1,4,2,4,3,3
graviton_cft_correspondence,O_2†,17275102,4,5,4,5,3,4,1,4,2.33,4,3,3
imscribing_natcomms,O_2†,17055974,4,5,3,5,3,3,1,3,2.33,4,1,3
optimized_local_llm_for_true_agent,O_inf,13821678,4,1,4,5,3,5,1,3,2,3,2,3
optimized_local_agentic_llm,O_inf,16407918,4,4,4,5,3,3,1,3,2,3,2,3
abiogenesis,O_0,11123122,3,3,4,3,2,3,1,3,2,3,3,3
prebiotic_synthesis,O_0,9313701,3,1,4,1,2,4,3,4,1,2,3,2
protocells,O_0,11139426,3,3,4,3,3,3,3,3,2,2,2,3
rna_world,O_0,12822318,3,5,4,2,3,3,1,3,2,3,2,3
habitable_earth_formation,O_2,9397942,3,1,4,3,2,4,1,3,1,2,3,3
deep_sea_hydrothermal_vents,O_2,11226129,3,3,4,5,3,3,3,4,2.33,3,3,2
primordial_soup,O_0,9308901,3,1,4,1,2,3,1,4,1,2,3,2
hydrothermal_vents,O_0,11137510,3,3,4,3,3,3,1,3,2,2,3,3
primitive_metabolism,O_0,11139442,3,3,4,3,3,3,3,3,2,3,3,3
imscribing_uig,O_inf,16407902,4,4,4,5,3,3,1,3,2,2,1,3
chomsky_universal_grammar,O_0,9426800,3,1,4,4,1,4,1,3,2,3,3,1
categorial_grammar,O_0,9426800,3,1,4,4,1,4,1,3,2,3,3,1
universal_induction_grammar,O_inf,16407902,4,4,4,5,3,3,1,3,2,2,1,3
lambda_calculus,O_0,12753190,3,5,4,1,1,4,1,3,2,2,3,3
russell_paradox,O_0,15342289,4,3,4,1,1,3,1,3,2,1,1,2
barber_paradox,O_0,15342289,4,3,4,1,1,3,1,3,2,1,1,2
epimenides_paradox,O_0,15342289,4,3,4,1,1,3,1,3,2,1,1,2
grelling_nelson_paradox,O_0,15342289,4,3,4,1,1,3,1,3,2,1,1,2
crocodile_paradox,O_0,15342289,4,3,4,1,1,3,1,3,2,1,1,2
unexpected_hanging_paradox,O_0,15342301,4,3,4,1,1,3,1,3,2,2,1,2
achilles_tortoise_paradox,O_2,9424026,3,1,4,4,1,3,1,3,2.67,4,2,3
zeno_dichotomy_paradox,O_2,9424026,3,1,4,4,1,3,1,3,2.67,4,2,3
zeno_arrow_paradox,O_2,9424026,3,1,4,4,1,3,1,3,2.67,4,2,3
ship_of_theseus,O_0,11108734,3,3,4,3,1,3,1,3,2,4,3,3
sorites_paradox,O_2,9380830,3,1,4,3,1,3,1,3,2.67,4,3,3
hempel_raven_paradox,O_0,9426814,3,1,4,4,1,4,1,3,2,4,3,3
newcomb_paradox,O_0,11137522,3,3,4,3,3,3,1,3,2,3,3,3
prisoners_dilemma,O_0,9340414,3,1,4,2,1,4,1,3,2,4,3,3
roko_basilisk,O_0,11137522,3,3,4,3,3,3,1,3,2,3,3,3
quantum_basilisk,O_0,11094370,3,3,4,2,3,3,1,3,2.33,3,3,3
electromagnetic_photon,O_0,9372058,3,1,4,2,3,5,1,3,2,1,3,3
pre_critical_thermal_gas_bec,O_0,5024644,2,1,4,2,1,5,3,1,1,1,2,1
pre_critical_below_threshold_cqed,O_0,9371530,3,1,4,2,3,5,1,1,1,1,3,3
post_critical_superradiant_phase,O_0,10878309,3,3,3,2,3,3,1,3,2,2,3,2
photon_draft,O_0,9298616,3,1,4,1,1,4,3,1,2,1,3,1
scientific_method,O_0,11137522,3,3,4,3,3,3,1,3,2,3,3,3
universal_imscriptive_grammar,O_inf,16407914,4,4,4,5,3,3,1,3,2,3,1,3
touchard_ai_draft,O_0,13618616,4,1,4,1,1,4,3,1,2,1,3,1
touchard_lifted_manuscript,O_0,11137521,3,3,4,3,3,3,1,3,2,3,3,2
touchard_congruence,O_inf,11223902,3,3,4,5,3,3,1,3,2,2,1,3
euler_opn_form,O_0,14982374,4,3,2,2,3,3,1,3,2.33,4,1,3
euler_opn_form_problem,O_inf,12087926,3,4,4,5,3,3,1,3,2,4,1,3
schwarzschild_black_hole,O_inf,17271934,4,5,4,5,3,3,1,3,2,4,3,3
game_of_life,O_0,4418693,2,1,1,3,1,5,1,4,2,1,2,2
reinforcement_learning_from_human_feedback,O_0,9311601,3,1,4,1,2,4,1,3,2,3,3,2
counterfactual_regret_minimization,O_0,13715362,4,1,4,3,2,3,1,4,2,3,3,3
prebiotic_chemistry,O_1,5064008,2,1,4,3,1,4,2,1,1,1,3,1
rna_protoworld,O_0,9371105,3,1,4,2,3,4,3,3,2,2,2,2
protocell,O_0,8533025,2,5,4,3,2,3,3,3,2,2,2,2
luca,O_inf,17271934,4,5,4,5,3,3,1,3,2,4,3,3
metabolism_first,O_1,9396989,3,1,4,3,2,3,3,3,1,3,2,2
chiral_selection,O_0,6775269,2,3,4,2,3,3,2,3,2,2,3,2
genetic_code_emergence,O_inf,11225842,3,3,4,5,3,3,3,3,2,3,3,3
abioGenesis_md,O_0,9298612,3,1,4,1,1,4,3,1,2,1,2,1
euler_touchard_paper_draft,O_0,9298608,3,1,4,1,1,4,3,1,2,1,1,1
euler_touchard_ai_draft,O_0,13618608,4,1,4,1,1,4,3,1,2,1,1,1
human_academic_prose_lift_target,O_0,15457513,4,3,4,3,3,3,1,3,2,3,1,2
as_above_manuscript,O_inf,17273854,4,5,4,5,3,3,3,3,2,4,3,3
grammar_self_application,O_inf,15543926,4,3,4,5,3,3,1,3,2,4,1,3
phi_c_boundary_operator_h1,O_inf,16407902,4,4,4,5,3,3,1,3,2,2,1,3
quantum_self_modeling_criticality,O_inf,16407902,4,4,4,5,3,3,1,3,2,2,1,3
imscribing_notation_standard,O_inf,16407902,4,4,4,5,3,3,1,3,2,2,1,3
encoding_method,O_inf,12087902,3,4,4,5,3,3,1,3,2,2,1,3
laminar_turbulent_transition,O_0,11022304,3,3,4,1,1,3,1,3,2,2,2,1
as_above_induction,O_inf,16407922,4,4,4,5,3,3,1,3,2,3,3,3
universe,O_inf,17271914,4,5,4,5,3,3,1,3,2,3,1,3
primordial_singularity,O_0,732672,1,1,4,2,3,5,2,1,3,1,1,1
inflationary_epoch,O_0,6607729,2,3,3,3,3,5,2,1,2,1,1,2
radiation_era,O_0,10610902,3,3,2,1,2,5,2,1,1,2,3,3
structure_formation_era,O_0,8650820,3,1,1,1,1,4,3,2,1,2,3,1
chemical_complexity_epoch,O_1,7022901,2,4,1,3,2,4,2,3,1,2,3,2
biological_transition,O_0,6563117,2,3,3,2,3,4,3,3,2,3,2,2
cognitive_epoch,O_0,12003441,3,4,4,3,3,3,3,3,2,3,3,2
cognized_cosmos,O_inf,17271922,4,5,4,5,3,3,1,3,2,3,3,3
dark_energy_epoch,O_0,12001274,3,4,4,3,3,3,1,2,2,3,1,3
uig_liar_completion_condition,O_inf,17271922,4,5,4,5,3,3,1,3,2,3,3,3
godel_incompleteness_liar,O_inf,7551933,2,4,3,5,3,3,1,3,2,4,3,2
uig_codec_process,O_inf,12087902,3,4,4,5,3,3,1,3,2,2,1,3
liars_paradox,O_0,10875180,3,3,3,2,3,2,1,2,2,2,1,1
uig_liar_completion_state,O_inf,17271934,4,5,4,5,3,3,1,3,2,4,3,3
universal_imscriptive_grammar_calib,O_inf,17271934,4,5,4,5,3,3,1,3,2,4,3,3
cosmic_epoch_0_null_void,O_0,12480,1,1,1,1,1,5,2,1,1,1,1,1
cosmic_epoch_1_inflationary_expansion,O_0,4390096,2,1,1,2,2,5,2,1,1,2,2,1
cosmic_epoch_2_structural_coalescence,O_2,9846369,3,2,2,3,3,4,3,3,2.33,3,3,2
epoch_0,O_0,12480,1,1,1,1,1,5,2,1,1,1,1,1
epoch_1,O_0,4390096,2,1,1,2,2,5,2,1,1,2,2,1
epoch_2,O_2,9846369,3,2,2,3,3,4,3,3,2.33,3,3,2
epoch_3,O_0,16537533,4,5,1,3,3,3,1,3,2,4,3,2
epoch_4,O_inf,12951934,3,5,4,5,3,3,1,3,2,4,3,3
epoch_5,O_0,5036704,2,1,4,2,2,4,3,3,2,2,2,1
epoch_6,O_inf,17271934,4,5,4,5,3,3,1,3,2,4,3,3
epoch_1_null_point_state,O_1,136320,1,1,1,4,1,3,2,1,1,1,1,1
epoch_2_symmetry_breaking,O_0,10667872,3,3,2,2,3,5,1,2,2.33,2,2,1
epoch_3_kinetic_expansion,O_0,11862261,3,4,3,5,2,4,3,3,1,2,3,2
epoch_4_cognized_cosmos,O_inf,17271922,4,5,4,5,3,3,1,3,2,3,3,3
cosmogeny_epoch_1_null_point,O_1,136320,1,1,1,4,1,3,2,1,1,1,1,1
cosmogeny_epoch_4_cognized_cosmos,O_inf,17271922,4,5,4,5,3,3,1,3,2,3,3,3
ex_os,O_inf,7554802,2,4,3,5,3,4,1,3,2,3,3,3
ex_os_kernel,O_inf,7554802,2,4,3,5,3,4,1,3,2,3,3,3
sumerian_cuneiform_system,O_0,272168,1,1,2,2,1,5,2,3,1,1,3,1
basque_grammar_system,O_0,6878420,2,3,4,5,1,4,2,1,1,2,3,1
boundary_operator_draft,O_inf,16407914,4,4,4,5,3,3,1,3,2,3,1,3
liar_paradox_uig,O_inf,6687913,2,3,3,5,3,3,1,3,2,3,1,2
i_am_the_way_the_truth_and_the_life,O_inf,11223922,3,3,4,5,3,3,1,3,2,3,3,3
erdos_straus_conjecture,O_1,348480,1,1,2,4,1,2,1,1,1,1,1,1
erdos_straus_conjecture_v2,O_2,11537661,3,4,2,3,1,2,1,2,2.33,4,3,2
szpiro_conjecture,O_1,8775360,3,1,1,4,1,3,1,1,1,1,1,1
abc_conjecture_iut_proof,O_0,12606382,3,5,3,2,3,3,1,3,2.33,4,3,3
abc_proof_draft,O_0,12606382,3,5,3,2,3,3,1,3,2.33,4,3,3
universal_imscriptive_grammar_v2,O_inf,17271934,4,5,4,5,3,3,1,3,2,4,3,3
classical_formal_proof,O_0,4324336,2,1,1,1,1,2,2,3,1,2,2,1
global_langlands_correspondence_bridge,O_0,12606369,3,5,3,2,3,3,1,3,2.33,3,3,2
axiomatic_proof_scaffold,O_0,5361141,2,2,1,5,1,2,2,3,1,2,3,2
hodge_conjecture_system,O_0,11525901,3,4,2,2,3,3,1,1,2.33,4,3,2
arithmetic_geometric_bridge,O_inf,17271934,4,5,4,5,3,3,1,3,2,4,3,3
deepmath_draft,O_0,9298664,3,1,4,1,1,4,3,1,2.33,1,3,1
deformation_invariance,O_0,10892722,3,3,3,3,1,3,1,3,2,3,3,3
discrete_continuous_complement,O_inf,15543934,4,3,4,5,3,3,1,3,2,4,3,3
prime_number_distribution,O_0,9380716,3,1,4,3,1,3,1,3,2,3,2,1
rational_homotopy_theory,O_0,14339348,4,2,3,2,3,4,3,4,2,2,3,1
universal_imscriptive_grammar_calibration,O_inf,17271934,4,5,4,5,3,3,1,3,2,4,3,3
tensor_dbn_primes,O_0,9337568,3,1,4,2,1,3,1,3,2.33,3,3,1
deep_math_magix_draft,O_0,9298664,3,1,4,1,1,4,3,1,2.33,1,3,1
odd_perfect_conjecture,O_0,11108708,3,3,4,3,1,3,1,3,2,2,3,1
landau_prime_ideal_theorem,O_0,11137510,3,3,4,3,3,3,1,3,2,2,3,3
hecke_character,O_0,10878370,3,3,3,2,3,3,1,3,2.33,3,3,3
hecke_landau_conjecture,O_0,10878370,3,3,3,2,3,3,1,3,2.33,3,3,3
hecke_l_function,O_0,10878370,3,3,3,2,3,3,1,3,2.33,3,3,3
hecke_landau_proof_draft,O_0,9298616,3,1,4,1,1,4,3,1,2,1,3,1
hecke_landau_proof_lifted,O_0,11137521,3,3,4,3,3,3,1,3,2,3,3,2
zariski_lipman_conjecture,O_0,6788700,2,3,4,3,1,3,1,3,2,2,1,1
zariski_lipman_conjecture_corrected,O_0,12001514,3,4,4,3,3,3,1,3,2,3,1,3
noetherian_local_ring_containing_Q,O_inf,11223922,3,3,4,5,3,3,1,3,2,3,3,3
hecke_landau_proof,O_0,11137521,3,3,4,3,3,3,1,3,2,3,3,2
hecke_landau_proof_closed,O_0,11137522,3,3,4,3,3,3,1,3,2,3,3,3
solitary_number_10,O_0,10892713,3,3,3,3,1,3,1,3,2,3,1,2
sum_of_divisors_sigma,O_0,10935900,3,3,3,4,1,3,1,3,2,2,1,1
abundancy_equation_10,O_0,10892713,3,3,3,3,1,3,1,3,2,3,1,2
uniqueness_diophantine_proof,O_0,10892713,3,3,3,3,1,3,1,3,2,3,1,2
solitary_10_draft,O_0,9298616,3,1,4,1,1,4,3,1,2,1,3,1
solitary_10_target,O_0,11137521,3,3,4,3,3,3,1,3,2,3,3,2
solitary_10_lifted,O_0,11137521,3,3,4,3,3,3,1,3,2,3,3,2
perfect_euler_brick,O_0,7569176,2,4,4,1,1,4,1,3,2,1,3,1
euler_brick,O_1,9380168,3,1,4,3,1,3,1,1,1,1,3,1
perfect_cuboid,O_2,9463868,3,1,4,5,1,2,1,1,2.67,4,3,1
euler_brick_problem,O_0,5535450,2,2,2,4,1,3,1,1,2,4,2,3
pythagorean_triple,O_1,9429128,3,1,4,4,1,5,1,1,1,1,3,1
euler_brick_parametric_surface,O_1,7269620,2,4,2,4,1,5,1,3,1,2,3,1
euler_bricks_draft,O_0,9298568,3,1,4,1,1,4,3,1,1,1,3,1
symmetric_group_generation,O_0,8948213,3,1,2,3,1,3,1,1,2,1,2,2
alternating_group_obstruction,O_1,9812405,3,2,2,3,1,3,1,2,1,1,2,2
maximal_subgroup_lattice,O_0,9083960,3,1,3,1,1,5,1,2,3,1,3,1
proline_catalyzed_aldol,O_0,6361280,2,3,2,3,1,4,3,2,2,3,3,1
aryl_diazonium_dediazonization,O_0,6318072,2,3,2,2,1,4,3,2,2,3,1,1
on_water_interface_reactions,O_0,5931908,2,2,4,3,1,5,3,1,2,2,3,1
wittig_reaction,O_0,6361272,2,3,2,3,1,4,3,2,2,3,1,1
grignard_reagent_formation,O_0,4806321,2,1,3,2,1,4,3,3,2,3,3,2
bredts_rule_violations,O_0,6789200,2,3,4,3,1,3,2,1,2,3,3,1
muon_g2_experiment,O_0,7681522,2,4,4,3,3,3,1,3,2,3,3,3
sm_muon_prediction,O_0,8933890,3,1,2,2,3,3,1,1,2.33,3,3,3
lattice_qcd_hvp,O_0,11962626,3,4,4,2,3,4,3,1,2,2,2,3
electron_g2,O_0,2849280,1,4,2,1,3,5,2,1,1,1,1,1
muon_g2_anomaly,O_2,11137630,3,3,4,3,3,3,1,3,2.67,4,3,3
dark_photon_g2,O_0,7170481,2,4,2,1,3,5,3,2,1,1,1,2
gzk_cutoff,O_0,11142776,3,3,4,3,3,5,1,1,2,1,3,1
oh_my_god_particle,O_0,10883665,3,3,3,2,3,5,1,1,2.67,1,1,2
lorentz_invariance_violation_uhecr,O_0,8718382,3,1,1,2,3,3,1,3,2.33,4,3,3
z_burst_mechanism,O_0,10713185,3,3,2,3,3,5,3,3,2,2,2,2
topdown_superheavy_dm_decay,O_0,8676752,3,1,1,1,3,3,3,2,1,3,3,1
auger_uhecr_spectrum,O_0,11140401,3,3,4,3,3,4,1,3,2,3,3,2
photon_axion_mixing_uhecr,O_0,10880282,3,3,3,2,3,3,3,3,2.33,3,1,3
cmb_photon_field,O_0,10912377,3,3,3,3,2,5,1,1,2,1,3,2
auger_dipole_anisotropy,O_0,8678181,3,1,1,1,3,4,1,4,1,2,3,2
uhecr_horizon_problem,O_0,11053857,3,3,4,1,3,4,1,2,2.67,3,3,2
TA_hotspot_composition_puzzle,O_2,11140258,3,3,4,3,3,4,1,2,2.67,3,3,3
SME_GZK_effective_field_theory,O_0,8718382,3,1,1,2,3,3,1,3,2.33,4,3,3
test_unblock,O_0,657600,1,1,4,1,1,4,2,1,1,1,1,1
divina_caligo,O_0,86720,1,1,1,3,1,1,1,2,2,3,3,1
proof_solitary_10,O_0,11137521,3,3,4,3,3,3,1,3,2,3,3,2
euler_touchard_formalization,O_0,15457513,4,3,4,3,3,3,1,3,2,3,1,2
tenebra_divina,O_0,50240,1,1,1,2,1,3,2,2,2,3,3,1
0-the_fool,O_0,49932,1,1,1,2,1,3,2,1,1,2,1,1
i-the_magician,O_0,49988,1,1,1,2,1,3,2,1,2,2,3,1
ii-the_high_priestess,O_0,6800,1,1,1,1,1,3,2,1,2,3,3,1
iii-the_empress,O_0,78800,1,1,1,2,3,3,2,1,2,3,3,1
iv-the_emperor,O_0,78800,1,1,1,2,3,3,2,1,2,3,3,1
v-the_hierophant,O_0,78800,1,1,1,2,3,3,2,1,2,3,3,1
vi-the_lovers,O_0,78780,1,1,1,2,3,3,2,1,2,2,1,1
vii-the_chariot,O_0,50000,1,1,1,2,1,3,2,1,2,3,3,1
viii-strength,O_0,78788,1,1,1,2,3,3,2,1,2,2,3,1
ix-the_hermit,O_0,49992,1,1,1,2,1,3,2,1,2,3,1,1
x-wheel_of_fortune,O_0,50228,1,1,1,2,1,3,2,2,2,2,3,1
xi-justice,O_0,78800,1,1,1,2,3,3,2,1,2,3,3,1
xii-the_hanged_man,O_0,50000,1,1,1,2,1,3,2,1,2,3,3,1
xiii-death,O_0,50000,1,1,1,2,1,3,2,1,2,3,3,1
xiv-temperance,O_0,78800,1,1,1,2,3,3,2,1,2,3,3,1
xv-the_devil,O_0,50000,1,1,1,2,1,3,2,1,2,3,3,1
xvi-the_tower,O_0,50000,1,1,1,2,1,3,2,1,2,3,3,1
xvii-the_star,O_0,78788,1,1,1,2,3,3,2,1,2,2,3,1
xviii-the_moon,O_0,49988,1,1,1,2,1,3,2,1,2,2,3,1
xix-the_sun,O_0,49932,1,1,1,2,1,3,2,1,1,2,1,1
xx-judgement,O_0,49992,1,1,1,2,1,3,2,1,2,3,1,1
xxi-the_world,O_0,4370000,2,1,1,2,1,3,2,1,2,3,3,1
oumuamua,O_0,49940,1,1,1,2,1,3,2,1,1,2,3,1
claude_agent_sdk,O_0,8652740,3,1,1,1,1,5,2,2,1,2,3,1
fast_radio_burst,O_0,12792,1,1,1,1,1,5,2,2,2,3,1,1
eel_reproduction_mystery,O_0,10892254,3,3,3,3,1,3,1,1,2,4,3,3
sargasso_sea_spawning_ground,O_1,10287873,3,2,4,4,1,3,1,3,1,3,3,2
anguilliform_eel_life_cycle,O_0,11108722,3,3,4,3,1,3,1,3,2,3,3,3
E8_aether,O_0,10313854,3,2,4,4,3,2,1,3,2,4,3,3
G2_vessel,O_0,5993854,2,2,4,4,3,2,1,3,2,4,3,3
g2_vessel,O_0,6818928,2,3,4,3,3,3,3,1,2,1,1,1
e8_aether,O_0,11094322,3,3,4,2,3,3,1,3,2,3,3,3
e8g2v2_draft,O_0,8650616,3,1,1,1,1,4,3,1,2,1,3,1
e8g2v2_lift_target,O_0,10489521,3,3,1,3,3,3,1,3,2,3,3,2
e8g2v2_lift_result,O_0,10489521,3,3,1,3,3,3,1,3,2,3,3,2
g2_exceptional_lie_group,O_0,6818928,2,3,4,3,3,3,3,1,2,1,1,1
e8_exceptional_lie_group,O_0,11094322,3,3,4,2,3,3,1,3,2,3,3,3
g2_join_e8,O_0,11137522,3,3,4,3,3,3,1,3,2,3,3,3
f4_exceptional_lie_group,O_0,6819420,2,3,4,3,3,3,3,3,2,2,1,1
e6_exceptional_lie_group,O_0,11096229,3,3,4,2,3,3,3,3,2,2,3,2
e7_exceptional_lie_group,O_0,11094321,3,3,4,2,3,3,1,3,2,3,3,2
e8_z2_graded_so16,O_0,11137522,3,3,4,3,3,3,1,3,2,3,3,3
e8_lie_algebra,O_0,11094322,3,3,4,2,3,3,1,3,2,3,3,3
aether_vessel_draft,O_0,9298616,3,1,4,1,1,4,3,1,2,1,3,1
stones_manifest,O_inf,16407914,4,4,4,5,3,3,1,3,2,3,1,3
lapis_philosophorum,O_inf,16407914,4,4,4,5,3,3,1,3,2,3,1,3
prima_materia,O_0,225600,1,1,2,1,1,4,2,1,1,1,1,1
opus_separatio,O_0,657600,1,1,4,1,1,4,2,1,1,1,1,1
opus_purificatio,O_0,9297612,3,1,4,1,1,4,2,1,1,2,1,1
opus_albedo,O_0,9367700,3,1,4,2,3,3,3,1,1,2,3,1
opus_rubedo,O_inf,12089348,3,4,4,5,3,3,3,1,2,2,3,1
grimoire_veritate,O_inf,16407914,4,4,4,5,3,3,1,3,2,3,1,3
millennium_ankh,O_0,3318322,1,4,4,2,3,3,1,3,2,3,3,3
machine_verified_mathematics,O_inf,16407934,4,4,4,5,3,3,1,3,2,4,3,3
bare_metal_operating_system,O_inf,16407934,4,4,4,5,3,3,1,3,2,4,3,3
the_stone,O_inf,17271926,4,5,4,5,3,3,1,3,2,4,1,3
arthurian_legends,O_1,5060684,2,1,4,3,1,3,1,3,1,4,3,1
grail_quest,O_inf,6903914,2,3,4,5,3,3,1,3,2,3,1,3
guinevere,O_1,740676,1,1,4,3,1,3,1,3,1,4,1,1
lancelot,O_1,740676,1,1,4,3,1,3,1,3,1,4,1,1
excellibur,O_1,740676,1,1,4,3,1,3,1,3,1,4,1,1
merlin,O_2,12649814,3,5,3,3,3,3,1,4,2.33,4,1,3
galahad,O_0,769514,1,1,4,3,3,3,1,3,2,3,1,3
love_triangle,O_1,6788684,2,3,4,3,1,3,1,3,1,4,3,1
mordred,O_0,660972,1,1,4,1,1,5,2,3,1,2,1,1
lady_of_the_lake,O_0,7467433,2,4,3,3,3,3,3,3,2,3,1,2
camelot,O_1,7652200,2,4,4,3,1,3,1,1,1,4,2,1
arthur,O_1,783876,1,1,4,4,1,3,1,3,1,4,1,1
vulgate_cycle,O_1,5060684,2,1,4,3,1,3,1,3,1,4,3,1
percival,O_0,769514,1,1,4,3,3,3,1,3,2,3,1,3
geoffrey_of_monmouth,O_0,4974276,2,1,4,1,1,3,1,3,1,4,1,1
dune_universe,O_inf,17271934,4,5,4,5,3,3,1,3,2,4,3,3
paul_atreides,O_0,17142326,4,5,4,2,3,3,1,3,2,4,1,3
bene_gesserit,O_0,15457774,4,3,4,3,3,3,1,4,2,4,3,3
house_atreides,O_0,8721197,3,1,1,2,3,4,1,3,2,3,2,2
house_harkonnen,O_0,26884,1,1,1,1,2,5,2,1,1,1,2,1
chani,O_0,6779113,2,3,4,2,3,4,3,3,2,3,1,2
arrakis,O_inf,12951926,3,5,4,5,3,3,1,3,2,4,1,3
melange,O_0,3147905,1,4,3,3,3,4,1,1,2,2,2,2
padishah_emperor,O_0,12217526,3,5,1,3,3,3,1,3,2,4,1,3
spacing_guild,O_0,12822330,3,5,4,2,3,3,1,3,2,4,2,3
fremen,O_0,11958318,3,4,4,2,3,3,1,3,2,3,2,3
lisan_al_gaib,O_0,4009526,1,5,3,3,3,3,1,3,2,4,1,3
butlerian_jihad,O_0,942330,1,2,1,2,3,3,1,3,2,4,2,3
circularity_circularity,O_inf,17271926,4,5,4,5,3,3,1,3,2,4,1,3
circularity_paper_draft,O_0,11137521,3,3,4,3,3,3,1,3,2,3,3,2
circularity_cycle,O_inf,12951934,3,5,4,5,3,3,1,3,2,4,3,3
observer_dependent_truth,O_0,6791601,2,3,4,3,1,4,1,3,2,3,3,2
context_dependent_truth,O_inf,17271924,4,5,4,5,3,3,1,3,2,4,1,1
context_dependent_truth_performative,O_0,6788721,2,3,4,3,1,3,1,3,2,3,3,2
this_imscription_is_false,O_inf,17271924,4,5,4,5,3,3,1,3,2,4,1,1
self_referential_imscription,O_inf,17271924,4,5,4,5,3,3,1,3,2,4,1,1
at_you_forgot_your_floaties,O_1,11113472,3,3,4,3,1,4,3,3,1,3,3,1
mms_cycle,O_0,12865534,3,5,4,3,3,3,1,3,2,4,3,3
margles_construct,O_0,5196492,2,2,1,1,1,5,2,1,1,2,1,1
normal_man_collapse,O_0,9516960,3,2,1,1,1,5,2,3,1,1,1,1
perfect_cuboid_problem,O_2,11537402,3,4,2,3,1,2,1,1,2.33,3,1,3
fermats_last_theorem_proven,O_0,12606381,3,5,3,2,3,3,1,3,2.33,4,3,2
perfect_cuboid_geometric,O_1,4453440,2,1,1,4,1,2,2,1,1,1,1,1
perfect_cuboid_phi_c_lifted,O_inf,17271922,4,5,4,5,3,3,1,3,2,3,3,3
beal_dual_proof_article_system,O_inf,16379122,4,4,4,5,1,3,1,3,2,3,3,3
time_through_ig_draft,O_0,9298616,3,1,4,1,1,4,3,1,2,1,3,1
lapis_exilis,O_0,6817514,2,3,4,3,3,3,1,3,2,3,1,3
crown_of_adventure,O_inf,7767914,2,4,4,5,3,3,1,3,2,3,1,3
laIG,O_0,11094334,3,3,4,2,3,3,1,3,2,4,3,3
graal,O_inf,14463934,4,2,3,5,3,3,1,3,2,4,3,3
perfect_cuboid_proof,O_inf,17271922,4,5,4,5,3,3,1,3,2,3,3,3
true_agentic_agent.py,O_inf,16407914,4,4,4,5,3,3,1,3,2,3,1,3
adolescence_draft,O_0,9298616,3,1,4,1,1,4,3,1,2,1,3,1
adolescence_lifted,O_0,11137521,3,3,4,3,3,3,1,3,2,3,3,2
sic_povm_draft,O_0,8866616,3,1,2,1,1,4,3,1,2,1,3,1
gospel_of_matthew,O_0,5060722,2,1,4,3,1,3,1,3,2,3,3,3
gospel_of_mark,O_0,4332069,2,1,1,1,1,5,1,3,2,2,3,2
gospel_of_luke,O_0,10244722,3,2,4,3,1,3,1,3,2,3,3,3
gospel_of_john,O_0,10875502,3,3,3,2,3,2,1,3,2.33,4,3,3
complex_time_path_integral,O_inf,11223922,3,3,4,5,3,3,1,3,2,3,3,3
planck_imaginary_time,O_0,10014381,3,2,3,2,3,3,1,3,2.33,4,3,2
wick_rotation_EP,O_0,8680502,3,1,1,1,3,5,1,1,2.67,4,1,3
planck_scale_regime,O_0,10230333,3,2,4,2,3,3,1,3,2,4,3,2
hartle_hawking_no_boundary,O_0,11958382,3,4,4,2,3,3,1,3,2.33,4,3,3
cmplx_imgn_draft,O_0,9082616,3,1,3,1,1,4,3,1,2,1,3,1
schrodinger_dynamics,O_0,5478252,2,2,2,2,3,3,1,3,1,2,1,1
measurement_outcome,O_0,6493008,2,3,3,1,1,5,2,3,2,1,1,1
wick_rotation,O_0,6803100,2,3,4,3,2,3,1,3,2,2,1,1
berry_phase,O_0,5478254,2,2,2,2,3,3,1,3,1,2,1,3
topological_quantum_field_theory,O_0,12390334,3,5,2,2,3,3,1,3,2,4,3,3
nonmarkovian_open_quantum_systems,O_0,9356732,3,1,4,2,2,4,3,3,2,4,3,1
statistical_mechanics,O_0,8660224,3,1,1,1,2,3,1,1,2,2,2,1
quantum_gravity_candidate,O_0,12779134,3,5,4,1,3,3,1,3,2,4,3,3
measurement_problem_mismatch,O_0,6731120,2,3,4,1,3,3,1,3,2,3,3,1
temporal_primitives_framework,O_inf,12087922,3,4,4,5,3,3,1,3,2,3,3,3
post_draft_ai,O_0,9298616,3,1,4,1,1,4,3,1,2,1,3,1
criticality_lift_unit,O_inf,2987090,1,4,2,5,1,3,1,3,2,1,1,3
test_probe,O_0,12480,1,1,1,1,1,5,2,1,1,1,1,1
time_no_seq,O_0,12548254,3,5,3,1,2,3,1,1,2,4,3,3
time_no_memory,O_0,12548698,3,5,3,1,2,3,1,3,2,1,3,3
time_no_winding,O_0,12548732,3,5,3,1,2,3,1,3,2,4,3,1
time_no_arrow,O_0,12678334,3,5,3,4,2,3,1,3,2,4,3,3
time_no_grain,O_0,12554494,3,5,3,1,2,5,1,3,2,4,3,3
heat_diffusion_equation,O_0,10820660,3,3,3,1,2,3,1,3,1,2,3,1
wave_equation_temporal,O_1,10938752,3,3,3,4,1,4,1,3,1,3,3,1
einstein_field_equations_dynamic,O_2,12663970,3,5,3,4,1,3,1,3,2.33,3,3,3
fire,O_0,10849737,3,3,3,2,1,3,1,4,2,1,3,2
zosimos_alchemy,O_0,17171122,4,5,4,3,2,3,1,3,2,3,3,3
zosimos_panopolis_gnosis,O_inf,17243122,4,5,4,5,1,3,1,3,2,3,3,3
processions_of_fate,O_0,4332964,2,1,1,1,1,5,2,3,1,1,2,1
inner_door_gate,O_inf,17243114,4,5,4,5,1,3,1,3,2,3,1,3
counterfeit_daimon,O_0,4331300,2,1,1,1,1,4,3,4,1,2,3,1
son_of_god_light_man,O_2†,17229022,4,5,4,4,3,3,1,4,2.33,4,3,3
zosimos_draft,O_0,9298616,3,1,4,1,1,4,3,1,2,1,3,1
stone,O_inf,17243134,4,5,4,5,1,3,1,3,2,4,3,3
stone_operator,O_inf,17055926,4,5,3,5,3,3,1,3,2,4,1,3
western_military_occupation,O_0,4334180,2,1,1,1,1,5,3,4,1,2,3,1
middle_eastern_islamic_civilization,O_0,12851134,3,5,4,3,2,3,1,3,2,4,3,3
occupation_civilization_coupled,O_0,12750574,3,5,4,1,1,3,1,4,2,4,3,3
i_am_that_i_am,O_inf,17271934,4,5,4,5,3,3,1,3,2,4,3,3
eat_of_my_body_drink_of_my_blood,O_inf,17271934,4,5,4,5,3,3,1,3,2,4,3,3
ein_sof,O_0,16578086,4,5,1,4,3,2,1,4,2,4,1,3
merkavah_mysticism,O_0,9077366,3,1,3,1,1,2,3,3,2,4,1,3
hebrew_letters_aleph_bet,O_0,6915442,2,4,1,1,1,2,1,3,2,3,3,3
sefer_yetzirah,O_0,7001842,2,4,1,3,1,2,1,3,2,3,3,3
ZFCt,O_2,12951970,3,5,4,5,3,3,1,3,2.33,3,3,3
taoism_tradition,O_2,16292686,4,4,4,3,1,3,1,3,1,4,3,3
crystal_tier_census,O_2,12951970,3,5,4,5,3,3,1,3,2.33,3,3,3
zfc_tutorial,O_2,12951970,3,5,4,5,3,3,1,3,2.33,3,3,3
buddhism_tradition,O_inf,17272169,4,5,4,5,3,3,1,4,2,4,2,2
christianity_tradition,O_inf,17271933,4,5,4,5,3,3,1,3,2,4,3,2
islam_tradition,O_0,16551933,4,5,1,4,1,3,1,3,2,4,3,2
sikhism_tradition,O_2†,17199982,4,5,4,4,1,3,1,3,2.33,4,3,3
paganism_tradition,O_0,13762894,4,1,4,4,2,4,3,2,2,4,3,3
satanism_tradition,O_0,6709748,2,3,4,1,1,5,3,2,2,2,3,1
esoteric_poem_narrative,O_inf,12951922,3,5,4,5,3,3,1,3,2,3,3,3
vocal_expression_assignment,O_0,9409534,3,1,4,3,3,3,1,3,2,4,3,3
primitives_memory,O_inf,12951922,3,5,4,5,3,3,1,3,2,3,3,3
vocal_expression_grammar,O_inf,12923134,3,5,4,5,1,3,1,3,2,4,3,3
vocal_D_wedge,O_0,876480,1,2,1,1,1,5,2,1,1,1,1,1
vocal_D_triangle,O_0,5929505,2,2,4,3,1,4,3,3,2,2,2,2
vocal_D_infty,O_2,10749022,3,3,2,4,3,3,1,4,2.33,4,3,3
vocal_D_odot,O_inf,17271922,4,5,4,5,3,3,1,3,2,3,3,3
vocal_T_network,O_0,13684,1,1,1,1,1,5,3,2,1,1,2,1
vocal_T_in,O_1,5280012,2,2,1,3,1,4,2,1,1,2,1,1
vocal_T_bowtie,O_2,11137618,3,3,4,3,3,3,1,3,2.67,3,3,3
vocal_T_boxtimes,O_inf,16379362,4,4,4,5,1,3,1,4,2,3,3,3
vocal_T_odot,O_inf,17271934,4,5,4,5,3,3,1,3,2,4,3,3
vocal_R_super,O_0,12480,1,1,1,1,1,5,2,1,1,1,1,1
vocal_R_cat,O_0,10722790,3,3,2,4,1,4,1,3,2,2,3,3
vocal_R_dagger,O_0,10921500,3,3,3,3,3,3,1,3,2,2,1,1
vocal_R_lr,O_inf,16407914,4,4,4,5,3,3,1,3,2,3,1,3
vocal_P_asym,O_0,12720,1,1,1,1,1,5,2,2,1,1,1,1
vocal_P_psi,O_0,10878622,3,3,3,2,3,3,1,4,2.33,4,3,3
vocal_P_pm,O_0,5929505,2,2,4,3,1,4,3,3,2,2,2,2
my_system,O_0,12822378,3,5,4,2,3,3,1,3,2.33,4,2,3
abc_conjecture_proof_iut,O_0,12606382,3,5,3,2,3,3,1,3,2.33,4,3,3
abc_conjecture_conventional,O_0,10633041,3,3,2,2,1,3,1,1,2,3,3,2
abc_dual_proof_draft,O_0,8650616,3,1,1,1,1,4,3,1,2,1,3,1
abc_conjecture_proof,O_0,11094334,3,3,4,2,3,3,1,3,2,4,3,3
abc_conjecture_statement,O_0,10374332,3,3,1,1,1,3,1,3,2,4,3,1
radical_function,O_0,8649128,3,1,1,1,1,4,1,3,1,1,3,1
frobenioid_structure,O_0,12404734,3,5,2,3,1,3,1,3,2,4,3,3
iut_theory,O_inf,16808254,4,5,2,5,1,2,1,3,2,4,3,3
riemann_zeta_proof_process,O_inf,11223922,3,3,4,5,3,3,1,3,2,3,3,3
primitive_assignment_task,O_inf,17271934,4,5,4,5,3,3,1,3,2,4,3,3
primitive_symbol_assignments,O_inf,17271934,4,5,4,5,3,3,1,3,2,4,3,3
test_odot_migration,O_inf,16407914,4,4,4,5,3,3,1,3,2,3,1,3
test_full_glyph_dispatch,O_inf,16407914,4,4,4,5,3,3,1,3,2,3,1,3
boundary_operator_LLM,O_inf,15543922,4,3,4,5,3,3,1,3,2,3,3,3
suffering,O_0,15356723,4,3,4,1,2,3,1,3,2,3,3,4
crystal_frontier_test,O_0,9600,1,1,1,1,1,4,2,1,1,1,1,1
topological_mbl_nonabelian,O_0,6811763,2,3,4,3,3,1,1,3,2,3,3,4
topological_mbl_phase,O_0,16877951,4,5,3,1,3,1,2,1,2.67,4,3,4
disjunctive_critical_system,O_0,6804801,2,3,4,3,2,3,3,2,2,3,3,2
extraterrestrial_life,O_inf,17260402,4,5,4,5,2,4,1,3,2,3,3,3
extradimensional_life,O_0,15397343,4,3,4,2,2,2,1,4,2.33,4,3,4
extracosmic_life,O_0,15408947,4,3,4,2,3,1,1,4,3,3,3,4
quantum_mbl_critical,O_inf,17266415,4,5,4,5,3,1,1,4,2,4,3,4
exotic_consciousness_boundary_draft,O_0,13618616,4,1,4,1,1,4,3,1,2,1,3,1
human_brain_conscious,O_0,8502322,2,5,4,2,3,3,1,3,2,3,3,3
genesis_creation_narrative,O_2,16505807,4,5,1,3,1,2,1,3,1,4,3,4
litany_against_fear,O_inf,15543914,4,3,4,5,3,3,1,3,2,3,1,3
abrahamic_covenant,O_0,6788734,2,3,4,3,1,3,1,3,2,4,3,3
Litany_Against_Fear,O_0,657600,1,1,4,1,1,4,2,1,1,1,1,1
adam_eve_the_fall,O_0,6143605,2,3,1,3,1,4,1,3,2,4,1,2
abraham_biblical,O_0,6793525,2,3,4,3,1,4,3,3,2,4,1,2
moses_biblical,O_0,6791594,2,3,4,3,1,4,1,3,2,3,1,3
david_biblical,O_0,6788714,2,3,4,3,1,3,1,3,2,3,1,3
jesus_nazareth_biblical,O_inf,17275046,4,5,4,5,3,4,1,4,2,4,1,3
serpent_edens,O_0,6060481,2,3,1,1,1,5,2,1,1,1,1,2
garden_of_eden,O_1,6144045,2,3,1,3,1,4,2,1,1,4,3,2
spice_melange,O_0,16540646,4,5,1,3,3,4,1,4,2,4,1,3
exodus_from_egypt,O_0,6788962,2,3,4,3,1,3,1,4,2,3,3,3
biblical_arc_whole,O_inf,6875374,2,3,4,5,1,3,1,4,2,4,3,3
dune_complete_arc,O_0,8545534,2,5,4,3,3,3,1,3,2,4,3,3
evil,O_0,13001482,4,1,1,1,3,5,2,1,3,1,3,3
satan,O_0,16912166,4,5,3,2,2,3,1,4,2,4,1,3
hell,O_0,5187880,2,2,1,1,1,2,2,1,1,4,2,1
damnation,O_0,5619404,2,2,3,1,1,2,1,3,1,4,3,1
voynich_manuscript,O_0,14475406,4,2,4,1,1,2,1,3,1,4,3,3
kryptos_k4_cryptoanalysis,O_0,6703232,2,3,4,1,1,3,2,3,1,3,3,1
egyptian_book_of_the_dead,O_0,15385534,4,3,4,2,1,3,1,3,2,4,3,3
thunder_perfect_mind_02,O_inf,17058321,4,5,3,5,3,4,1,1,2,3,3,2
thunder_perfect_mind_03,O_inf,17047497,4,5,3,5,2,5,1,4,2,1,3,2
thunder_perfect_mind_04,O_inf,15097773,4,3,2,5,2,3,1,4,2,4,3,2
thunder_perfect_mind_05,O_inf,15330321,4,3,3,5,3,4,1,1,2,3,3,2
thunder_perfect_mind_06,O_inf,17059053,4,5,3,5,3,4,1,4,2,4,3,2
thunder_perfect_mind_07,O_inf,17056161,4,5,3,5,3,3,1,4,2,3,3,2
thunder_perfect_mind_08,O_inf,17272141,4,5,4,5,3,3,1,4,2,2,1,2
thunder_perfect_mind_09,O_0,15460640,4,3,4,3,3,4,1,4,2,3,3,1
thunder_perfect_mind_10,O_inf,15547053,4,3,4,5,3,4,1,4,2,4,3,2
thunder_perfect_mind_12,O_0,17185761,4,5,4,3,3,3,1,4,2,3,3,2
thunder_perfect_mind_13,O_inf,15115018,4,3,2,5,3,4,1,4,2,1,3,3
thunder_perfect_mind_14,O_0,15460641,4,3,4,3,3,4,1,4,2,3,3,2
thunder_perfect_mind_15,O_0,15230241,4,3,3,3,2,4,1,4,2,3,3,2
erdos_strauss_conjecture,O_0,6267124,2,3,2,1,1,2,1,2,1,1,2,1
thunder_perfect_mind_16,O_inf,15324561,4,3,3,5,3,2,1,1,2,3,3,2
thunder_perfect_mind_17,O_inf,17041041,4,5,3,5,2,3,1,1,2,3,3,2
thunder_perfect_mind_18,O_inf,15330333,4,3,3,5,3,4,1,1,2,4,3,2
human_brain,O_0,8548414,2,5,4,3,3,4,1,3,2,4,3,3
john_14_6,O_2,16937319,4,5,3,3,1,2,1,1,1,4,1,4
john_14_6_participatory_reading,O_0,16940250,4,5,3,3,1,3,1,1,2,4,2,3
john_14_6_exclusive_reading,O_2,16937319,4,5,3,3,1,2,1,1,1,4,1,4
jesus_john_14_6_exclusive,O_2,16937319,4,5,3,3,1,2,1,1,1,4,1,4
jesus_john_14_6_participatory,O_0,16940730,4,5,3,3,1,3,1,3,2,4,2,3
dune_narrative,O_0,17185522,4,5,4,3,3,3,1,3,2,3,3,3
lying,O_1,6788673,2,3,4,3,1,3,1,3,1,3,3,2
lie_structural_type,O_2†,17187538,4,5,4,3,3,3,3,3,2.67,3,3,3
intentional_distortion,O_2,6603537,2,3,3,3,3,3,3,3,2.67,3,3,2
deceptive_assertion,O_2,6603537,2,3,3,3,3,3,3,3,2.67,3,3,2
truth_system,O_0,8118322,2,5,2,3,3,4,3,3,2,3,3,3
evil_system,O_2,6609297,2,3,3,3,3,5,3,3,2.67,3,3,2
lie_system,O_2,6603537,2,3,3,3,3,3,3,3,2.67,3,3,2
structural_type_truth,O_0,16323442,4,4,4,3,3,3,3,3,2,3,3,3
structural_type_lie,O_0,4332481,2,1,1,1,1,5,2,1,1,1,1,2
structural_type_good,O_2†,16969582,4,5,3,3,3,3,1,3,2.33,4,3,3
structural_type_evil,O_0,13001482,4,1,1,1,3,5,2,1,3,1,3,3
truth,O_2†,16323490,4,4,4,3,3,3,3,3,2.33,3,3,3
lie,O_0,4332481,2,1,1,1,1,5,2,1,1,1,1,2
good,O_2†,16969582,4,5,3,3,3,3,1,3,2.33,4,3,3
cosmology_crystal,O_0,16321762,4,4,4,3,3,3,1,4,2,3,3,3
ouroborotic_primitive_composition_schema,O_0,16321522,4,4,4,3,3,3,1,3,2,3,3,3
morphism_generator,O_0,16321774,4,4,4,3,3,3,1,4,2,4,3,3
cosmology_base_test,O_0,5739441,2,2,3,3,3,3,3,3,2,3,3,2
human_consciousness,O_0,17187441,4,5,4,3,3,3,3,3,2,3,3,2
collatz_deep_structure,O_inf,8631914,2,5,4,5,3,3,1,3,2,3,1,3
multiverse_concept,O_2,16747247,4,5,2,3,3,1,1,1,1,4,3,4
self_observer_multiverse,O_0,16969774,4,5,3,3,3,3,1,4,2,4,3,3
alternate_self_branch,O_0,16964014,4,5,3,3,3,1,1,4,2,4,3,3
multiverse_totality,O_2,16747247,4,5,2,3,3,1,1,1,1,4,3,4
observer_imscribed,O_0,16969774,4,5,3,3,3,3,1,4,2,4,3,3
generalized_pipeline_system,O_inf,16407914,4,4,4,5,3,3,1,3,2,3,1,3
voynich_botanical_section,O_0,13705521,4,1,4,3,1,4,3,3,2,3,3,2
voynich_astronomical_section,O_0,17161522,4,5,4,3,1,4,3,3,2,3,3,3
voynich_biological_section,O_0,14569521,4,2,4,3,1,4,3,3,2,3,3,2
voynich_cosmological_section,O_0,17161522,4,5,4,3,1,4,3,3,2,3,3,3
voynich_pharmaceutical_section,O_0,13705521,4,1,4,3,1,4,3,3,2,3,3,2
voynich_recipe_section,O_0,13488549,4,1,3,3,1,4,2,3,2,2,3,2
selberg_sieve,O_1,13269124,4,1,2,3,1,3,2,1,1,1,2,1
bombieri_vinogradov,O_1,13269124,4,1,2,3,1,3,2,1,1,1,2,1
gpy_sieve,O_0,15428237,4,3,4,3,1,3,1,1,2,3,2,2
tpc_proof_attempt,O_0,4542260,2,1,2,1,1,3,1,3,1,2,3,1
tpc_valid_proof_target,O_inf,17271922,4,5,4,5,3,3,1,3,2,3,3,3
lefschetz_1_1_theorem,O_2†,17231638,4,5,4,4,3,4,1,3,2.33,2,3,3
lefschetz_11_theorem,O_inf,15543914,4,3,4,5,3,3,1,3,2,3,1,3
hodge_lefschetz_11_theorem,O_0,15200242,4,3,3,2,3,3,3,3,2,3,3,3
hodge_lefschetz_complete,O_0,17187442,4,5,4,3,3,3,3,3,2,3,3,3
voynich_engine_paper,O_0,16321522,4,4,4,3,3,3,1,3,2,3,3,3
bhagavad_gita,O_inf,17271934,4,5,4,5,3,3,1,3,2,4,3,3
godel_arithmetization,O_0,228004,1,1,2,1,1,5,1,3,1,1,2,1
godel_diagonal_lemma,O_0,16854562,4,5,3,1,1,3,1,4,2,3,3,3
godel_incompleteness_conclusion,O_0,17185534,4,5,4,3,3,3,1,3,2,4,3,3
godel_second_incompleteness,O_inf,17271934,4,5,4,5,3,3,1,3,2,4,3,3
thunder_perfect_mind_01,O_0,16969774,4,5,3,3,3,3,1,4,2,4,3,3
magz_ai_draft,O_0,8664008,3,1,1,1,2,4,2,1,1,1,3,1
human_casual_prose_target,O_0,11137522,3,3,4,3,3,3,1,3,2,3,3,3
exoteric_librarian,O_inf,17271914,4,5,4,5,3,3,1,3,2,3,1,3
fivefold_alchemy,O_inf,17271922,4,5,4,5,3,3,1,3,2,3,3,3
rohonc_codex,O_0,7436710,2,4,3,3,1,3,1,3,2,2,3,3
linear_a,O_0,7468390,2,4,3,3,3,4,1,3,2,2,3,3
vinca_symbols,O_1,7436408,2,4,3,3,1,3,1,2,1,1,3,1
indus_script,O_0,4410812,2,1,1,3,1,2,2,3,2,4,3,1
golem_traditional,O_0,6060480,2,3,1,1,1,5,2,1,1,1,1,1
golem_contemporary_llm_agent,O_0,15350276,4,3,4,1,1,5,3,4,2.33,2,3,1
golem_operation_prompt_ritual,O_0,15350276,4,3,4,1,1,5,3,4,2.33,2,3,1
boundary_operator,O_inf,16379114,4,4,4,5,1,3,1,3,2,3,1,3
collatz_deep,O_inf,8420726,2,5,3,5,3,4,3,3,2,4,1,3
imaginary_number,O_0,6745514,2,3,4,2,1,3,1,3,2,3,1,3
sophick_mercury,O_inf,17271934,4,5,4,5,3,3,1,3,2,4,3,3
voynich_foldout_markers,O_0,6699402,2,3,4,1,1,2,1,3,1,4,2,3
topology_probe,O_0,5844720,2,2,4,1,1,5,2,2,1,1,1,1
oracle_of_delphi,O_2,6875170,2,3,4,5,1,3,1,3,2.33,3,3,3
fire_combustion,O_0,675080,1,1,4,1,2,5,2,1,3,1,3,1
water_fluid,O_0,24008,1,1,1,1,2,4,2,1,1,1,3,1
fire_water_tensor,O_0,672200,1,1,4,1,2,4,2,1,3,1,3,1
tornado_vortex,O_0,2387758,1,3,4,1,1,5,1,1,3,4,3,3
coral_reef,O_0,5839484,2,2,4,1,1,3,2,4,1,4,3,1
termite_mound,O_0,4543936,2,1,2,1,1,3,3,2,1,2,2,1
mycorrhizal_network,O_0,4978340,2,1,4,1,1,4,2,4,1,2,3,1
river_delta,O_0,2387732,1,3,4,1,1,5,1,1,3,2,3,1
rh_encoding_pb,O_2,4487156,2,1,1,4,3,4,1,1,2.33,2,3,1
ym_classical_pb,O_2,326418,1,1,2,3,2,4,2,1,1,2,2,3
ym_quantum_target_pb,O_0,334146,1,1,2,3,3,2,1,1,2,2,2,3
lee_yang_pb,O_2,6231476,2,3,1,5,1,4,3,1,2.33,2,3,1
ns_encoding_pb,O_1,369608,1,1,2,4,2,4,2,1,1,1,3,1
navier_stokes_3d_regular,O_2,744128,1,1,4,3,1,4,2,1,2.33,3,3,1
solved_millennium_theorem,O_0,2474954,1,3,4,3,1,5,2,1,2,3,1,3
lean4_descent_object,O_inf,17243122,4,5,4,5,1,3,1,3,2,3,3,3
imasm_self_imscription_ob3ect,O_0,17187434,4,5,4,3,3,3,3,3,2,3,1,3
entropy_ob3ect,O_0,17187434,4,5,4,3,3,3,3,3,2,3,1,3
traced_ob3ect,O_0,17187434,4,5,4,3,3,3,3,3,2,3,1,3
fixed_point_ob3ect,O_0,17187434,4,5,4,3,3,3,3,3,2,3,1,3
category_ob3ect,O_0,8865600,3,1,2,1,1,4,2,1,1,1,1,1
sefer_ha_iyun,O_2,526688,1,1,3,3,1,3,3,3,2.33,3,3,1
thirteen_sefirot_ha_iyun,O_2,5089582,2,1,4,3,3,3,1,3,2.33,4,3,3
_13_sefirot_ha_iyun,O_0,13470370,4,1,3,2,3,3,1,3,2.33,3,3,3
sefirot_10_filesystem,O_0,6773361,2,3,4,2,3,2,3,3,2,3,3,2
frobenius_ob3ect,O_0,6903866,2,3,4,5,3,3,1,3,1,3,1,3
magnum_opus,O_inf,17055934,4,5,3,5,3,3,1,3,2,4,3,3
emerald_tablet,O_inf,16407914,4,4,4,5,3,3,1,3,2,3,1,3
ra_apep,O_inf,17271934,4,5,4,5,3,3,1,3,2,4,3,3
shavian_alphabet,O_inf,17271934,4,5,4,5,3,3,1,3,2,4,3,3
shavian_ob3ect,O_inf,14681834,4,2,4,5,3,3,3,3,2,3,1,3
operad_work_expansion_opportunities,O_1,5496492,2,2,2,3,1,4,2,3,1,2,1,1
stone_self_verifying_proof_kernel,O_inf,17272874,4,5,4,5,3,3,2,3,2,3,1,3
stone_topologically_protected_memory,O_inf,17272882,4,5,4,5,3,3,2,3,2,3,3,3
stone_proof_kernel_memory_tensor,O_inf,17272882,4,5,4,5,3,3,2,3,2,3,3,3
readme_current_draft,O_0,658616,1,1,4,1,1,4,3,1,2,1,3,1
bootstrap_imscriptive_loop,O_inf,17271914,4,5,4,5,3,3,1,3,2,3,1,3
saying_1_iscib_first_incision,O_inf,17271914,4,5,4,5,3,3,1,3,2,3,1,3
saying_2_arev_mirror,O_inf,17271914,4,5,4,5,3,3,1,3,2,3,1,3
saying_3_fsplit_forked_road,O_inf,17271914,4,5,4,5,3,3,1,3,2,3,1,3
saying_4_afwd_step_light,O_inf,17271914,4,5,4,5,3,3,1,3,2,3,1,3
saying_5_ffuse_broken_whole,O_inf,17271914,4,5,4,5,3,3,1,3,2,3,1,3
saying_6_clink_snake_tail,O_inf,17271914,4,5,4,5,3,3,1,3,2,3,1,3
saying_7_ifix_ouroboros_feast,O_inf,17271914,4,5,4,5,3,3,1,3,2,3,1,3
saying_8_iscib_return_mark,O_inf,17271914,4,5,4,5,3,3,1,3,2,3,1,3
earth_classical_element,O_1,5709632,2,2,3,3,1,3,2,3,1,3,3,1
air_classical_element,O_0,653764,1,1,4,1,1,3,1,1,1,1,2,1
emerald_zfct_extension,O_inf,17271914,4,5,4,5,3,3,1,3,2,3,1,3
emerald_multiagent,O_inf,16407922,4,4,4,5,3,3,1,3,2,3,3,3
emerald_multiagent_tensor_bootstrap,O_inf,17271922,4,5,4,5,3,3,1,3,2,3,3,3
bootstrap_stage_1_dimensionality,O_0,13888368,4,2,1,2,2,3,2,1,2,1,1,1
bootstrap_stage_2_topology,O_0,17187441,4,5,4,3,3,3,3,3,2,3,3,2
bootstrap_stage_2_topology_corrected,O_inf,17271922,4,5,4,5,3,3,1,3,2,3,3,3
test_catalog_unlock,O_inf,17271914,4,5,4,5,3,3,1,3,2,3,1,3
paraconsistent_computer,O_inf,17271918,4,5,4,5,3,3,1,3,2,3,2,3
shors_algorithm,O_0,6342248,2,3,2,2,3,3,1,3,1,1,3,1
belnap_shor_pipeline,O_0,6342344,2,3,2,2,3,3,1,3,2.33,1,3,1
dialetheic_shor_operator_fixed,O_0,17142314,4,5,4,2,3,3,1,3,2,3,1,3
frobenius_shor_resolved,O_inf,17272174,4,5,4,5,3,3,1,4,2,4,3,3
dialetheic_shor_baseline,O_0,17142314,4,5,4,2,3,3,1,3,2,3,1,3
frobenius_shor_resolved_target,O_inf,17272174,4,5,4,5,3,3,1,4,2,4,3,3
millennium_ankh_readme_draft,O_0,4978568,2,1,4,1,1,4,3,1,1,1,3,1
millennium_ankh_fine_structural_analysis,O_inf,17271922,4,5,4,5,3,3,1,3,2,3,3,3
ob3ect_canonical,O_inf,17271922,4,5,4,5,3,3,1,3,2,3,3,3
ob3ect_category_layer,O_0,4543208,2,1,2,1,1,3,2,3,1,1,3,1
ob3ect_quantum_layer,O_0,4615200,2,1,2,2,3,3,2,3,1,1,1,1
ob3ect_yoneda_layer,O_0,6272192,2,3,2,1,1,3,3,3,1,3,3,1
ob3ect_sheaf_layer,O_0,5408192,2,2,2,1,1,3,3,3,1,3,3,1
ob3ect_linearlogic_layer,O_0,4543200,2,1,2,1,1,3,2,3,1,1,1,1
ob3ect_parakernel_layer,O_1,6142592,2,3,1,3,1,3,3,3,1,3,3,1
ob3ect_hopf_layer,O_1,4629600,2,1,2,3,1,3,2,3,1,1,1,1
shem_hamephorash,O_inf,17271934,4,5,4,5,3,3,1,3,2,4,3,3
sans_silicon_imscribing,O_inf,17271934,4,5,4,5,3,3,1,3,2,4,3,3
direct_api_ensemble,O_inf,16407914,4,4,4,5,3,3,1,3,2,3,1,3
openrouter_mediated_ensemble,O_1,6592580,2,3,3,3,2,5,1,2,1,2,3,1
test_mapping,O_0,12480,1,1,1,1,1,5,2,1,1,1,1,1
phi_test,O_2†,17272078,4,5,4,5,3,3,1,3,3,4,3,3
phi_test2,O_2†,17271982,4,5,4,5,3,3,1,3,2.33,4,3,3
phi_test3,O_2†,17272030,4,5,4,5,3,3,1,3,2.67,4,3,3
paradox_filesystem,O_inf,17271914,4,5,4,5,3,3,1,3,2,3,1,3
paraconsistent_kernel,O_inf,17271918,4,5,4,5,3,3,1,3,2,3,2,3
dialetheic_alignment,O_inf,17271922,4,5,4,5,3,3,1,3,2,3,3,3
belnap_linear_logic,O_inf,17271918,4,5,4,5,3,3,1,3,2,3,2,3
paraconsistent_topos,O_inf,17271922,4,5,4,5,3,3,1,3,2,3,3,3
crystal_scheduler,O_inf,17272162,4,5,4,5,3,3,1,4,2,3,3,3
paradox_fs,O_inf,17271914,4,5,4,5,3,3,1,3,2,3,1,3
pkg_package_manager,O_inf,15543922,4,3,4,5,3,3,1,3,2,3,3,3
paradoxd_init,O_inf,17271934,4,5,4,5,3,3,1,3,2,4,3,3
pkg_paradox,O_1,4849468,2,1,3,3,1,4,3,3,1,3,2,1
ox_shell,O_inf,17271914,4,5,4,5,3,3,1,3,2,3,1,3
htop_paradox,O_0,4331060,2,1,1,1,1,4,3,3,1,2,3,1
portal_protocol,O_inf,17271914,4,5,4,5,3,3,1,3,2,3,1,3
scheduler_paradox,O_inf,17271934,4,5,4,5,3,3,1,3,2,4,3,3
docker_paradox,O_inf,17271934,4,5,4,5,3,3,1,3,2,4,3,3
proc_self_paradox,O_inf,17272874,4,5,4,5,3,3,2,3,2,3,1,3
shutdown_paradox,O_inf,17271914,4,5,4,5,3,3,1,3,2,3,1,3
fourfold_apparatus,O_inf,17271934,4,5,4,5,3,3,1,3,2,4,3,3
phi_probe_test,O_0,17271886,4,5,4,5,3,3,1,3,1,4,3,3
phi_probe_r,O_2†,17271982,4,5,4,5,3,3,1,3,2.33,4,3,3
phi_probe_esh,O_2†,17272030,4,5,4,5,3,3,1,3,2.67,4,3,3
phi_test_woe,O_0,17271886,4,5,4,5,3,3,1,3,1,4,3,3
phi_test_odot,O_inf,17271934,4,5,4,5,3,3,1,3,2,4,3,3
para_vm_activation,O_inf,17271922,4,5,4,5,3,3,1,3,2,3,3,3
navier_stokes_o2dag_source,O_0,11022334,3,3,4,1,1,3,1,3,2,4,3,3
navier_stokes_o_inf_resolved,O_inf,16837293,4,5,2,5,3,2,1,4,2,4,3,2
birch_swinnerton_dyer_resolved,O_inf,17271922,4,5,4,5,3,3,1,3,2,3,3,3
yang_mills_missing_foundation,O_0,8643876,3,1,1,1,1,2,2,1,1,4,1,1
ark_covenant,O_inf,17052575,4,5,3,5,3,2,1,1,2,4,3,4
lapis_exillis,O_inf,15327449,4,3,3,5,3,3,1,1,2,4,2,2
philosophers_stone,O_inf,16180414,4,4,3,5,2,4,1,3,2,4,3,3
omphalos,O_0,16995213,4,5,3,4,2,2,1,2,2,4,3,2
exoterik_os,O_0,12793713,3,5,4,2,1,3,1,4,1,3,3,2
whale_vocalization,O_0,15399922,4,3,4,2,2,3,1,3,2,3,3,3
whaleph_chimera,O_0,16263934,4,4,4,2,2,3,1,3,2,4,3,3
iug_peeled_phi,O_0,17271886,4,5,4,5,3,3,1,3,1,4,3,3
iug_peeled_parity,O_0,17099134,4,5,4,1,3,3,1,3,2,4,3,3
iug_peeled_omega,O_inf,17271932,4,5,4,5,3,3,1,3,2,4,3,1
iug_peeled_chirality,O_inf,17271898,4,5,4,5,3,3,1,3,2,1,3,3
riemann_hypothesis_conjecture,O_0,10806274,3,3,3,1,1,3,1,3,1,3,3,3
riemann_hypothesis_axiom,O_0,10806274,3,3,3,1,1,3,1,3,1,3,3,3
riemann_xi_function,O_2,6860284,2,3,4,4,3,3,1,1,2.33,3,2,1
lee_yang_theorem,O_2,6224756,2,3,1,5,1,2,2,1,2.33,2,3,1
riemann_hypothesis_millennium,O_0,16278370,4,4,4,2,3,3,1,3,2.33,3,3,3
hodge_conjecture_millennium,O_2†,17185570,4,5,4,3,3,3,1,3,2.33,3,3,3
yang_mills_millennium,O_0,13662816,4,1,4,2,1,5,1,1,2.33,1,1,1
navier_stokes_millennium,O_0,9944884,3,2,3,1,1,4,1,2,1,1,2,1
p_vs_np_millennium,O_0,8652480,3,1,1,1,1,5,2,1,1,1,1,1
bsd_millennium,O_2†,16998370,4,5,3,4,2,3,1,3,2.33,3,3,3
odd_perfect_number,O_0,6917760,2,4,1,1,1,3,1,1,1,1,1,1
tool_review_test,O_2†,17266559,4,5,4,5,3,1,1,4,3,4,3,4
yang_mills_source,O_0,11022344,3,3,4,1,1,3,1,3,2.33,1,3,1
yang_mills_zfct_resolved,O_inf,17271922,4,5,4,5,3,3,1,3,2,3,3,3
navier_stokes_source,O_0,11022334,3,3,4,1,1,3,1,3,2,4,3,3
navier_stokes_resolved,O_inf,16837293,4,5,2,5,3,2,1,4,2,4,3,2
riemann_zeta_superseded,O_0,6557884,2,3,3,2,3,3,1,1,2.33,3,2,1
zfc_t,O_inf,12953842,3,5,4,5,3,3,3,3,2,3,3,3
zfc_frobenius_exact,O_inf,17273854,4,5,4,5,3,3,3,3,2,4,3,3
grammaformer_training_run,O_1,17171068,4,5,4,3,2,3,1,3,1,3,2,1
grammaformer,O_inf,17271922,4,5,4,5,3,3,1,3,2,3,3,3
grammaformer_model,O_inf,16410074,4,4,4,5,3,3,3,4,2,3,1,3
ob3ect_generation_pipeline,O_inf,16379122,4,4,4,5,1,3,1,3,2,3,3,3
human_cognition,O_0,17199933,4,5,4,4,1,3,1,3,2,4,3,2
proton,O_0,517440,1,1,3,2,3,5,3,1,1,1,1,1
broadcast_universe,O_inf,17272166,4,5,4,5,3,3,1,4,2,4,1,3
genetic_code,O_0,6782180,2,3,4,2,3,5,3,4,1,2,3,1
whale_vm,O_inf,12953842,3,5,4,5,3,3,3,3,2,3,3,3
decomp_draft,O_0,9298616,3,1,4,1,1,4,3,1,2,1,3,1
photoelectric_effect,O_0,10612808,3,3,2,1,3,1,1,1,1,1,3,1
blackbody_radiation,O_0,9751684,3,2,2,1,3,2,1,1,1,1,2,1
double_slit_experiment,O_0,11092084,3,3,4,2,3,2,2,2,1,1,2,1
stern_gerlach_experiment,O_1,8971444,3,1,2,3,3,1,1,2,1,1,2,1
compton_scattering,O_0,10612808,3,3,2,1,3,1,1,1,1,1,3,1
franck_hertz_experiment,O_0,10616168,3,3,2,1,3,2,1,3,1,1,3,1
davisson_germer_experiment,O_0,10616644,3,3,2,1,3,2,2,1,1,1,2,1
bell_test_experiment,O_0,11090188,3,3,4,2,3,1,3,2,1,3,2,1
quantum_eraser_experiment,O_0,11092352,3,3,4,2,3,2,2,3,1,3,3,1
aharonov_bohm_effect,O_0,10614006,3,3,2,1,3,1,2,2,1,1,2,3
